time_s,target_x_m,target_y_m,target_z_m,sensor_x_m,sensor_y_m,sensor_z_m,distance_m,longitudinal_offset_m,lateral_offset_m,observation_depth_m,regime,length_froude_number,depth_froude_number,wave_attenuation,transition_weight,hydrostatic_pressure_pa,body_dynamic_pressure_pa,free_surface_correction_pressure_pa,wave_pressure_pa,seabed_correction_pressure_pa,dynamic_pressure_pa,total_gauge_pressure_pa
0,-240,0,-35,0,20,-80,245,240,20,80,submarine_no_wave,0.285617396245807,0.255463965424847,0.00468676959879674,0,804145.3,0.257523809059927,0,0,0.199577284310147,0.457101093370073,804145.757101093
0.1,-239.2,0,-35,0,20,-80,244.216379467062,239.2,20,80,submarine_no_wave,0.285617396245807,0.255463965424847,0.00468676959879674,0,804145.3,0.259902920266851,0,0,0.201096688123961,0.460999608390812,804145.760999608
0.2,-238.4,0,-35,0,20,-80,243.432865488619,238.4,20,80,submarine_no_wave,0.285617396245807,0.255463965424847,0.00468676959879674,0,804145.3,0.262310685267641,0,0,0.202629757281838,0.464940442549479,804145.764940443
0.3,-237.6,0,-35,0,20,-80,242.649459096863,237.6,20,80,submarine_no_wave,0.285617396245807,0.255463965424847,0.00468676959879674,0,804145.3,0.264747524082534,0,0,0.204176614006658,0.468924138089191,804145.768924138
0.4,-236.8,0,-35,0,20,-80,241.866161337216,236.8,20,80,submarine_no_wave,0.285617396245807,0.255463965424847,0.00468676959879674,0,804145.3,0.267213863877434,0,0,0.205737381086058,0.472951244963492,804145.772951245
0.5,-236,0,-35,0,20,-80,241.082973268541,236,20,80,submarine_no_wave,0.285617396245807,0.255463965424847,0.00468676959879674,0,804145.3,0.269710139099551,0,0,0.207312181849734,0.477022320949285,804145.777022321
0.6,-235.2,0,-35,0,20,-80,240.299895963357,235.2,20,80,submarine_no_wave,0.285617396245807,0.255463965424847,0.00468676959879674,0,804145.3,0.272236791615799,0,0,0.208901140145426,0.481137931761224,804145.781137932
0.7,-234.4,0,-35,0,20,-80,239.516930508054,234.4,20,80,submarine_no_wave,0.285617396245807,0.255463965424847,0.00468676959879674,0,804145.3,0.274794270853996,0,0,0.210504380313562,0.485298651167558,804145.785298651
0.8,-233.6,0,-35,0,20,-80,238.73407800312,233.6,20,80,submarine_no_wave,0.285617396245807,0.255463965424847,0.00468676959879674,0,804145.3,0.27738303394695,0,0,0.212122027160486,0.489505061107436,804145.789505061
0.9,-232.8,0,-35,0,20,-80,237.951339563365,232.8,20,80,submarine_no_wave,0.285617396245807,0.255463965424847,0.00468676959879674,0,804145.3,0.280003545879461,0,0,0.213754205930218,0.49375775180968,804145.793757752
1,-232,0,-35,0,20,-80,237.168716318152,232,20,80,submarine_no_wave,0.285617396245807,0.255463965424847,0.00468676959879674,0,804145.3,0.282656279638322,0,0,0.215401042274695,0.498057321913017,804145.798057322
1.1,-231.2,0,-35,0,20,-80,236.386209411632,231.2,20,80,submarine_no_wave,0.285617396245807,0.255463965424847,0.00468676959879674,0,804145.3,0.285341716365354,0,0,0.217062662222427,0.502404378587781,804145.802404379
1.2,-230.4,0,-35,0,20,-80,235.603820002987,230.4,20,80,submarine_no_wave,0.285617396245807,0.255463965424847,0.00468676959879674,0,804145.3,0.28806034551357,0,0,0.218739192145514,0.506799537659084,804145.806799538
1.3,-229.6,0,-35,0,20,-80,234.821549266672,229.6,20,80,submarine_no_wave,0.285617396245807,0.255463965424847,0.00468676959879674,0,804145.3,0.290812665006499,0,0,0.220430758724949,0.511243423731447,804145.811243424
1.4,-228.8,0,-35,0,20,-80,234.039398392664,228.8,20,80,submarine_no_wave,0.285617396245807,0.255463965424847,0.00468676959879674,0,804145.3,0.293599181400751,0,0,0.222137488914145,0.515736670314896,804145.81573667
1.5,-228,0,-35,0,20,-80,233.257368586718,228,20,80,submarine_no_wave,0.285617396245807,0.255463965424847,0.00468676959879674,0,804145.3,0.296420410051884,0,0,0.223859509900628,0.520279919952512,804145.82027992
1.6,-227.2,0,-35,0,20,-80,232.475461070626,227.2,20,80,submarine_no_wave,0.285617396245807,0.255463965424847,0.00468676959879674,0,804145.3,0.299276875283637,0,0,0.225596949065806,0.524873824349442,804145.824873824
1.7,-226.4,0,-35,0,20,-80,231.693677082479,226.4,20,80,submarine_no_wave,0.285617396245807,0.255463965424847,0.00468676959879674,0,804145.3,0.302169110560596,0,0,0.227349933942753,0.529519044503349,804145.829519045
1.8,-225.6,0,-35,0,20,-80,230.912017876939,225.6,20,80,submarine_no_wave,0.285617396245807,0.255463965424847,0.00468676959879674,0,804145.3,0.305097658664367,0,0,0.229118592171932,0.534216250836299,804145.834216251
1.9,-224.8,0,-35,0,20,-80,230.130484725514,224.8,20,80,submarine_no_wave,0.285617396245807,0.255463965424847,0.00468676959879674,0,804145.3,0.308063071873309,0,0,0.230903051454769,0.538966123328079,804145.838966123
2,-224,0,-35,0,20,-80,229.349078916834,224,20,80,submarine_no_wave,0.285617396245807,0.255463965424847,0.00468676959879674,0,804145.3,0.311065912145921,0,0,0.232703439505004,0.543769351650926,804145.843769352
2.1,-223.2,0,-35,0,20,-80,228.56780175694,223.2,20,80,submarine_no_wave,0.285617396245807,0.255463965424847,0.00468676959879674,0,804145.3,0.314106751307926,0,0,0.234519883997733,0.54862663530566,804145.848626635
2.2,-222.4,0,-35,0,20,-80,227.786654569577,222.4,20,80,submarine_no_wave,0.285617396245807,0.255463965424847,0.00468676959879674,0,804145.3,0.317186171243149,0,0,0.236352512516049,0.553538683759198,804145.853538684
2.3,-221.6,0,-35,0,20,-80,227.005638696487,221.6,20,80,submarine_no_wave,0.285617396245807,0.255463965424847,0.00468676959879674,0,804145.3,0.320304764088239,0,0,0.238201452495198,0.558506216583438,804145.858506217
2.4,-220.8,0,-35,0,20,-80,226.224755497713,220.8,20,80,submarine_no_wave,0.285617396245807,0.255463965424847,0.00468676959879674,0,804145.3,0.323463132431336,0,0,0.240066831164148,0.563529963595484,804145.863529964
2.5,-220,0,-35,0,20,-80,225.44400635191,220,20,80,submarine_no_wave,0.285617396245807,0.255463965424847,0.00468676959879674,0,804145.3,0.326661889514722,0,0,0.241948775484481,0.568610664999203,804145.868610665
2.6,-219.2,0,-35,0,20,-80,224.663392656659,219.2,20,80,submarine_no_wave,0.285617396245807,0.255463965424847,0.00468676959879674,0,804145.3,0.329901659441566,0,0,0.243847412086499,0.573749071528065,804145.873749072
2.7,-218.4,0,-35,0,20,-80,223.882915828788,218.4,20,80,submarine_no_wave,0.285617396245807,0.255463965424847,0.00468676959879674,0,804145.3,0.333183077386819,0,0,0.245762867202453,0.578945944589271,804145.878945945
2.8,-217.6,0,-35,0,20,-80,223.102577304701,217.6,20,80,submarine_no_wave,0.285617396245807,0.255463965424847,0.00468676959879674,0,804145.3,0.336506789812336,0,0,0.247695266596766,0.584202056409102,804145.884202056
2.9,-216.8,0,-35,0,20,-80,222.322378540713,216.8,20,80,submarine_no_wave,0.285617396245807,0.255463965424847,0.00468676959879674,0,804145.3,0.33987345468632,0,0,0.249644735493161,0.589518190179481,804145.88951819
3,-216,0,-35,0,20,-80,221.54232101339,216,20,80,submarine_no_wave,0.285617396245807,0.255463965424847,0.00468676959879674,0,804145.3,0.343283741707143,0,0,0.251611398498562,0.594895140205705,804145.89489514
3.1,-215.2,0,-35,0,20,-80,220.7624062199,215.2,20,80,submarine_no_wave,0.285617396245807,0.255463965424847,0.00468676959879674,0,804145.3,0.34673833253164,0,0,0.253595379523652,0.600333712055293,804145.900333712
3.2,-214.4,0,-35,0,20,-80,219.982635678364,214.4,20,80,submarine_no_wave,0.285617396245807,0.255463965424847,0.00468676959879674,0,804145.3,0.350237921007952,0,0,0.255596801699974,0.605834722707926,804145.905834723
3.3,-213.6,0,-35,0,20,-80,219.203010928226,213.6,20,80,submarine_no_wave,0.285617396245807,0.255463965424847,0.00468676959879674,0,804145.3,0.353783213412994,0,0,0.257615787293426,0.61139900070642,804145.911399001
3.4,-212.8,0,-35,0,20,-80,218.423533530616,212.8,20,80,submarine_no_wave,0.285617396245807,0.255463965424847,0.00468676959879674,0,804145.3,0.357374928694635,0,0,0.259652457614038,0.617027386308673,804145.917027386
3.5,-212,0,-35,0,20,-80,217.644205068731,212,20,80,submarine_no_wave,0.285617396245807,0.255463965424847,0.00468676959879674,0,804145.3,0.361013798718671,0,0,0.261706932921885,0.622720731640555,804145.922720732
3.6,-211.2,0,-35,0,20,-80,216.865027148224,211.2,20,80,submarine_no_wave,0.285617396245807,0.255463965424847,0.00468676959879674,0,804145.3,0.36470056852066,0,0,0.263779332328985,0.628479900849646,804145.928479901
3.7,-210.4,0,-35,0,20,-80,216.086001397592,210.4,20,80,submarine_no_wave,0.285617396245807,0.255463965424847,0.00468676959879674,0,804145.3,0.36843599656273,0,0,0.265869773697056,0.634305770259786,804145.93430577
3.8,-209.6,0,-35,0,20,-80,215.30712946858,209.6,20,80,submarine_no_wave,0.285617396245807,0.255463965424847,0.00468676959879674,0,804145.3,0.372220854995403,0,0,0.267978373530955,0.640199228526358,804145.940199229
3.9,-208.8,0,-35,0,20,-80,214.528413036595,208.8,20,80,submarine_no_wave,0.285617396245807,0.255463965424847,0.00468676959879674,0,804145.3,0.376055929924556,0,0,0.270105246867662,0.646161176792218,804145.946161177
4,-208,0,-35,0,20,-80,213.74985380112,208,20,80,submarine_no_wave,0.285617396245807,0.255463965424847,0.00468676959879674,0,804145.3,0.379942021683574,0,0,0.272250507160636,0.652192528844211,804145.952192529
4.1,-207.2,0,-35,0,20,-80,212.971453486142,207.2,20,80,submarine_no_wave,0.285617396245807,0.255463965424847,0.00468676959879674,0,804145.3,0.383879945110792,0,0,0.274414266159372,0.658294211270165,804145.958294211
4.2,-206.4,0,-35,0,20,-80,212.193213840594,206.4,20,80,submarine_no_wave,0.285617396245807,0.255463965424847,0.00468676959879674,0,804145.3,0.387870529832297,0,0,0.276596633783998,0.664467163616294,804145.964467164
4.3,-205.6,0,-35,0,20,-80,211.415136638794,205.6,20,80,submarine_no_wave,0.285617396245807,0.255463965424847,0.00468676959879674,0,804145.3,0.391914620550183,0,0,0.278797717994711,0.670712338544894,804145.970712339
4.4,-204.8,0,-35,0,20,-80,210.637223680906,204.8,20,80,submarine_no_wave,0.285617396245807,0.255463965424847,0.00468676959879674,0,804145.3,0.396013077336335,0,0,0.281017624655892,0.677030701992227,804145.977030702
4.5,-204,0,-35,0,20,-80,209.859476793401,204,20,80,submarine_no_wave,0.285617396245807,0.255463965424847,0.00468676959879674,0,804145.3,0.400166775931818,0,0,0.283256457394679,0.683423233326496,804145.983423233
4.6,-203.2,0,-35,0,20,-80,209.081897829535,203.2,20,80,submarine_no_wave,0.285617396245807,0.255463965424847,0.00468676959879674,0,804145.3,0.404376608051953,0,0,0.285514317453821,0.689890925505774,804145.989890926
4.7,-202.4,0,-35,0,20,-80,208.304488669832,202.4,20,80,submarine_no_wave,0.285617396245807,0.255463965424847,0.00468676959879674,0,804145.3,0.408643481697167,0,0,0.287791303538601,0.696434785235768,804145.996434785
4.8,-201.6,0,-35,0,20,-80,207.52725122258,201.6,20,80,submarine_no_wave,0.285617396245807,0.255463965424847,0.00468676959879674,0,804145.3,0.41296832146968,0,0,0.290087511657603,0.703055833127282,804146.003055833
4.9,-200.8,0,-35,0,20,-80,206.750187424341,200.8,20,80,submarine_no_wave,0.285617396245807,0.255463965424847,0.00468676959879674,0,804145.3,0.417352068896109,0,0,0.292403034957122,0.709755103853232,804146.009755104
5,-200,0,-35,0,20,-80,205.97329924046,200,20,80,submarine_no_wave,0.285617396245807,0.255463965424847,0.00468676959879674,0,804145.3,0.421795682756077,0,0,0.29473796354898,0.716533646305057,804146.016533646
5.1,-199.2,0,-35,0,20,-80,205.196588665601,199.2,20,80,submarine_no_wave,0.285617396245807,0.255463965424847,0.00468676959879674,0,804145.3,0.426300139416866,0,0,0.297092384331507,0.723392523748373,804146.023392524
5.2,-198.4,0,-35,0,20,-80,204.420057724285,198.4,20,80,submarine_no_wave,0.285617396245807,0.255463965424847,0.00468676959879674,0,804145.3,0.430866433174229,0,0,0.299466380803458,0.730332813977686,804146.030332814
5.3,-197.6,0,-35,0,20,-80,203.643708471438,197.6,20,80,submarine_no_wave,0.285617396245807,0.255463965424847,0.00468676959879674,0,804145.3,0.435495576599378,0,0,0.301860032870604,0.737355609469982,804146.037355609
5.4,-196.8,0,-35,0,20,-80,202.867542992959,196.8,20,80,submarine_no_wave,0.285617396245807,0.255463965424847,0.00468676959879674,0,804145.3,0.440188600892256,0,0,0.304273416644744,0.744462017537,804146.044462018
5.5,-196,0,-35,0,20,-80,202.091563406294,196,20,80,submarine_no_wave,0.285617396245807,0.255463965424847,0.00468676959879674,0,804145.3,0.444946556241124,0,0,0.306706604234866,0.75165316047599,804146.05165316
5.6,-195.2,0,-35,0,20,-80,201.315771861024,195.2,20,80,submarine_no_wave,0.285617396245807,0.255463965424847,0.00468676959879674,0,804145.3,0.449770512188536,0,0,0.309159663530181,0.758930175718717,804146.058930176
5.7,-194.4,0,-35,0,20,-80,200.540170539471,194.4,20,80,submarine_no_wave,0.285617396245807,0.255463965424847,0.00468676959879674,0,804145.3,0.454661558003745,0,0,0.311632657974754,0.766294215978499,804146.066294216
5.8,-193.6,0,-35,0,20,-80,199.764761657305,193.6,20,80,submarine_no_wave,0.285617396245807,0.255463965424847,0.00468676959879674,0,804145.3,0.459620803061602,0,0,0.314125646333413,0.773746449395015,804146.073746449
5.9,-192.8,0,-35,0,20,-80,198.989547464182,192.8,20,80,submarine_no_wave,0.285617396245807,0.255463965424847,0.00468676959879674,0,804145.3,0.464649377227973,0,0,0.316638682448667,0.781288059676641,804146.08128806
6,-192,0,-35,0,20,-80,198.214530244379,192,20,80,submarine_no_wave,0.285617396245807,0.255463965424847,0.00468676959879674,0,804145.3,0.469748431251736,0,0,0.319171814988283,0.788920246240019,804146.088920246
6.1,-191.2,0,-35,0,20,-80,197.439712317457,191.2,20,80,submarine_no_wave,0.285617396245807,0.255463965424847,0.00468676959879674,0,804145.3,0.474919137163367,0,0,0.321725087183219,0.796644224346586,804146.096644224
6.2,-190.4,0,-35,0,20,-80,196.665096038926,190.4,20,80,submarine_no_wave,0.285617396245807,0.255463965424847,0.00468676959879674,0,804145.3,0.48016268868016,0,0,0.324298536555574,0.804461225235735,804146.104461225
6.3,-189.6,0,-35,0,20,-80,195.89068380094,189.6,20,80,submarine_no_wave,0.285617396245807,0.255463965424847,0.00468676959879674,0,804145.3,0.485480301618093,0,0,0.326892194636209,0.812372496254302,804146.112372496
6.4,-188.8,0,-35,0,20,-80,195.116478032994,188.8,20,80,submarine_no_wave,0.285617396245807,0.255463965424847,0.00468676959879674,0,804145.3,0.490873214310346,0,0,0.329506086671673,0.820379300982019,804146.120379301
6.5,-188,0,-35,0,20,-80,194.342481202644,188,20,80,submarine_no_wave,0.285617396245807,0.255463965424847,0.00468676959879674,0,804145.3,0.496342688032491,0,0,0.332140231320081,0.828482919352572,804146.128482919
6.6,-187.2,0,-35,0,20,-80,193.56869581624,187.2,20,80,submarine_no_wave,0.285617396245807,0.255463965424847,0.00468676959879674,0,804145.3,0.501890007434327,0,0,0.33479464033556,0.836684647769887,804146.136684648
6.7,-186.4,0,-35,0,20,-80,192.79512441968,186.4,20,80,submarine_no_wave,0.285617396245807,0.255463965424847,0.00468676959879674,0,804145.3,0.507516480978366,0,0,0.337469318240858,0.844985799219224,804146.144985799
6.8,-185.6,0,-35,0,20,-80,192.021769599179,185.6,20,80,submarine_no_wave,0.285617396245807,0.255463965424847,0.00468676959879674,0,804145.3,0.513223441384929,0,0,0.340164261987739,0.853387703372668,804146.153387703
6.9,-184.8,0,-35,0,20,-80,191.24863398205,184.8,20,80,submarine_no_wave,0.285617396245807,0.255463965424847,0.00468676959879674,0,804145.3,0.519012246083822,0,0,0.342879460604717,0.861891706688539,804146.161891707
7,-184,0,-35,0,20,-80,190.475720237515,184,20,80,submarine_no_wave,0.285617396245807,0.255463965424847,0.00468676959879674,0,804145.3,0.524884277672541,0,0,0.345614894831726,0.870499172504267,804146.170499173
7.1,-183.2,0,-35,0,20,-80,189.703031077524,183.2,20,80,submarine_no_wave,0.285617396245807,0.255463965424847,0.00468676959879674,0,804145.3,0.53084094438094,0,0,0.348370536741272,0.879211481122212,804146.179211481
7.2,-182.4,0,-35,0,20,-80,188.930569257598,182.4,20,80,submarine_no_wave,0.285617396245807,0.255463965424847,0.00468676959879674,0,804145.3,0.536883680542292,0,0,0.351146349345605,0.888030029887897,804146.18803003
7.3,-181.6,0,-35,0,20,-80,188.15833757769,181.6,20,80,submarine_no_wave,0.285617396245807,0.255463965424847,0.00468676959879674,0,804145.3,0.543013947070643,0,0,0.353942286189464,0.896956233260107,804146.196956233
7.4,-180.8,0,-35,0,20,-80,187.386338883068,180.8,20,80,submarine_no_wave,0.285617396245807,0.255463965424847,0.00468676959879674,0,804145.3,0.549233231944347,0,0,0.356758290927885,0.905991522872233,804146.205991523
7.5,-180,0,-35,0,20,-80,186.614576065215,180,20,80,submarine_no_wave,0.285617396245807,0.255463965424847,0.00468676959879674,0,804145.3,0.55554305069567,0,0,0.359594296888591,0.915137347584261,804146.215137348
7.6,-179.2,0,-35,0,20,-80,185.843052062755,179.2,20,80,submarine_no_wave,0.285617396245807,0.255463965424847,0.00468676959879674,0,804145.3,0.56194494690629,0,0,0.362450226618449,0.92439517352474,804146.224395174
7.7,-178.4,0,-35,0,20,-80,185.071769862397,178.4,20,80,submarine_no_wave,0.285617396245807,0.255463965424847,0.00468676959879674,0,804145.3,0.56844049270855,0,0,0.365325991413467,0.933766484122017,804146.233766484
7.8,-177.6,0,-35,0,20,-80,184.300732499901,177.6,20,80,submarine_no_wave,0.285617396245807,0.255463965424847,0.00468676959879674,0,804145.3,0.575031289292255,0,0,0.36822149083178,0.943252780124035,804146.24325278
7.9,-176.8,0,-35,0,20,-80,183.529943061071,176.8,20,80,submarine_no_wave,0.285617396245807,0.255463965424847,0.00468676959879674,0,804145.3,0.581718967416807,0,0,0.371136612189079,0.952855579605886,804146.25285558
8,-176,0,-35,0,20,-80,182.759404682769,176,20,80,submarine_no_wave,0.285617396245807,0.255463965424847,0.00468676959879674,0,804145.3,0.588505187928437,0,0,0.374071230035902,0.962576417964339,804146.262576418
8.1,-175.2,0,-35,0,20,-80,181.98912055395,175.2,20,80,submarine_no_wave,0.285617396245807,0.255463965424847,0.00468676959879674,0,804145.3,0.59539164228226,0,0,0.377025205616199,0.972416847898459,804146.272416848
8.2,-174.4,0,-35,0,20,-80,181.219093916728,174.4,20,80,submarine_no_wave,0.285617396245807,0.255463965424847,0.00468676959879674,0,804145.3,0.602380053068853,0,0,0.379998386306561,0.982378439375414,804146.282378439
8.3,-173.6,0,-35,0,20,-80,180.449328067466,173.6,20,80,submarine_no_wave,0.285617396245807,0.255463965424847,0.00468676959879674,0,804145.3,0.609472174545041,0,0,0.382990605035493,0.992462779580534,804146.29246278
8.4,-172.8,0,-35,0,20,-80,179.679826357886,172.8,20,80,submarine_no_wave,0.285617396245807,0.255463965424847,0.00468676959879674,0,804145.3,0.616669793168496,0,0,0.386001679682091,1.00267147285059,804146.302671473
8.5,-172,0,-35,0,20,-80,178.910592196214,172,20,80,submarine_no_wave,0.285617396245807,0.255463965424847,0.00468676959879674,0,804145.3,0.623974728135782,0,0,0.389031412453459,1.01300614058924,804146.313006141
8.6,-171.2,0,-35,0,20,-80,178.14162904835,171.2,20,80,submarine_no_wave,0.285617396245807,0.255463965424847,0.00468676959879674,0,804145.3,0.631388831923374,0,0,0.392079589240208,1.02346842116358,804146.323468421
8.7,-170.4,0,-35,0,20,-80,177.372940439065,170.4,20,80,submarine_no_wave,0.285617396245807,0.255463965424847,0.00468676959879674,0,804145.3,0.638913990831183,0,0,0.395145978949309,1.03405996978049,804146.33405997
8.8,-169.6,0,-35,0,20,-80,176.604529953226,169.6,20,80,submarine_no_wave,0.285617396245807,0.255463965424847,0.00468676959879674,0,804145.3,0.646552125528061,0,0,0.398230332813641,1.0447824583417,804146.344782458
8.9,-168.8,0,-35,0,20,-80,175.836401237059,168.8,20,80,submarine_no_wave,0.285617396245807,0.255463965424847,0.00468676959879674,0,804145.3,0.65430519159869,0,0,0.401332383677449,1.05563757527614,804146.355637575
9,-168,0,-35,0,20,-80,175.068557999431,168,20,80,submarine_no_wave,0.285617396245807,0.255463965424847,0.00468676959879674,0,804145.3,0.662175180091251,0,0,0.404451845257014,1.06662702534827,804146.366627025
9.1,-167.2,0,-35,0,20,-80,174.301004013173,167.2,20,80,submarine_no_wave,0.285617396245807,0.255463965424847,0.00468676959879674,0,804145.3,0.670164118065169,0,0,0.407588411375733,1.0777525294409,804146.377752529
9.2,-166.4,0,-35,0,20,-80,173.533743116433,166.4,20,80,submarine_no_wave,0.285617396245807,0.255463965424847,0.00468676959879674,0,804145.3,0.678274069138191,0,0,0.410741755172847,1.08901582431104,804146.389015824
9.3,-165.6,0,-35,0,20,-80,172.766779214061,165.6,20,80,submarine_no_wave,0.285617396245807,0.255463965424847,0.00468676959879674,0,804145.3,0.686507134032014,0,0,0.41391152828501,1.10041866231702,804146.400418662
9.4,-164.8,0,-35,0,20,-80,172.00011627903,164.8,20,80,submarine_no_wave,0.285617396245807,0.255463965424847,0.00468676959879674,0,804145.3,0.69486545111555,0,0,0.417097359999869,1.11196281111542,804146.411962811
9.5,-164,0,-35,0,20,-80,171.233758353895,164,20,80,submarine_no_wave,0.285617396245807,0.255463965424847,0.00468676959879674,0,804145.3,0.703351196944916,0,0,0.420298856380834,1.12365005332575,804146.423650053
9.6,-163.2,0,-35,0,20,-80,170.467709552279,163.2,20,80,submarine_no_wave,0.285617396245807,0.255463965424847,0.00468676959879674,0,804145.3,0.711966586799112,0,0,0.423515599362155,1.13548218616127,804146.435482186
9.7,-162.4,0,-35,0,20,-80,169.70197406041,162.4,20,80,submarine_no_wave,0.285617396245807,0.255463965424847,0.00468676959879674,0,804145.3,0.720713875210269,0,0,0.426747145813458,1.14746102102373,804146.447461021
9.8,-161.6,0,-35,0,20,-80,168.936556138688,161.6,20,80,submarine_no_wave,0.285617396245807,0.255463965424847,0.00468676959879674,0,804145.3,0.729595356487303,0,0,0.429993026572825,1.15958838306013,804146.459588383
9.9,-160.8,0,-35,0,20,-80,168.171460123292,160.8,20,80,submarine_no_wave,0.285617396245807,0.255463965424847,0.00468676959879674,0,804145.3,0.738613365231657,0,0,0.43325274544751,1.17186611067917,804146.471866111
10,-160,0,-35,0,20,-80,167.406690427832,160,20,80,submarine_no_wave,0.285617396245807,0.255463965424847,0.00468676959879674,0,804145.3,0.747770276843761,0,0,0.436525778181375,1.18429605502514,804146.484296055
10.1,-159.2,0,-35,0,20,-80,166.642251545039,159.2,20,80,submarine_no_wave,0.285617396245807,0.255463965424847,0.00468676959879674,0,804145.3,0.757068508018722,0,0,0.439811571388072,1.19688007940679,804146.49688008
10.2,-158.4,0,-35,0,20,-80,165.8781480485,158.4,20,80,submarine_no_wave,0.285617396245807,0.255463965424847,0.00468676959879674,0,804145.3,0.766510517229604,0,0,0.443109541449036,1.20962005867864,804146.509620059
10.3,-157.6,0,-35,0,20,-80,165.114384594438,157.6,20,80,submarine_no_wave,0.285617396245807,0.255463965424847,0.00468676959879674,0,804145.3,0.776098805196624,0,0,0.446419073375286,1.22251787857191,804146.522517879
10.4,-156.8,0,-35,0,20,-80,164.350965923538,156.8,20,80,submarine_no_wave,0.285617396245807,0.255463965424847,0.00468676959879674,0,804145.3,0.785835915340336,0,0,0.449739519632047,1.23557543497238,804146.535575435
10.5,-156,0,-35,0,20,-80,163.587896862818,156,20,80,submarine_no_wave,0.285617396245807,0.255463965424847,0.00468676959879674,0,804145.3,0.795724434216875,0,0,0.453070198925179,1.24879463314205,804146.548794633
10.6,-155.2,0,-35,0,20,-80,162.82518232755,155.2,20,80,submarine_no_wave,0.285617396245807,0.255463965424847,0.00468676959879674,0,804145.3,0.805766991933064,0,0,0.456410394948393,1.26217738688146,804146.562177387
10.7,-154.4,0,-35,0,20,-80,162.062827323233,154.4,20,80,submarine_no_wave,0.285617396245807,0.255463965424847,0.00468676959879674,0,804145.3,0.815966262539114,0,0,0.459759355090197,1.27572561762931,804146.575725618
10.8,-153.6,0,-35,0,20,-80,161.300836947612,153.6,20,80,submarine_no_wave,0.285617396245807,0.255463965424847,0.00468676959879674,0,804145.3,0.826324964396435,0,0,0.463116289099538,1.28944125349597,804146.589441254
10.9,-152.8,0,-35,0,20,-80,160.539216392756,152.8,20,80,submarine_no_wave,0.285617396245807,0.255463965424847,0.00468676959879674,0,804145.3,0.836845860517917,0,0,0.466480367709067,1.30332622822698,804146.603326228
11,-152,0,-35,0,20,-80,159.777970947187,152,20,80,submarine_no_wave,0.285617396245807,0.255463965424847,0.00468676959879674,0,804145.3,0.847531758877838,0,0,0.46985072121495,1.31738248009279,804146.61738248
11.1,-151.2,0,-35,0,20,-80,159.017105998065,151.2,20,80,submarine_no_wave,0.285617396245807,0.255463965424847,0.00468676959879674,0,804145.3,0.858385512688376,0,0,0.473226438012148,1.33161195070052,804146.631611951
11.2,-150.4,0,-35,0,20,-80,158.256627033436,150.4,20,80,submarine_no_wave,0.285617396245807,0.255463965424847,0.00468676959879674,0,804145.3,0.869410020639439,0,0,0.476606563084069,1.34601658372351,804146.646016584
11.3,-149.6,0,-35,0,20,-80,157.496539644527,149.6,20,80,submarine_no_wave,0.285617396245807,0.255463965424847,0.00468676959879674,0,804145.3,0.880608227098373,0,0,0.479990096445501,1.36059832354387,804146.660598324
11.4,-148.8,0,-35,0,20,-80,156.736849528118,148.8,20,80,submarine_no_wave,0.285617396245807,0.255463965424847,0.00468676959879674,0,804145.3,0.891983122265772,0,0,0.483375991537727,1.3753591138035,804146.675359114
11.5,-148,0,-35,0,20,-80,155.977562488968,148,20,80,submarine_no_wave,0.285617396245807,0.255463965424847,0.00468676959879674,0,804145.3,0.903537742283438,0,0,0.486763153574705,1.39030089585814,804146.690300896
11.6,-147.2,0,-35,0,20,-80,155.218684442305,147.2,20,80,submarine_no_wave,0.285617396245807,0.255463965424847,0.00468676959879674,0,804145.3,0.915275169290194,0,0,0.490150437839239,1.40542560712943,804146.705425607
11.7,-146.4,0,-35,0,20,-80,154.460221416389,146.4,20,80,submarine_no_wave,0.285617396245807,0.255463965424847,0.00468676959879674,0,804145.3,0.927198531421016,0,0,0.493536647928011,1.42073517934903,804146.720735179
11.8,-145.6,0,-35,0,20,-80,153.702179555138,145.6,20,80,submarine_no_wave,0.285617396245807,0.255463965424847,0.00468676959879674,0,804145.3,0.939311002744576,0,0,0.496920533944412,1.43623153668899,804146.736231537
11.9,-144.8,0,-35,0,20,-80,152.944565120831,144.8,20,80,submarine_no_wave,0.285617396245807,0.255463965424847,0.00468676959879674,0,804145.3,0.951615803134002,0,0,0.500300790638067,1.45191659377207,804146.751916594
12,-144,0,-35,0,20,-80,152.187384496876,144,20,80,submarine_no_wave,0.285617396245807,0.255463965424847,0.00468676959879674,0,804145.3,0.964116198065289,0,0,0.503676055489987,1.46779225355528,804146.767792254
12.1,-143.2,0,-35,0,20,-80,151.430644190666,143.2,20,80,submarine_no_wave,0.285617396245807,0.255463965424847,0.00468676959879674,0,804145.3,0.976815498337388,0,0,0.507044906742302,1.48386040507969,804146.783860405
12.2,-142.4,0,-35,0,20,-80,150.674350836498,142.4,20,80,submarine_no_wave,0.285617396245807,0.255463965424847,0.00468676959879674,0,804145.3,0.989717059707643,0,0,0.510405861371525,1.50012292107917,804146.800122921
12.3,-141.6,0,-35,0,20,-80,149.918511198584,141.6,20,80,submarine_no_wave,0.285617396245807,0.255463965424847,0.00468676959879674,0,804145.3,1.00282428243578,0,0,0.513757373004341,1.51658165544012,804146.816581656
12.4,-140.8,0,-35,0,20,-80,149.16313217414,140.8,20,80,submarine_no_wave,0.285617396245807,0.255463965424847,0.00468676959879674,0,804145.3,1.01614061072922,0,0,0.517097829774934,1.53323844050416,804146.833238441
12.5,-140,0,-35,0,20,-80,148.408220796558,140,20,80,submarine_no_wave,0.285617396245807,0.255463965424847,0.00468676959879674,0,804145.3,1.02966953208195,0,0,0.520425552122903,1.55009508420485,804146.850095084
12.6,-139.2,0,-35,0,20,-80,147.653784238671,139.2,20,80,submarine_no_wave,0.285617396245807,0.255463965424847,0.00468676959879674,0,804145.3,1.04341457649874,0,0,0.523738790530838,1.56715336702958,804146.867153367
12.7,-138.4,0,-35,0,20,-80,146.899829816103,138.4,20,80,submarine_no_wave,0.285617396245807,0.255463965424847,0.00468676959879674,0,804145.3,1.05737931559595,0,0,0.527035723200711,1.58441503879666,804146.884415039
12.8,-137.6,0,-35,0,20,-80,146.146364990717,137.6,20,80,submarine_no_wave,0.285617396245807,0.255463965424847,0.00468676959879674,0,804145.3,1.07156736156938,0,0,0.530314453668229,1.6018818152376,804146.901881815
12.9,-136.8,0,-35,0,20,-80,145.393397374159,136.8,20,80,submarine_no_wave,0.285617396245807,0.255463965424847,0.00468676959879674,0,804145.3,1.08598236601938,0,0,0.533573008354414,1.61955537437379,804146.919555374
13,-136,0,-35,0,20,-80,144.640934731493,136,20,80,submarine_no_wave,0.285617396245807,0.255463965424847,0.00468676959879674,0,804145.3,1.10062801862236,0,0,0.536809334053678,1.63743735267603,804146.937437353
13.1,-135.2,0,-35,0,20,-80,143.888984984953,135.2,20,80,submarine_no_wave,0.285617396245807,0.255463965424847,0.00468676959879674,0,804145.3,1.11550804563741,0,0,0.54002129535779,1.6555293409952,804146.955529341
13.2,-134.4,0,-35,0,20,-80,143.137556217787,134.4,20,80,submarine_no_wave,0.285617396245807,0.255463965424847,0.00468676959879674,0,804145.3,1.13062620823592,0,0,0.543206672015153,1.67383288025108,804146.97383288
13.3,-133.6,0,-35,0,20,-80,142.386656678215,133.6,20,80,submarine_no_wave,0.285617396245807,0.255463965424847,0.00468676959879674,0,804145.3,1.14598630064118,0,0,0.546363156224947,1.69234945686613,804146.992349457
13.4,-132.8,0,-35,0,20,-80,141.636294783505,132.8,20,80,submarine_no_wave,0.285617396245807,0.255463965424847,0.00468676959879674,0,804145.3,1.1615921480643,0,0,0.549488349865758,1.71108049793005,804147.011080498
13.5,-132,0,-35,0,20,-80,140.886479124152,132,20,80,submarine_no_wave,0.285617396245807,0.255463965424847,0.00468676959879674,0,804145.3,1.17744760442168,0,0,0.552579761658424,1.7300273660801,804147.030027366
13.6,-131.2,0,-35,0,20,-80,140.137218468186,131.2,20,80,submarine_no_wave,0.285617396245807,0.255463965424847,0.00468676959879674,0,804145.3,1.19355654981851,0,0,0.555634804262952,1.74919135408146,804147.049191354
13.7,-130.4,0,-35,0,20,-80,139.388521765603,130.4,20,80,submarine_no_wave,0.285617396245807,0.255463965424847,0.00468676959879674,0,804145.3,1.20992288778152,0,0,0.558650791309499,1.76857367909102,804147.068573679
13.8,-129.6,0,-35,0,20,-80,138.640398152919,129.6,20,80,submarine_no_wave,0.285617396245807,0.255463965424847,0.00468676959879674,0,804145.3,1.22655054222331,0,0,0.5616249343635,1.78817547658681,804147.088175477
13.9,-128.8,0,-35,0,20,-80,137.892856957857,128.8,20,80,submarine_no_wave,0.285617396245807,0.255463965424847,0.00468676959879674,0,804145.3,1.24344345411944,0,0,0.56455433982526,1.8079977939447,804147.107997794
14,-128,0,-35,0,20,-80,137.145907704167,128,20,80,submarine_no_wave,0.285617396245807,0.255463965424847,0.00468676959879674,0,804145.3,1.26060557787807,0,0,0.567436005764398,1.82804158364246,804147.128041584
14.1,-127.2,0,-35,0,20,-80,136.399560116593,127.2,20,80,submarine_no_wave,0.285617396245807,0.255463965424847,0.00468676959879674,0,804145.3,1.27804087738084,0,0,0.570266818689793,1.84830769607063,804147.148307696
14.2,-126.4,0,-35,0,20,-80,135.653824125971,126.4,20,80,submarine_no_wave,0.285617396245807,0.255463965424847,0.00468676959879674,0,804145.3,1.29575332167219,0,0,0.573043550255809,1.868796871928,804147.168796872
14.3,-125.6,0,-35,0,20,-80,134.908709874493,125.6,20,80,submarine_no_wave,0.285617396245807,0.255463965424847,0.00468676959879674,0,804145.3,1.31374688027287,0,0,0.575762853905847,1.88950973417872,804147.189509734
14.4,-124.8,0,-35,0,20,-80,134.164227721103,124.8,20,80,submarine_no_wave,0.285617396245807,0.255463965424847,0.00468676959879674,0,804145.3,1.33202551809192,0,0,0.578421261454441,1.91044677954637,804147.21044678
14.5,-124,0,-35,0,20,-80,133.420388247074,124,20,80,submarine_no_wave,0.285617396245807,0.255463965424847,0.00468676959879674,0,804145.3,1.35059318990965,0,0,0.581015179609413,1.93160836951907,804147.23160837
14.6,-123.2,0,-35,0,20,-80,132.67720226173,123.2,20,80,submarine_no_wave,0.285617396245807,0.255463965424847,0.00468676959879674,0,804145.3,1.36945383440243,0,0,0.583540886435811,1.95299472083824,804147.252994721
14.7,-122.4,0,-35,0,20,-80,131.934680808345,122.4,20,80,submarine_no_wave,0.285617396245807,0.255463965424847,0.00468676959879674,0,804145.3,1.38861136767834,0,0,0.585994527763698,1.97460589544204,804147.274605896
14.8,-121.6,0,-35,0,20,-80,131.192835170218,121.6,20,80,submarine_no_wave,0.285617396245807,0.255463965424847,0.00468676959879674,0,804145.3,1.4080696762907,0,0,0.588372113542101,1.99644178983281,804147.29644179
14.9,-120.8,0,-35,0,20,-80,130.451676876919,120.8,20,80,submarine_no_wave,0.285617396245807,0.255463965424847,0.00468676959879674,0,804145.3,1.42783260969434,0,0,0.590669514141818,2.01850212383616,804147.318502124
15,-120,0,-35,0,20,-80,129.711217710728,120,20,80,submarine_no_wave,0.285617396245807,0.255463965424847,0.00468676959879674,0,804145.3,1.44790397210737,0,0,0.592882456610067,2.04078642871743,804147.340786429
15.1,-119.2,0,-35,0,20,-80,128.971469713266,119.2,20,80,submarine_no_wave,0.285617396245807,0.255463965424847,0.00468676959879674,0,804145.3,1.46828751373897,0,0,0.595006520880391,2.06329403461936,804147.363294035
15.2,-118.4,0,-35,0,20,-80,128.232445192315,118.4,20,80,submarine_no_wave,0.285617396245807,0.255463965424847,0.00468676959879674,0,804145.3,1.48898692134098,0,0,0.597037135941602,2.08602405728258,804147.386024057
15.3,-117.6,0,-35,0,20,-80,127.494156728848,117.6,20,80,submarine_no_wave,0.285617396245807,0.255463965424847,0.00468676959879674,0,804145.3,1.51000580803866,0,0,0.598969575969971,2.10897538400863,804147.408975384
15.4,-116.8,0,-35,0,20,-80,126.756617184272,116.8,20,80,submarine_no_wave,0.285617396245807,0.255463965424847,0.00468676959879674,0,804145.3,1.53134770239317,0,0,0.600798956429341,2.13214665882251,804147.432146659
15.5,-116,0,-35,0,20,-80,126.019839707881,116,20,80,submarine_no_wave,0.285617396245807,0.255463965424847,0.00468676959879674,0,804145.3,1.55301603664533,0,0,0.602520230144312,2.15553626678965,804147.455536267
15.6,-115.2,0,-35,0,20,-80,125.283837744539,115.2,20,80,submarine_no_wave,0.285617396245807,0.255463965424847,0.00468676959879674,0,804145.3,1.57501413408729,0,0,0.604128183352175,2.17914231743946,804147.479142317
15.7,-114.4,0,-35,0,20,-80,124.548625042591,114.4,20,80,submarine_no_wave,0.285617396245807,0.255463965424847,0.00468676959879674,0,804145.3,1.59734519550507,0,0,0.60561743173978,2.20296262724485,804147.502962627
15.8,-113.6,0,-35,0,20,-80,123.814215662015,113.6,20,80,submarine_no_wave,0.285617396245807,0.255463965424847,0.00468676959879674,0,804145.3,1.62001228463213,0,0,0.606982416472168,2.2269947011043,804147.526994701
15.9,-112.8,0,-35,0,20,-80,123.080623982819,112.8,20,80,submarine_no_wave,0.285617396245807,0.255463965424847,0.00468676959879674,0,804145.3,1.64301831254963,0,0,0.608217400220338,2.25123571276997,804147.551235713
16,-112,0,-35,0,20,-80,122.347864713692,112,20,80,submarine_no_wave,0.285617396245807,0.255463965424847,0.00468676959879674,0,804145.3,1.66636602096596,0,0,0.609316463196223,2.27568248416218,804147.575682484
16.1,-111.2,0,-35,0,20,-80,121.615952900925,111.2,20,80,submarine_no_wave,0.285617396245807,0.255463965424847,0.00468676959879674,0,804145.3,1.69005796430355,0,0,0.610273499203608,2.30033146350716,804147.600331464
16.2,-110.4,0,-35,0,20,-80,120.884903937589,110.4,20,80,submarine_no_wave,0.285617396245807,0.255463965424847,0.00468676959879674,0,804145.3,1.71409649051684,0,0,0.611082211714461,2.3251787022313,804147.625178702
16.3,-109.6,0,-35,0,20,-80,120.154733573006,109.6,20,80,submarine_no_wave,0.285617396245807,0.255463965424847,0.00468676959879674,0,804145.3,1.73848372056082,0,0,0.611736109980896,2.35021983054172,804147.650219831
16.4,-108.8,0,-35,0,20,-80,119.425457922505,108.8,20,80,submarine_no_wave,0.285617396245807,0.255463965424847,0.00468676959879674,0,804145.3,1.7632215264246,0,0,0.612228505193828,2.37545003161843,804147.675450032
16.5,-108,0,-35,0,20,-80,118.697093477473,108,20,80,submarine_no_wave,0.285617396245807,0.255463965424847,0.00468676959879674,0,804145.3,1.78831150763968,0,0,0.612552506700168,2.40086401433985,804147.700864014
16.6,-107.2,0,-35,0,20,-80,117.969657115718,107.2,20,80,submarine_no_wave,0.285617396245807,0.255463965424847,0.00468676959879674,0,804145.3,1.81375496616719,0,0,0.61270101829136,2.42645598445855,804147.726455985
16.7,-106.4,0,-35,0,20,-80,117.243166112145,106.4,20,80,submarine_no_wave,0.285617396245807,0.255463965424847,0.00468676959879674,0,804145.3,1.83955287956275,0,0,0.612666734576961,2.45221961413972,804147.752219614
16.8,-105.6,0,-35,0,20,-80,116.517638149767,105.6,20,80,submarine_no_wave,0.285617396245807,0.255463965424847,0.00468676959879674,0,804145.3,1.86570587231211,0,0,0.61244213745794,2.47814800977005,804147.77814801
16.9,-104.8,0,-35,0,20,-80,115.793091331046,104.8,20,80,submarine_no_wave,0.285617396245807,0.255463965424847,0.00468676959879674,0,804145.3,1.89221418522411,0,0,0.612019492715417,2.50423367793953,804147.804233678
17,-104,0,-35,0,20,-80,115.06954418959,104,20,80,submarine_no_wave,0.285617396245807,0.255463965424847,0.00468676959879674,0,804145.3,1.91907764276176,0,0,0.611390846731625,2.53046848949338,804147.83046849
17.1,-103.2,0,-35,0,20,-80,114.347015702204,103.2,20,80,submarine_no_wave,0.285617396245807,0.255463965424847,0.00468676959879674,0,804145.3,1.94629561818497,0,0,0.610548023360989,2.55684364154595,804147.856843642
17.2,-102.4,0,-35,0,20,-80,113.625525301316,102.4,20,80,submarine_no_wave,0.285617396245807,0.255463965424847,0.00468676959879674,0,804145.3,1.97386699637191,0,0,0.609482620970393,2.5833496173423,804147.883349617
17.3,-101.6,0,-35,0,20,-80,112.905092887788,101.6,20,80,submarine_no_wave,0.285617396245807,0.255463965424847,0.00468676959879674,0,804145.3,2.00179013417855,0,0,0.608186009668903,2.60997614384746,804147.909976144
17.4,-100.8,0,-35,0,20,-80,112.185738844115,100.8,20,80,submarine_no_wave,0.285617396245807,0.255463965424847,0.00468676959879674,0,804145.3,2.03006281818823,0,0,0.6066493287485,2.63671214693673,804147.936712147
17.5,-100,0,-35,0,20,-80,111.46748404804,100,20,80,submarine_no_wave,0.285617396245807,0.255463965424847,0.00468676959879674,0,804145.3,2.05868221969554,0,0,0.604863484358633,2.66354570405418,804147.963545704
17.6,-99.2,0,-35,0,20,-80,110.75034988658,99.2,20,80,submarine_no_wave,0.285617396245807,0.255463965424847,0.00468676959879674,0,804145.3,2.08764484676037,0,0,0.602819147438811,2.69046399419918,804147.990463994
17.7,-98.4,0,-35,0,20,-80,110.034358270497,98.4,20,80,submarine_no_wave,0.285617396245807,0.255463965424847,0.00468676959879674,0,804145.3,2.11694649315955,0,0,0.600506751934808,2.71745324509436,804148.017453245
17.8,-97.6,0,-35,0,20,-80,109.319531649198,97.6,20,80,submarine_no_wave,0.285617396245807,0.255463965424847,0.00468676959879674,0,804145.3,2.14658218405489,0,0,0.5979164933255,2.74449867738039,804148.044498677
17.9,-96.8,0,-35,0,20,-80,108.605893026115,96.8,20,80,submarine_no_wave,0.285617396245807,0.255463965424847,0.00468676959879674,0,804145.3,2.17654611818734,0,0,0.595038327488849,2.77158444567619,804148.071584446
18,-96,0,-35,0,20,-80,107.893465974544,96,20,80,submarine_no_wave,0.285617396245807,0.255463965424847,0.00468676959879674,0,804145.3,2.20683160639752,0,0,0.591861969937048,2.79869357633457,804148.098693576
18.1,-95.2,0,-35,0,20,-80,107.182274653974,95.2,20,80,submarine_no_wave,0.285617396245807,0.255463965424847,0.00468676959879674,0,804145.3,2.23743100626388,0,0,0.588376895452414,2.82580790171629,804148.125807902
18.2,-94.4,0,-35,0,20,-80,106.47234382693,94.4,20,80,submarine_no_wave,0.285617396245807,0.255463965424847,0.00468676959879674,0,804145.3,2.26833565263932,0,0,0.584572338157171,2.85290799079649,804148.152907991
18.3,-93.6,0,-35,0,20,-80,105.763698876316,93.6,20,80,submarine_no_wave,0.285617396245807,0.255463965424847,0.00468676959879674,0,804145.3,2.29953578385807,0,0,0.580437292051943,2.87997307591002,804148.179973076
18.4,-92.8,0,-35,0,20,-80,105.056365823305,92.8,20,80,submarine_no_wave,0.285617396245807,0.255463965424847,0.00468676959879674,0,804145.3,2.33102046337379,0,0,0.575960512059334,2.90698097543313,804148.206980975
18.5,-92,0,-35,0,20,-80,104.35037134577,92,20,80,submarine_no_wave,0.285617396245807,0.255463965424847,0.00468676959879674,0,804145.3,2.36277749658049,0,0,0.571130515610711,2.9339080121912,804148.233908012
18.6,-91.2,0,-35,0,20,-80,103.64574279728,91.2,20,80,submarine_no_wave,0.285617396245807,0.255463965424847,0.00468676959879674,0,804145.3,2.39479334255734,0,0,0.565935584815931,2.96072892737328,804148.260728927
18.7,-90.4,0,-35,0,20,-80,102.94250822668,90.4,20,80,submarine_no_wave,0.285617396245807,0.255463965424847,0.00468676959879674,0,804145.3,2.42705302046872,0,0,0.560363769257441,2.98741678972616,804148.28741679
18.8,-89.6,0,-35,0,20,-80,102.240696398254,89.6,20,80,submarine_no_wave,0.285617396245807,0.255463965424847,0.00468676959879674,0,804145.3,2.45954001034068,0,0,0.554402889451871,3.01394289979255,804148.3139429
18.9,-88.8,0,-35,0,20,-80,101.54033681252,88.8,20,80,submarine_no_wave,0.285617396245807,0.255463965424847,0.00468676959879674,0,804145.3,2.49223614792571,0,0,0.548040541023894,3.04027668894961,804148.340276689
19,-88,0,-35,0,20,-80,100.841459727634,88,20,80,submarine_no_wave,0.285617396245807,0.255463965424847,0.00468676959879674,0,804145.3,2.52512151335826,0,0,0.541264099638779,3.06638561299704,804148.366385613
19.1,-87.2,0,-35,0,20,-80,100.144096181452,87.2,20,80,submarine_no_wave,0.285617396245807,0.255463965424847,0.00468676959879674,0,804145.3,2.55817431329461,0,0,0.534060726741681,3.09223504003629,804148.39223504
19.2,-86.4,0,-35,0,20,-80,99.4482780142522,86.4,20,80,submarine_no_wave,0.285617396245807,0.255463965424847,0.00468676959879674,0,804145.3,2.59137075622282,0,0,0.526417376153294,3.11778813237611,804148.417788132
19.3,-85.6,0,-35,0,20,-80,98.7540378921287,85.6,20,80,submarine_no_wave,0.285617396245807,0.255463965424847,0.00468676959879674,0,804145.3,2.62468492062104,0,0,0.518320801572993,3.14300572219403,804148.443005722
19.4,-84.8,0,-35,0,20,-80,98.0614093310921,84.8,20,80,submarine_no_wave,0.285617396245807,0.255463965424847,0.00468676959879674,0,804145.3,2.65808861563618,0,0,0.509757565042075,3.16784618067826,804148.467846181
19.5,-84,0,-35,0,20,-80,97.3704267218748,84,20,80,submarine_no_wave,0.285617396245807,0.255463965424847,0.00468676959879674,0,804145.3,2.69155123395005,0,0,0.500714046421044,3.19226528037109,804148.49226528
19.6,-83.2,0,-35,0,20,-80,96.6811253554694,83.2,20,80,submarine_no_wave,0.285617396245807,0.255463965424847,0.00468676959879674,0,804145.3,2.72503959649642,0,0,0.491176453936178,3.2162160504326,804148.51621605
19.7,-82.4,0,-35,0,20,-80,95.9935414494121,82.4,20,80,submarine_no_wave,0.285617396245807,0.255463965424847,0.00468676959879674,0,804145.3,2.75851778869103,0,0,0.481130835851743,3.23964862454277,804148.539648625
19.8,-81.6,0,-35,0,20,-80,95.3077121748287,81.6,20,80,submarine_no_wave,0.285617396245807,0.255463965424847,0.00468676959879674,0,804145.3,2.79194698783671,0,0,0.470563093325243,3.26251008116195,804148.562510081
19.9,-80.8,0,-35,0,20,-80,94.6236756842599,80.8,20,80,submarine_no_wave,0.285617396245807,0.255463965424847,0.00468676959879674,0,804145.3,2.82528528136896,0,0,0.459458994503942,3.2847442758729,804148.584744276
20,-80,0,-35,0,20,-80,93.9414711402797,80,20,80,submarine_no_wave,0.285617396245807,0.255463965424847,0.00468676959879674,0,804145.3,2.85848747561324,0,0,0.447804189921546,3.30629166553478,804148.606291666
20.1,-79.2,0,-35,0,20,-80,93.2611387449242,79.2,20,80,submarine_no_wave,0.285617396245807,0.255463965424847,0.00468676959879674,0,804145.3,2.89150489473434,0,0,0.435584229254423,3.32708912398876,804148.627089124
20.2,-78.4,0,-35,0,20,-80,92.5827197699441,78.4,20,80,submarine_no_wave,0.285617396245807,0.255463965424847,0.00468676959879674,0,804145.3,2.92428516957167,0,0,0.422784579496942,3.34706974906861,804148.647069749
20.3,-77.6,0,-35,0,20,-80,91.906256587895,77.6,20,80,submarine_no_wave,0.285617396245807,0.255463965424847,0.00468676959879674,0,804145.3,2.95677201607179,0,0,0.409390644615502,3.36616266068729,804148.666162661
20.4,-76.8,0,-35,0,20,-80,91.2317927040788,76.8,20,80,submarine_no_wave,0.285617396245807,0.255463965424847,0.00468676959879674,0,804145.3,2.98890500305257,0,0,0.395387786740506,3.38429278979307,804148.68429279
20.5,-76,0,-35,0,20,-80,90.5593727893474,76,20,80,submarine_no_wave,0.285617396245807,0.255463965424847,0.00468676959879674,0,804145.3,3.02061930906206,0,0,0.380761348954892,3.40138065801696,804148.701380658
20.6,-75.2,0,-35,0,20,-80,89.8890427137813,75.2,20,80,submarine_no_wave,0.285617396245807,0.255463965424847,0.00468676959879674,0,804145.3,3.05184546813051,0,0,0.365496679736872,3.41734214786738,804148.717342148
20.7,-74.4,0,-35,0,20,-80,89.2208495812498,74.4,20,80,submarine_no_wave,0.285617396245807,0.255463965424847,0.00468676959879674,0,804145.3,3.08250910425691,0,0,0.349579159113153,3.43208826337006,804148.732088263
20.8,-73.6,0,-35,0,20,-80,88.5548417648634,73.6,20,80,submarine_no_wave,0.285617396245807,0.255463965424847,0.00468676959879674,0,804145.3,3.11253065452309,0,0,0.332994226577167,3.44552488110026,804148.745524881
20.9,-72.8,0,-35,0,20,-80,87.8910689433233,72.8,20,80,submarine_no_wave,0.285617396245807,0.255463965424847,0.00468676959879674,0,804145.3,3.14182508078895,0,0,0.315727410824583,3.45755249161353,804148.757552492
21,-72,0,-35,0,20,-80,87.2295821381715,72,20,80,submarine_no_wave,0.285617396245807,0.255463965424847,0.00468676959879674,0,804145.3,3.17030156999458,0,0,0.297764361355688,3.46806593135026,804148.768065931
21.1,-71.2,0,-35,0,20,-80,86.5704337519456,71.2,20,80,submarine_no_wave,0.285617396245807,0.255463965424847,0.00468676959879674,0,804145.3,3.19786322317809,0,0,0.279090881991008,3.4769541051691,804148.776954105
21.2,-70.4,0,-35,0,20,-80,85.9136776072355,70.4,20,80,submarine_no_wave,0.285617396245807,0.255463965424847,0.00468676959879674,0,804145.3,3.22440673341546,0,0,0.25969296634271,3.48409969975817,804148.7840997
21.3,-69.6,0,-35,0,20,-80,85.2593689866398,69.6,20,80,submarine_no_wave,0.285617396245807,0.255463965424847,0.00468676959879674,0,804145.3,3.24982205299959,0,0,0.239556835279985,3.48937888827958,804148.789378888
21.4,-68.8,0,-35,0,20,-80,84.6075646736153,68.8,20,80,submarine_no_wave,0.285617396245807,0.255463965424847,0.00468676959879674,0,804145.3,3.27399205030455,0,0,0.21866897642159,3.49266102672614,804148.792661027
21.5,-68,0,-35,0,20,-80,83.9583229942095,68,20,80,submarine_no_wave,0.285617396245807,0.255463965424847,0.00468676959879674,0,804145.3,3.29679215692616,0,0,0.197016185683017,3.49380834260918,804148.793808343
21.6,-67.2,0,-35,0,20,-80,83.3117038596619,67.2,20,80,submarine_no_wave,0.285617396245807,0.255463965424847,0.00468676959879674,0,804145.3,3.31809000585629,0,0,0.174585610899388,3.49267561675568,804148.792675617
21.7,-66.4,0,-35,0,20,-80,82.6677688098572,66.4,20,80,submarine_no_wave,0.285617396245807,0.255463965424847,0.00468676959879674,0,804145.3,3.33774506163553,0,0,0.151364797538027,3.48910985917356,804148.789109859
21.8,-65.6,0,-35,0,20,-80,82.026581057606,65.6,20,80,submarine_no_wave,0.285617396245807,0.255463965424847,0.00468676959879674,0,804145.3,3.35560824363978,0,0,0.127341736506759,3.48294998014654,804148.78294998
21.9,-64.8,0,-35,0,20,-80,81.3882055337258,64.8,20,80,submarine_no_wave,0.285617396245807,0.255463965424847,0.00468676959879674,0,804145.3,3.37152154389352,0,0,0.102504914055267,3.47402645794878,804148.774026458
22,-64,0,-35,0,20,-80,80.7527089328897,64,20,80,submarine_no_wave,0.285617396245807,0.255463965424847,0.00468676959879674,0,804145.3,3.38531764106681,0,0,0.0768433637572672,3.46216100482407,804148.762161005
22.1,-63.2,0,-35,0,20,-80,80.1201597602002,63.2,20,80,submarine_no_wave,0.285617396245807,0.255463965424847,0.00468676959879674,0,804145.3,3.3968195126084,0,0,0.0503467205508912,3.44716623315929,804148.747166233
22.2,-62.4,0,-35,0,20,-80,79.4906283784447,62.4,20,80,submarine_no_wave,0.285617396245807,0.255463965424847,0.00468676959879674,0,804145.3,3.40584004729416,0,0,0.0230052768033101,3.42884532409747,804148.728845324
22.3,-61.6,0,-35,0,20,-80,78.8641870559762,61.6,20,80,submarine_no_wave,0.285617396245807,0.255463965424847,0.00468676959879674,0,804145.3,3.41218166083205,0,0,-0.00518995964650692,3.40699170118554,804148.706991701
22.4,-60.8,0,-35,0,20,-80,78.2409100151577,60.8,20,80,submarine_no_wave,0.285617396245807,0.255463965424847,0.00468676959879674,0,804145.3,3.41563591756352,0,0,-0.0342472055261356,3.38138871203738,804148.681388712
22.5,-60,0,-35,0,20,-80,77.6208734813001,60,20,80,submarine_no_wave,0.285617396245807,0.255463965424847,0.00468676959879674,0,804145.3,3.41598316173828,0,0,-0.0641738403224181,3.35180932141586,804148.651809321
22.6,-59.2,0,-35,0,20,-80,77.0041557320123,59.2,20,80,submarine_no_wave,0.285617396245807,0.255463965424847,0.00468676959879674,0,804145.3,3.4129921623182,0,0,-0.0949763427167285,3.31801581960147,804148.61801582
22.7,-58.4,0,-35,0,20,-80,76.3908371468725,58.4,20,80,submarine_no_wave,0.285617396245807,0.255463965424847,0.00468676959879674,0,804145.3,3.40641977578632,0,0,-0.126660225366835,3.27975955041949,804148.579759551
22.8,-57.6,0,-35,0,20,-80,75.7810002573204,57.6,20,80,submarine_no_wave,0.285617396245807,0.255463965424847,0.00468676959879674,0,804145.3,3.39601063200186,0,0,-0.159229968156119,3.23678066384574,804148.536780664
22.9,-56.8,0,-35,0,20,-80,75.1747297966544,56.8,20,80,submarine_no_wave,0.285617396245807,0.255463965424847,0.00468676959879674,0,804145.3,3.38149684875154,0,0,-0.192688950048461,3.18880789870308,804148.488807899
23,-56,0,-35,0,20,-80,74.5721127500086,56,20,80,submarine_no_wave,0.285617396245807,0.255463965424847,0.00468676959879674,0,804145.3,3.36259778130228,0,0,-0.227039379705583,3.1355584015967,804148.435558402
23.1,-55.2,0,-35,0,20,-80,73.9732384041688,55.2,20,80,submarine_no_wave,0.285617396245807,0.255463965424847,0.00468676959879674,0,804145.3,3.33901981395988,0,0,-0.262282225042719,3.07673758891717,804148.376737589
23.2,-54.4,0,-35,0,20,-80,73.3781983970716,54.4,20,80,submarine_no_wave,0.285617396245807,0.255463965424847,0.00468676959879674,0,804145.3,3.31045620138245,0,0,-0.298417141918411,3.01203905946404,804148.312039059
23.3,-53.6,0,-35,0,20,-80,72.787086766816,53.6,20,80,submarine_no_wave,0.285617396245807,0.255463965424847,0.00468676959879674,0,804145.3,3.27658696818218,0,0,-0.335442402174747,2.94114456600743,804148.241144566
23.4,-52.8,0,-35,0,20,-80,72.2,52.8,20,80,submarine_no_wave,0.285617396245807,0.255463965424847,0.00468676959879674,0,804145.3,3.23707887617369,0,0,-0.373354821265322,2.86372405490837,804148.163724055
23.5,-52,0,-35,0,20,-80,71.6170370791755,52,20,80,submarine_no_wave,0.285617396245807,0.255463965424847,0.00468676959879674,0,804145.3,3.1915854694843,0,0,-0.412149685729805,2.7794357837545,804148.079435784
23.6,-51.2,0,-35,0,20,-80,71.0382995291976,51.2,20,80,submarine_no_wave,0.285617396245807,0.255463965424847,0.00468676959879674,0,804145.3,3.13974720862696,0,0,-0.45182068079566,2.6879265278313,804147.987926528
23.7,-50.4,0,-35,0,20,-80,70.4638914622234,50.4,20,80,submarine_no_wave,0.285617396245807,0.255463965424847,0.00468676959879674,0,804145.3,3.08119170554009,0,0,-0.492359818409658,2.58883188713043,804147.888831887
23.8,-49.6,0,-35,0,20,-80,69.8939196210944,49.6,20,80,submarine_no_wave,0.285617396245807,0.255463965424847,0.00468676959879674,0,804145.3,3.01553407251094,0,0,-0.533757366023744,2.4817767064872,804147.781776707
23.9,-48.8,0,-35,0,20,-80,69.3284934208151,48.8,20,80,submarine_no_wave,0.285617396245807,0.255463965424847,0.00468676959879674,0,804145.3,2.94237739880585,0,0,-0.576001776481702,2.36637562232415,804147.666375622
24,-48,0,-35,0,20,-80,68.7677249878168,48,20,80,submarine_no_wave,0.285617396245807,0.255463965424847,0.00468676959879674,0,804145.3,2.861313369717,0,0,-0.619079619374635,2.24223375034236,804147.54223375
24.1,-47.2,0,-35,0,20,-80,68.2117291966711,47.2,20,80,submarine_no_wave,0.285617396245807,0.255463965424847,0.00468676959879674,0,804145.3,2.77192304358104,0,0,-0.662975514254228,2.10894752932682,804147.408947529
24.2,-46.4,0,-35,0,20,-80,67.6606237038944,46.4,20,80,submarine_no_wave,0.285617396245807,0.255463965424847,0.00468676959879674,0,804145.3,2.67377780310769,0,0,-0.707672066113057,1.96610573699464,804147.266105737
24.3,-45.6,0,-35,0,20,-80,67.1145289784559,45.6,20,80,submarine_no_wave,0.285617396245807,0.255463965424847,0.00468676959879674,0,804145.3,2.56644049804962,0,0,-0.753149803560508,1.81329069448911,804147.113290695
24.4,-44.8,0,-35,0,20,-80,66.5735683285792,44.8,20,80,submarine_no_wave,0.285617396245807,0.255463965424847,0.00468676959879674,0,804145.3,2.44946679681805,0,0,-0.79938712014085,1.6500796766772,804146.950079677
24.5,-44,0,-35,0,20,-80,66.0378679243962,44,20,80,submarine_no_wave,0.285617396245807,0.255463965424847,0.00468676959879674,0,804145.3,2.3224067650664,0,0,-0.846360219256706,1.47604654580969,804146.776046546
24.6,-43.2,0,-35,0,20,-80,65.5075568159888,43.2,20,80,submarine_no_wave,0.285617396245807,0.255463965424847,0.00468676959879674,0,804145.3,2.18480668948755,0,0,-0.894043063175825,1.29076362631172,804146.590763626
24.7,-42.4,0,-35,0,20,-80,64.982766946322,42.4,20,80,submarine_no_wave,0.285617396245807,0.255463965424847,0.00468676959879674,0,804145.3,2.03621116505551,0,0,-0.942407326611951,1.09380383844356,804146.393803839
24.8,-41.6,0,-35,0,20,-80,64.4636331585492,41.6,20,80,submarine_no_wave,0.285617396245807,0.255463965424847,0.00468676959879674,0,804145.3,1.87616546363979,0,0,-0.991422355380956,0.884743108258838,804146.184743108
24.9,-40.8,0,-35,0,20,-80,63.9502931971387,40.8,20,80,submarine_no_wave,0.285617396245807,0.255463965424847,0.00468676959879674,0,804145.3,1.70421820127933,0,0,-1.04105513064121,0.663163070638122,804145.963163071
25,-40,0,-35,0,20,-80,63.4428877022476,40,20,80,submarine_no_wave,0.285617396245807,0.255463965424847,0.00468676959879674,0,804145.3,1.5199243203643,0,0,-1.09127023923204,0.42865408113226,804145.728654081
25.1,-39.2,0,-35,0,20,-80,62.9415601967412,39.2,20,80,submarine_no_wave,0.285617396245807,0.255463965424847,0.00468676959879674,0,804145.3,1.32284840147995,0,0,-1.14202985062587,0.180818550854084,804145.480818551
25.2,-38.4,0,-35,0,20,-80,62.4464570652331,38.4,20,80,submarine_no_wave,0.285617396245807,0.255463965424847,0.00468676959879674,0,804145.3,1.11256831765272,0,0,-1.19329370100754,-0.0807253833548274,804145.219274617
25.3,-37.6,0,-35,0,20,-80,61.9577275244985,37.6,20,80,submarine_no_wave,0.285617396245807,0.255463965424847,0.00468676959879674,0,804145.3,0.888679241143647,0,0,-1.24501908498903,-0.356339843845387,804144.943660156
25.4,-36.8,0,-35,0,20,-80,61.4755235845942,36.8,20,80,submarine_no_wave,0.285617396245807,0.255463965424847,0.00468676959879674,0,804145.3,0.650798009692713,0,0,-1.29716085545757,-0.646362845764859,804144.653637154
25.5,-36,0,-35,0,20,-80,61,36,20,80,submarine_no_wave,0.285617396245807,0.255463965424847,0.00468676959879674,0,804145.3,0.398567855169477,0,0,-1.34967143204163,-0.951103576872155,804144.348896423
25.6,-35.2,0,-35,0,20,-80,60.5313142100847,35.2,20,80,submarine_no_wave,0.285617396245807,0.255463965424847,0.00468676959879674,0,804145.3,0.131663492875122,0,0,-1.40250081866021,-1.27083732578508,804144.029162674
25.7,-34.4,0,-35,0,20,-80,60.0696262681898,34.4,20,80,submarine_no_wave,0.285617396245807,0.255463965424847,0.00468676959879674,0,804145.3,-0.150203435782182,0,0,-1.45559663059776,-1.60580006637994,804143.694199934
25.8,-33.6,0,-35,0,20,-80,59.6150987586199,33.6,20,80,submarine_no_wave,0.285617396245807,0.255463965424847,0.00468676959879674,0,804145.3,-0.44727858088909,0,0,-1.50890413151873,-1.95618271240782,804143.343817288
25.9,-32.8,0,-35,0,20,-80,59.1678967008292,32.8,20,80,submarine_no_wave,0.285617396245807,0.255463965424847,0.00468676959879674,0,804145.3,-0.759758782802917,0,0,-1.56236628080235,-2.32212506360526,804142.977874936
26,-32,0,-35,0,20,-80,58.7281874401041,32,20,80,submarine_no_wave,0.285617396245807,0.255463965424847,0.00468676959879674,0,804145.3,-1.0877856811241,0,0,-1.61592379153973,-2.70370947266383,804142.596290527
26.1,-31.2,0,-35,0,20,-80,58.2961405240518,31.2,20,80,submarine_no_wave,0.285617396245807,0.255463965424847,0.00468676959879674,0,804145.3,-1.4314390718739,0,0,-1.66951519949198,-3.10095427136588,804142.199045729
26.2,-30.4,0,-35,0,20,-80,57.8719275642345,30.4,20,80,submarine_no_wave,0.285617396245807,0.255463965424847,0.00468676959879674,0,804145.3,-1.7907300606888,0,0,-1.72307694325876,-3.51380700394756,804141.786192996
26.3,-29.6,0,-35,0,20,-80,57.4557220823131,29.6,20,80,submarine_no_wave,0.285617396245807,0.255463965424847,0.00468676959879674,0,804145.3,-2.16559407038261,0,0,-1.77654345585309,-3.9421375262357,804141.357862474
26.4,-28.8,0,-35,0,20,-80,57.0476993401136,28.8,20,80,submarine_no_wave,0.285617396245807,0.255463965424847,0.00468676959879674,0,804145.3,-2.55588377238963,0,0,-1.82984726781912,-4.38573104020876,804140.91426896
26.5,-28,0,-35,0,20,-80,56.6480361530742,28,20,80,submarine_no_wave,0.285617396245807,0.255463965424847,0.00468676959879674,0,804145.3,-2.961362023231,0,0,-1.88291912196603,-4.84428114519702,804140.455718855
26.6,-27.2,0,-35,0,20,-80,56.2569106865992,27.2,20,80,submarine_no_wave,0.285617396245807,0.255463965424847,0.00468676959879674,0,804145.3,-3.38169489903708,0,0,-1.9356880997227,-5.31738299875978,804139.982617001
26.7,-26.4,0,-35,0,20,-80,55.8745022349193,26.4,20,80,submarine_no_wave,0.285617396245807,0.255463965424847,0.00468676959879674,0,804145.3,-3.8164449330648,0,0,-1.9880817590458,-5.8045266921106,804139.495473308
26.8,-25.6,0,-35,0,20,-80,55.5009909821437,25.6,20,80,submarine_no_wave,0.285617396245807,0.255463965424847,0.00468676959879674,0,804145.3,-4.26506467276622,0,0,-2.04002628373734,-6.30509095650356,804138.994909044
26.9,-24.8,0,-35,0,20,-80,55.1365577452927,24.8,20,80,submarine_no_wave,0.285617396245807,0.255463965424847,0.00468676959879674,0,804145.3,-4.72689068394692,0,0,-2.0914466439485,-6.81833732789542,804138.481662672
27,-24,0,-35,0,20,-80,54.7813836992093,24,20,80,submarine_no_wave,0.285617396245807,0.255463965424847,0.00468676959879674,0,804145.3,-5.20113813950256,0,0,-2.14226676756423,-7.34340490706679,804137.956595093
27.1,-23.2,0,-35,0,20,-80,54.4356500833783,23.2,20,80,submarine_no_wave,0.285617396245807,0.255463965424847,0.00468676959879674,0,804145.3,-5.68689613869893,0,0,-2.19240972207848,-7.87930586077741,804137.420694139
27.2,-22.4,0,-35,0,20,-80,54.0995378908175,22.4,20,80,submarine_no_wave,0.285617396245807,0.255463965424847,0.00468676959879674,0,804145.3,-6.18312390949514,0,0,-2.24179790648449,-8.42492181597963,804136.875078184
27.3,-21.6,0,-35,0,20,-80,53.773227539362,21.6,20,80,submarine_no_wave,0.285617396245807,0.255463965424847,0.00468676959879674,0,804145.3,-6.68864805050159,0,0,-2.29035325261744,-8.97900130311903,804136.320998697
27.4,-20.8,0,-35,0,20,-80,53.4568985258217,20.8,20,80,submarine_no_wave,0.285617396245807,0.255463965424847,0.00468676959879674,0,804145.3,-7.20216097031011,0,0,-2.33799743530054,-9.54015840561066,804135.759841594
27.5,-20,0,-35,0,20,-80,53.1507290636732,20,20,80,submarine_no_wave,0.285617396245807,0.255463965424847,0.00468676959879674,0,804145.3,-7.72222067963834,0,0,-2.38465209055989,-10.1068727701982,804135.19312723
27.6,-19.2,0,-35,0,20,-80,52.8548957051284,19.2,20,80,submarine_no_wave,0.285617396245807,0.255463965424847,0.00468676959879674,0,804145.3,-8.24725208552247,0,0,-2.43023904108942,-10.6774911266119,804134.622508873
27.7,-18.4,0,-35,0,20,-80,52.5695729486173,18.4,20,80,submarine_no_wave,0.285617396245807,0.255463965424847,0.00468676959879674,0,804145.3,-8.77554992626637,0,0,-2.47468052806639,-11.2502304543328,804134.049769546
27.8,-17.6,0,-35,0,20,-80,52.2949328329237,17.6,20,80,submarine_no_wave,0.285617396245807,0.255463965424847,0.00468676959879674,0,804145.3,-9.30528347067014,0,0,-2.51789944833995,-11.8231829190101,804133.476817081
27.9,-16.8,0,-35,0,20,-80,52.0311445194126,16.8,20,80,submarine_no_wave,0.285617396245807,0.255463965424847,0.00468676959879674,0,804145.3,-9.83450308499793,0,0,-2.55981959594247,-12.3943226809404,804132.905677319
28,-16,0,-35,0,20,-80,51.7783738639985,16,20,80,submarine_no_wave,0.285617396245807,0.255463965424847,0.00468676959879674,0,804145.3,-10.3611487461087,0,0,-2.60036590680601,-12.9615146529147,804132.338485347
28.1,-15.2,0,-35,0,20,-80,51.5367829807022,15.2,20,80,submarine_no_wave,0.285617396245807,0.255463965424847,0.00468676959879674,0,804145.3,-10.883060549233,0,0,-2.63946470550477,-13.5225252547378,804131.777474745
28.2,-14.4,0,-35,0,20,-80,51.3065297988472,14.4,20,80,submarine_no_wave,0.285617396245807,0.255463965424847,0.00468676959879674,0,804145.3,-11.3979912242893,0,0,-2.67704395279102,-14.0750351770803,804131.224964823
28.3,-13.6,0,-35,0,20,-80,51.0877676161329,13.6,20,80,submarine_no_wave,0.285617396245807,0.255463965424847,0.00468676959879674,0,804145.3,-11.9036206358407,0,0,-2.71303349264601,-14.6166541284867,804130.683345872
28.4,-12.8,0,-35,0,20,-80,50.8806446500042,12.8,20,80,submarine_no_wave,0.285617396245807,0.255463965424847,0.00468676959879674,0,804145.3,-12.397572199467,0,0,-2.74736529753063,-15.1449374969976,804130.155062503
28.5,-12,0,-35,0,20,-80,50.6853035898967,12,20,80,submarine_no_wave,0.285617396245807,0.255463965424847,0.00468676959879674,0,804145.3,-12.8774311023373,0,0,-2.77997371049373,-15.657404812831,804129.642595187
28.6,-11.2,0,-35,0,20,-80,50.5018811530818,11.2,20,80,submarine_no_wave,0.285617396245807,0.255463965424847,0.00468676959879674,0,804145.3,-13.3407641692007,0,0,-2.81079568277857,-16.1515598519792,804129.148440148
28.7,-10.4,0,-35,0,20,-80,50.3305076469531,10.4,20,80,submarine_no_wave,0.285617396245807,0.255463965424847,0.00468676959879674,0,804145.3,-13.7851411681272,0,0,-2.83977100556216,-16.6249121736894,804128.675087826
28.8,-9.59999999999999,0,-35,0,20,-80,50.1713065406912,9.59999999999999,20,80,submarine_no_wave,0.285617396245807,0.255463965424847,0.00468676959879674,0,804145.3,-14.2081573045504,0,0,-2.86684253446706,-17.0749998390174,804128.225000161
28.9,-8.80000000000001,0,-35,0,20,-80,50.0243940493036,8.80000000000001,20,80,submarine_no_wave,0.285617396245807,0.255463965424847,0.00468676959879674,0,804145.3,-14.6074566090105,0,0,-2.89195640550152,-17.499413014512,804127.800586986
29,-8,0,-35,0,20,-80,49.8898787330657,8,20,80,submarine_no_wave,0.285617396245807,0.255463965424847,0.00468676959879674,0,804145.3,-14.9807558850634,0,0,-2.91506224111225,-17.8958181261756,804127.404181874
29.1,-7.19999999999999,0,-35,0,20,-80,49.7678611153825,7.19999999999999,20,80,submarine_no_wave,0.285617396245807,0.255463965424847,0.00468676959879674,0,804145.3,-15.3258688506661,0,0,-2.9361133450735,-18.2619821957396,804127.038017804
29.2,-6.40000000000001,0,-35,0,20,-80,49.6584333220451,6.40000000000001,20,80,submarine_no_wave,0.285617396245807,0.255463965424847,0.00468676959879674,0,804145.3,-15.6407300804902,0,0,-2.9550668849875,-18.5957969654777,804126.704203035
29.3,-5.59999999999999,0,-35,0,20,-80,49.5616787447722,5.59999999999999,20,80,submarine_no_wave,0.285617396245807,0.255463965424847,0.00468676959879674,0,804145.3,-15.9234183393727,0,0,-2.97188406123403,-18.8953024006067,804126.404697599
29.4,-4.80000000000001,0,-35,0,20,-80,49.4776717318024,4.80000000000001,20,80,submarine_no_wave,0.285617396245807,0.255463965424847,0.00468676959879674,0,804145.3,-16.1721788896269,0,0,-2.98653026127996,-19.1587091509069,804126.141290849
29.5,-4,0,-35,0,20,-80,49.4064773081425,4,20,80,submarine_no_wave,0.285617396245807,0.255463965424847,0.00468676959879674,0,804145.3,-16.3854443580195,0,0,-2.99897519834377,-19.3844195563633,804125.915580444
29.6,-3.19999999999999,0,-35,0,20,-80,49.3481509278717,3.19999999999999,20,80,submarine_no_wave,0.285617396245807,0.255463965424847,0.00468676959879674,0,804145.3,-16.5618537623597,0,0,-3.00919303350327,-19.5710467958629,804125.728953204
29.7,-2.40000000000001,0,-35,0,20,-80,49.3027382606686,2.40000000000001,20,80,submarine_no_wave,0.285617396245807,0.255463965424847,0.00468676959879674,0,804145.3,-16.7002693229243,0,0,-3.01716248043721,-19.7174318033615,804125.582568197
29.8,-1.59999999999999,0,-35,0,20,-80,49.2702750144547,1.59999999999999,20,80,submarine_no_wave,0.285617396245807,0.255463965424847,0.00468676959879674,0,804145.3,-16.7997907200251,0,0,-3.02286689210185,-19.8226576121269,804125.477342388
29.9,-0.800000000000011,0,-35,0,20,-80,49.2507867957457,0.800000000000011,20,80,submarine_no_wave,0.285617396245807,0.255463965424847,0.00468676959879674,0,804145.3,-16.8597665051534,0,0,-3.02629432876072,-19.8860608339142,804125.413939166
30,0,0,-35,0,20,-80,49.2442890089805,0,20,80,submarine_no_wave,0.285617396245807,0.255463965424847,0.00468676959879674,0,804145.3,-16.8798024281458,0,0,-3.02743760690884,-19.9072400350547,804125.392759965
30.1,0.800000000000011,0,-35,0,20,-80,49.2507867957457,-0.800000000000011,20,80,submarine_no_wave,0.285617396245807,0.255463965424847,0.00468676959879674,0,804145.3,-16.8597665051534,0,0,-3.02629432876072,-19.8860608339142,804125.413939166
30.2,1.59999999999999,0,-35,0,20,-80,49.2702750144547,-1.59999999999999,20,80,submarine_no_wave,0.285617396245807,0.255463965424847,0.00468676959879674,0,804145.3,-16.7997907200251,0,0,-3.02286689210185,-19.8226576121269,804125.477342388
30.3,2.40000000000001,0,-35,0,20,-80,49.3027382606686,-2.40000000000001,20,80,submarine_no_wave,0.285617396245807,0.255463965424847,0.00468676959879674,0,804145.3,-16.7002693229243,0,0,-3.01716248043721,-19.7174318033615,804125.582568197
30.4,3.19999999999999,0,-35,0,20,-80,49.3481509278717,-3.19999999999999,20,80,submarine_no_wave,0.285617396245807,0.255463965424847,0.00468676959879674,0,804145.3,-16.5618537623597,0,0,-3.00919303350327,-19.5710467958629,804125.728953204
30.5,4,0,-35,0,20,-80,49.4064773081425,-4,20,80,submarine_no_wave,0.285617396245807,0.255463965424847,0.00468676959879674,0,804145.3,-16.3854443580195,0,0,-2.99897519834377,-19.3844195563633,804125.915580444
30.6,4.80000000000001,0,-35,0,20,-80,49.4776717318024,-4.80000000000001,20,80,submarine_no_wave,0.285617396245807,0.255463965424847,0.00468676959879674,0,804145.3,-16.1721788896269,0,0,-2.98653026127996,-19.1587091509069,804126.141290849
30.7,5.59999999999999,0,-35,0,20,-80,49.5616787447722,-5.59999999999999,20,80,submarine_no_wave,0.285617396245807,0.255463965424847,0.00468676959879674,0,804145.3,-15.9234183393727,0,0,-2.97188406123403,-18.8953024006067,804126.404697599
30.8,6.40000000000001,0,-35,0,20,-80,49.6584333220451,-6.40000000000001,20,80,submarine_no_wave,0.285617396245807,0.255463965424847,0.00468676959879674,0,804145.3,-15.6407300804902,0,0,-2.9550668849875,-18.5957969654777,804126.704203035
30.9,7.19999999999999,0,-35,0,20,-80,49.7678611153825,-7.19999999999999,20,80,submarine_no_wave,0.285617396245807,0.255463965424847,0.00468676959879674,0,804145.3,-15.3258688506661,0,0,-2.9361133450735,-18.2619821957396,804127.038017804
31,8,0,-35,0,20,-80,49.8898787330657,-8,20,80,submarine_no_wave,0.285617396245807,0.255463965424847,0.00468676959879674,0,804145.3,-14.9807558850634,0,0,-2.91506224111225,-17.8958181261756,804127.404181874
31.1,8.80000000000001,0,-35,0,20,-80,50.0243940493036,-8.80000000000001,20,80,submarine_no_wave,0.285617396245807,0.255463965424847,0.00468676959879674,0,804145.3,-14.6074566090105,0,0,-2.89195640550152,-17.499413014512,804127.800586986
31.2,9.59999999999999,0,-35,0,20,-80,50.1713065406912,-9.59999999999999,20,80,submarine_no_wave,0.285617396245807,0.255463965424847,0.00468676959879674,0,804145.3,-14.2081573045504,0,0,-2.86684253446706,-17.0749998390174,804128.225000161
31.3,10.4,0,-35,0,20,-80,50.3305076469531,-10.4,20,80,submarine_no_wave,0.285617396245807,0.255463965424847,0.00468676959879674,0,804145.3,-13.7851411681272,0,0,-2.83977100556216,-16.6249121736894,804128.675087826
31.4,11.2,0,-35,0,20,-80,50.5018811530818,-11.2,20,80,submarine_no_wave,0.285617396245807,0.255463965424847,0.00468676959879674,0,804145.3,-13.3407641692007,0,0,-2.81079568277857,-16.1515598519792,804129.148440148
31.5,12,0,-35,0,20,-80,50.6853035898967,-12,20,80,submarine_no_wave,0.285617396245807,0.255463965424847,0.00468676959879674,0,804145.3,-12.8774311023373,0,0,-2.77997371049373,-15.657404812831,804129.642595187
31.6,12.8,0,-35,0,20,-80,50.8806446500042,-12.8,20,80,submarine_no_wave,0.285617396245807,0.255463965424847,0.00468676959879674,0,804145.3,-12.397572199467,0,0,-2.74736529753063,-15.1449374969976,804130.155062503
31.7,13.6,0,-35,0,20,-80,51.0877676161329,-13.6,20,80,submarine_no_wave,0.285617396245807,0.255463965424847,0.00468676959879674,0,804145.3,-11.9036206358407,0,0,-2.71303349264601,-14.6166541284867,804130.683345872
31.8,14.4,0,-35,0,20,-80,51.3065297988472,-14.4,20,80,submarine_no_wave,0.285617396245807,0.255463965424847,0.00468676959879674,0,804145.3,-11.3979912242893,0,0,-2.67704395279102,-14.0750351770803,804131.224964823
31.9,15.2,0,-35,0,20,-80,51.5367829807022,-15.2,20,80,submarine_no_wave,0.285617396245807,0.255463965424847,0.00468676959879674,0,804145.3,-10.883060549233,0,0,-2.63946470550477,-13.5225252547378,804131.777474745
32,16,0,-35,0,20,-80,51.7783738639985,-16,20,80,submarine_no_wave,0.285617396245807,0.255463965424847,0.00468676959879674,0,804145.3,-10.3611487461087,0,0,-2.60036590680601,-12.9615146529147,804132.338485347
32.1,16.8,0,-35,0,20,-80,52.0311445194126,-16.8,20,80,submarine_no_wave,0.285617396245807,0.255463965424847,0.00468676959879674,0,804145.3,-9.83450308499793,0,0,-2.55981959594247,-12.3943226809404,804132.905677319
32.2,17.6,0,-35,0,20,-80,52.2949328329237,-17.6,20,80,submarine_no_wave,0.285617396245807,0.255463965424847,0.00468676959879674,0,804145.3,-9.30528347067012,0,0,-2.51789944833995,-11.8231829190101,804133.476817081
32.3,18.4,0,-35,0,20,-80,52.5695729486173,-18.4,20,80,submarine_no_wave,0.285617396245807,0.255463965424847,0.00468676959879674,0,804145.3,-8.77554992626639,0,0,-2.47468052806639,-11.2502304543328,804134.049769546
32.4,19.2,0,-35,0,20,-80,52.8548957051284,-19.2,20,80,submarine_no_wave,0.285617396245807,0.255463965424847,0.00468676959879674,0,804145.3,-8.24725208552247,0,0,-2.43023904108942,-10.6774911266119,804134.622508873
32.5,20,0,-35,0,20,-80,53.1507290636732,-20,20,80,submarine_no_wave,0.285617396245807,0.255463965424847,0.00468676959879674,0,804145.3,-7.72222067963834,0,0,-2.38465209055989,-10.1068727701982,804135.19312723
32.6,20.8,0,-35,0,20,-80,53.4568985258217,-20.8,20,80,submarine_no_wave,0.285617396245807,0.255463965424847,0.00468676959879674,0,804145.3,-7.20216097031011,0,0,-2.33799743530054,-9.54015840561066,804135.759841594
32.7,21.6,0,-35,0,20,-80,53.773227539362,-21.6,20,80,submarine_no_wave,0.285617396245807,0.255463965424847,0.00468676959879674,0,804145.3,-6.68864805050157,0,0,-2.29035325261744,-8.97900130311901,804136.320998697
32.8,22.4,0,-35,0,20,-80,54.0995378908175,-22.4,20,80,submarine_no_wave,0.285617396245807,0.255463965424847,0.00468676959879674,0,804145.3,-6.18312390949516,0,0,-2.24179790648449,-8.42492181597965,804136.875078184
32.9,23.2,0,-35,0,20,-80,54.4356500833783,-23.2,20,80,submarine_no_wave,0.285617396245807,0.255463965424847,0.00468676959879674,0,804145.3,-5.68689613869893,0,0,-2.19240972207848,-7.87930586077741,804137.420694139
33,24,0,-35,0,20,-80,54.7813836992093,-24,20,80,submarine_no_wave,0.285617396245807,0.255463965424847,0.00468676959879674,0,804145.3,-5.20113813950256,0,0,-2.14226676756423,-7.34340490706679,804137.956595093
33.1,24.8,0,-35,0,20,-80,55.1365577452927,-24.8,20,80,submarine_no_wave,0.285617396245807,0.255463965424847,0.00468676959879674,0,804145.3,-4.72689068394692,0,0,-2.0914466439485,-6.81833732789542,804138.481662672
33.2,25.6,0,-35,0,20,-80,55.5009909821437,-25.6,20,80,submarine_no_wave,0.285617396245807,0.255463965424847,0.00468676959879674,0,804145.3,-4.2650646727662,0,0,-2.04002628373733,-6.30509095650354,804138.994909044
33.3,26.4,0,-35,0,20,-80,55.8745022349193,-26.4,20,80,submarine_no_wave,0.285617396245807,0.255463965424847,0.00468676959879674,0,804145.3,-3.81644493306482,0,0,-1.9880817590458,-5.80452669211061,804139.495473308
33.4,27.2,0,-35,0,20,-80,56.2569106865992,-27.2,20,80,submarine_no_wave,0.285617396245807,0.255463965424847,0.00468676959879674,0,804145.3,-3.38169489903708,0,0,-1.9356880997227,-5.31738299875978,804139.982617001
33.5,28,0,-35,0,20,-80,56.6480361530742,-28,20,80,submarine_no_wave,0.285617396245807,0.255463965424847,0.00468676959879674,0,804145.3,-2.961362023231,0,0,-1.88291912196603,-4.84428114519702,804140.455718855
33.6,28.8,0,-35,0,20,-80,57.0476993401136,-28.8,20,80,submarine_no_wave,0.285617396245807,0.255463965424847,0.00468676959879674,0,804145.3,-2.55588377238963,0,0,-1.82984726781912,-4.38573104020876,804140.91426896
33.7,29.6,0,-35,0,20,-80,57.4557220823131,-29.6,20,80,submarine_no_wave,0.285617396245807,0.255463965424847,0.00468676959879674,0,804145.3,-2.1655940703826,0,0,-1.77654345585309,-3.94213752623568,804141.357862474
33.8,30.4,0,-35,0,20,-80,57.8719275642344,-30.4,20,80,submarine_no_wave,0.285617396245807,0.255463965424847,0.00468676959879674,0,804145.3,-1.79073006068882,0,0,-1.72307694325876,-3.51380700394758,804141.786192996
33.9,31.2,0,-35,0,20,-80,58.2961405240518,-31.2,20,80,submarine_no_wave,0.285617396245807,0.255463965424847,0.00468676959879674,0,804145.3,-1.4314390718739,0,0,-1.66951519949198,-3.10095427136588,804142.199045729
34,32,0,-35,0,20,-80,58.7281874401041,-32,20,80,submarine_no_wave,0.285617396245807,0.255463965424847,0.00468676959879674,0,804145.3,-1.0877856811241,0,0,-1.61592379153973,-2.70370947266383,804142.596290527
34.1,32.8,0,-35,0,20,-80,59.1678967008292,-32.8,20,80,submarine_no_wave,0.285617396245807,0.255463965424847,0.00468676959879674,0,804145.3,-0.759758782802917,0,0,-1.56236628080235,-2.32212506360526,804142.977874936
34.2,33.6,0,-35,0,20,-80,59.6150987586199,-33.6,20,80,submarine_no_wave,0.285617396245807,0.255463965424847,0.00468676959879674,0,804145.3,-0.447278580889077,0,0,-1.50890413151873,-1.95618271240781,804143.343817288
34.3,34.4,0,-35,0,20,-80,60.0696262681898,-34.4,20,80,submarine_no_wave,0.285617396245807,0.255463965424847,0.00468676959879674,0,804145.3,-0.150203435782189,0,0,-1.45559663059776,-1.60580006637995,804143.694199934
34.4,35.2,0,-35,0,20,-80,60.5313142100847,-35.2,20,80,submarine_no_wave,0.285617396245807,0.255463965424847,0.00468676959879674,0,804145.3,0.131663492875122,0,0,-1.40250081866021,-1.27083732578508,804144.029162674
34.5,36,0,-35,0,20,-80,61,-36,20,80,submarine_no_wave,0.285617396245807,0.255463965424847,0.00468676959879674,0,804145.3,0.398567855169477,0,0,-1.34967143204163,-0.951103576872155,804144.348896423
34.6,36.8,0,-35,0,20,-80,61.4755235845942,-36.8,20,80,submarine_no_wave,0.285617396245807,0.255463965424847,0.00468676959879674,0,804145.3,0.650798009692713,0,0,-1.29716085545757,-0.646362845764859,804144.653637154
34.7,37.6,0,-35,0,20,-80,61.9577275244985,-37.6,20,80,submarine_no_wave,0.285617396245807,0.255463965424847,0.00468676959879674,0,804145.3,0.888679241143655,0,0,-1.24501908498903,-0.356339843845377,804144.943660156
34.8,38.4,0,-35,0,20,-80,62.4464570652331,-38.4,20,80,submarine_no_wave,0.285617396245807,0.255463965424847,0.00468676959879674,0,804145.3,1.11256831765271,0,0,-1.19329370100755,-0.0807253833548356,804145.219274617
34.9,39.2,0,-35,0,20,-80,62.9415601967412,-39.2,20,80,submarine_no_wave,0.285617396245807,0.255463965424847,0.00468676959879674,0,804145.3,1.32284840147995,0,0,-1.14202985062587,0.180818550854084,804145.480818551
35,40,0,-35,0,20,-80,63.4428877022476,-40,20,80,submarine_no_wave,0.285617396245807,0.255463965424847,0.00468676959879674,0,804145.3,1.5199243203643,0,0,-1.09127023923204,0.42865408113226,804145.728654081
35.1,40.8,0,-35,0,20,-80,63.9502931971387,-40.8,20,80,submarine_no_wave,0.285617396245807,0.255463965424847,0.00468676959879674,0,804145.3,1.70421820127933,0,0,-1.04105513064121,0.663163070638122,804145.963163071
35.2,41.6,0,-35,0,20,-80,64.4636331585492,-41.6,20,80,submarine_no_wave,0.285617396245807,0.255463965424847,0.00468676959879674,0,804145.3,1.8761654636398,0,0,-0.991422355380955,0.884743108258849,804146.184743108
35.3,42.4,0,-35,0,20,-80,64.982766946322,-42.4,20,80,submarine_no_wave,0.285617396245807,0.255463965424847,0.00468676959879674,0,804145.3,2.03621116505551,0,0,-0.942407326611952,1.09380383844356,804146.393803839
35.4,43.2,0,-35,0,20,-80,65.5075568159888,-43.2,20,80,submarine_no_wave,0.285617396245807,0.255463965424847,0.00468676959879674,0,804145.3,2.18480668948755,0,0,-0.894043063175825,1.29076362631172,804146.590763626
35.5,44,0,-35,0,20,-80,66.0378679243962,-44,20,80,submarine_no_wave,0.285617396245807,0.255463965424847,0.00468676959879674,0,804145.3,2.3224067650664,0,0,-0.846360219256706,1.47604654580969,804146.776046546
35.6,44.8,0,-35,0,20,-80,66.5735683285792,-44.8,20,80,submarine_no_wave,0.285617396245807,0.255463965424847,0.00468676959879674,0,804145.3,2.44946679681805,0,0,-0.79938712014085,1.6500796766772,804146.950079677
35.7,45.6,0,-35,0,20,-80,67.1145289784559,-45.6,20,80,submarine_no_wave,0.285617396245807,0.255463965424847,0.00468676959879674,0,804145.3,2.56644049804962,0,0,-0.753149803560506,1.81329069448912,804147.113290695
35.8,46.4,0,-35,0,20,-80,67.6606237038944,-46.4,20,80,submarine_no_wave,0.285617396245807,0.255463965424847,0.00468676959879674,0,804145.3,2.67377780310769,0,0,-0.707672066113059,1.96610573699463,804147.266105737
35.9,47.2,0,-35,0,20,-80,68.2117291966711,-47.2,20,80,submarine_no_wave,0.285617396245807,0.255463965424847,0.00468676959879674,0,804145.3,2.77192304358104,0,0,-0.662975514254228,2.10894752932682,804147.408947529
36,48,0,-35,0,20,-80,68.7677249878168,-48,20,80,submarine_no_wave,0.285617396245807,0.255463965424847,0.00468676959879674,0,804145.3,2.861313369717,0,0,-0.619079619374635,2.24223375034236,804147.54223375
36.1,48.8,0,-35,0,20,-80,69.3284934208151,-48.8,20,80,submarine_no_wave,0.285617396245807,0.255463965424847,0.00468676959879674,0,804145.3,2.94237739880585,0,0,-0.576001776481702,2.36637562232415,804147.666375622
36.2,49.6,0,-35,0,20,-80,69.8939196210944,-49.6,20,80,submarine_no_wave,0.285617396245807,0.255463965424847,0.00468676959879674,0,804145.3,3.01553407251094,0,0,-0.533757366023743,2.4817767064872,804147.781776707
36.3,50.4,0,-35,0,20,-80,70.4638914622234,-50.4,20,80,submarine_no_wave,0.285617396245807,0.255463965424847,0.00468676959879674,0,804145.3,3.08119170554008,0,0,-0.492359818409659,2.58883188713042,804147.888831887
36.4,51.2,0,-35,0,20,-80,71.0382995291976,-51.2,20,80,submarine_no_wave,0.285617396245807,0.255463965424847,0.00468676959879674,0,804145.3,3.13974720862696,0,0,-0.45182068079566,2.6879265278313,804147.987926528
36.5,52,0,-35,0,20,-80,71.6170370791755,-52,20,80,submarine_no_wave,0.285617396245807,0.255463965424847,0.00468676959879674,0,804145.3,3.1915854694843,0,0,-0.412149685729805,2.7794357837545,804148.079435784
36.6,52.8,0,-35,0,20,-80,72.2,-52.8,20,80,submarine_no_wave,0.285617396245807,0.255463965424847,0.00468676959879674,0,804145.3,3.23707887617369,0,0,-0.373354821265322,2.86372405490837,804148.163724055
36.7,53.6,0,-35,0,20,-80,72.787086766816,-53.6,20,80,submarine_no_wave,0.285617396245807,0.255463965424847,0.00468676959879674,0,804145.3,3.27658696818218,0,0,-0.335442402174746,2.94114456600743,804148.241144566
36.8,54.4,0,-35,0,20,-80,73.3781983970716,-54.4,20,80,submarine_no_wave,0.285617396245807,0.255463965424847,0.00468676959879674,0,804145.3,3.31045620138245,0,0,-0.298417141918413,3.01203905946404,804148.312039059
36.9,55.2,0,-35,0,20,-80,73.9732384041688,-55.2,20,80,submarine_no_wave,0.285617396245807,0.255463965424847,0.00468676959879674,0,804145.3,3.33901981395988,0,0,-0.262282225042719,3.07673758891717,804148.376737589
37,56,0,-35,0,20,-80,74.5721127500086,-56,20,80,submarine_no_wave,0.285617396245807,0.255463965424847,0.00468676959879674,0,804145.3,3.36259778130228,0,0,-0.227039379705583,3.1355584015967,804148.435558402
37.1,56.8,0,-35,0,20,-80,75.1747297966544,-56.8,20,80,submarine_no_wave,0.285617396245807,0.255463965424847,0.00468676959879674,0,804145.3,3.38149684875154,0,0,-0.192688950048461,3.18880789870308,804148.488807899
37.2,57.6,0,-35,0,20,-80,75.7810002573205,-57.6,20,80,submarine_no_wave,0.285617396245807,0.255463965424847,0.00468676959879674,0,804145.3,3.39601063200185,0,0,-0.159229968156118,3.23678066384574,804148.536780664
37.3,58.4,0,-35,0,20,-80,76.3908371468725,-58.4,20,80,submarine_no_wave,0.285617396245807,0.255463965424847,0.00468676959879674,0,804145.3,3.40641977578632,0,0,-0.126660225366836,3.27975955041948,804148.579759551
37.4,59.2,0,-35,0,20,-80,77.0041557320123,-59.2,20,80,submarine_no_wave,0.285617396245807,0.255463965424847,0.00468676959879674,0,804145.3,3.4129921623182,0,0,-0.0949763427167285,3.31801581960147,804148.61801582
37.5,60,0,-35,0,20,-80,77.6208734813001,-60,20,80,submarine_no_wave,0.285617396245807,0.255463965424847,0.00468676959879674,0,804145.3,3.41598316173828,0,0,-0.0641738403224181,3.35180932141586,804148.651809321
37.6,60.8,0,-35,0,20,-80,78.2409100151577,-60.8,20,80,submarine_no_wave,0.285617396245807,0.255463965424847,0.00468676959879674,0,804145.3,3.41563591756352,0,0,-0.0342472055261356,3.38138871203738,804148.681388712
37.7,61.6,0,-35,0,20,-80,78.8641870559762,-61.6,20,80,submarine_no_wave,0.285617396245807,0.255463965424847,0.00468676959879674,0,804145.3,3.41218166083205,0,0,-0.005189959646506,3.40699170118555,804148.706991701
37.8,62.4,0,-35,0,20,-80,79.4906283784447,-62.4,20,80,submarine_no_wave,0.285617396245807,0.255463965424847,0.00468676959879674,0,804145.3,3.40584004729415,0,0,0.023005276803309,3.42884532409746,804148.728845324
37.9,63.2,0,-35,0,20,-80,80.1201597602002,-63.2,20,80,submarine_no_wave,0.285617396245807,0.255463965424847,0.00468676959879674,0,804145.3,3.3968195126084,0,0,0.0503467205508912,3.44716623315929,804148.747166233
38,64,0,-35,0,20,-80,80.7527089328897,-64,20,80,submarine_no_wave,0.285617396245807,0.255463965424847,0.00468676959879674,0,804145.3,3.38531764106681,0,0,0.0768433637572672,3.46216100482407,804148.762161005
38.1,64.8,0,-35,0,20,-80,81.3882055337258,-64.8,20,80,submarine_no_wave,0.285617396245807,0.255463965424847,0.00468676959879674,0,804145.3,3.37152154389352,0,0,0.102504914055267,3.47402645794878,804148.774026458
38.2,65.6,0,-35,0,20,-80,82.026581057606,-65.6,20,80,submarine_no_wave,0.285617396245807,0.255463965424847,0.00468676959879674,0,804145.3,3.35560824363978,0,0,0.12734173650676,3.48294998014654,804148.78294998
38.3,66.4,0,-35,0,20,-80,82.6677688098572,-66.4,20,80,submarine_no_wave,0.285617396245807,0.255463965424847,0.00468676959879674,0,804145.3,3.33774506163553,0,0,0.151364797538026,3.48910985917355,804148.789109859
38.4,67.2,0,-35,0,20,-80,83.3117038596619,-67.2,20,80,submarine_no_wave,0.285617396245807,0.255463965424847,0.00468676959879674,0,804145.3,3.31809000585629,0,0,0.174585610899388,3.49267561675568,804148.792675617
38.5,68,0,-35,0,20,-80,83.9583229942095,-68,20,80,submarine_no_wave,0.285617396245807,0.255463965424847,0.00468676959879674,0,804145.3,3.29679215692616,0,0,0.197016185683017,3.49380834260918,804148.793808343
38.6,68.8,0,-35,0,20,-80,84.6075646736153,-68.8,20,80,submarine_no_wave,0.285617396245807,0.255463965424847,0.00468676959879674,0,804145.3,3.27399205030455,0,0,0.21866897642159,3.49266102672614,804148.792661027
38.7,69.6,0,-35,0,20,-80,85.2593689866398,-69.6,20,80,submarine_no_wave,0.285617396245807,0.255463965424847,0.00468676959879674,0,804145.3,3.24982205299959,0,0,0.239556835279985,3.48937888827958,804148.789378888
38.8,70.4,0,-35,0,20,-80,85.9136776072355,-70.4,20,80,submarine_no_wave,0.285617396245807,0.255463965424847,0.00468676959879674,0,804145.3,3.22440673341546,0,0,0.259692966342709,3.48409969975817,804148.7840997
38.9,71.2,0,-35,0,20,-80,86.5704337519456,-71.2,20,80,submarine_no_wave,0.285617396245807,0.255463965424847,0.00468676959879674,0,804145.3,3.19786322317809,0,0,0.279090881991008,3.4769541051691,804148.776954105
39,72,0,-35,0,20,-80,87.2295821381715,-72,20,80,submarine_no_wave,0.285617396245807,0.255463965424847,0.00468676959879674,0,804145.3,3.17030156999458,0,0,0.297764361355688,3.46806593135026,804148.768065931
39.1,72.8,0,-35,0,20,-80,87.8910689433233,-72.8,20,80,submarine_no_wave,0.285617396245807,0.255463965424847,0.00468676959879674,0,804145.3,3.14182508078895,0,0,0.315727410824583,3.45755249161353,804148.757552492
39.2,73.6,0,-35,0,20,-80,88.5548417648634,-73.6,20,80,submarine_no_wave,0.285617396245807,0.255463965424847,0.00468676959879674,0,804145.3,3.11253065452309,0,0,0.332994226577168,3.44552488110026,804148.745524881
39.3,74.4,0,-35,0,20,-80,89.2208495812498,-74.4,20,80,submarine_no_wave,0.285617396245807,0.255463965424847,0.00468676959879674,0,804145.3,3.08250910425691,0,0,0.349579159113153,3.43208826337006,804148.732088263
39.4,75.2,0,-35,0,20,-80,89.8890427137813,-75.2,20,80,submarine_no_wave,0.285617396245807,0.255463965424847,0.00468676959879674,0,804145.3,3.05184546813051,0,0,0.365496679736872,3.41734214786738,804148.717342148
39.5,76,0,-35,0,20,-80,90.5593727893474,-76,20,80,submarine_no_wave,0.285617396245807,0.255463965424847,0.00468676959879674,0,804145.3,3.02061930906206,0,0,0.380761348954892,3.40138065801696,804148.701380658
39.6,76.8,0,-35,0,20,-80,91.2317927040788,-76.8,20,80,submarine_no_wave,0.285617396245807,0.255463965424847,0.00468676959879674,0,804145.3,2.98890500305257,0,0,0.395387786740506,3.38429278979307,804148.68429279
39.7,77.6,0,-35,0,20,-80,91.9062565878951,-77.6,20,80,submarine_no_wave,0.285617396245807,0.255463965424847,0.00468676959879674,0,804145.3,2.95677201607179,0,0,0.409390644615502,3.36616266068729,804148.666162661
39.8,78.4,0,-35,0,20,-80,92.5827197699441,-78.4,20,80,submarine_no_wave,0.285617396245807,0.255463965424847,0.00468676959879674,0,804145.3,2.92428516957168,0,0,0.422784579496942,3.34706974906862,804148.647069749
39.9,79.2,0,-35,0,20,-80,93.2611387449242,-79.2,20,80,submarine_no_wave,0.285617396245807,0.255463965424847,0.00468676959879674,0,804145.3,2.89150489473434,0,0,0.435584229254423,3.32708912398876,804148.627089124
40,80,0,-35,0,20,-80,93.9414711402797,-80,20,80,submarine_no_wave,0.285617396245807,0.255463965424847,0.00468676959879674,0,804145.3,2.85848747561324,0,0,0.447804189921546,3.30629166553478,804148.606291666
40.1,80.8,0,-35,0,20,-80,94.6236756842599,-80.8,20,80,submarine_no_wave,0.285617396245807,0.255463965424847,0.00468676959879674,0,804145.3,2.82528528136896,0,0,0.459458994503942,3.2847442758729,804148.584744276
40.2,81.6,0,-35,0,20,-80,95.3077121748288,-81.6,20,80,submarine_no_wave,0.285617396245807,0.255463965424847,0.00468676959879674,0,804145.3,2.79194698783671,0,0,0.470563093325244,3.26251008116195,804148.562510081
40.3,82.4,0,-35,0,20,-80,95.9935414494121,-82.4,20,80,submarine_no_wave,0.285617396245807,0.255463965424847,0.00468676959879674,0,804145.3,2.75851778869103,0,0,0.481130835851743,3.23964862454277,804148.539648625
40.4,83.2,0,-35,0,20,-80,96.6811253554694,-83.2,20,80,submarine_no_wave,0.285617396245807,0.255463965424847,0.00468676959879674,0,804145.3,2.72503959649642,0,0,0.491176453936178,3.2162160504326,804148.51621605
40.5,84,0,-35,0,20,-80,97.3704267218748,-84,20,80,submarine_no_wave,0.285617396245807,0.255463965424847,0.00468676959879674,0,804145.3,2.69155123395005,0,0,0.500714046421044,3.19226528037109,804148.49226528
40.6,84.8,0,-35,0,20,-80,98.0614093310921,-84.8,20,80,submarine_no_wave,0.285617396245807,0.255463965424847,0.00468676959879674,0,804145.3,2.65808861563618,0,0,0.509757565042075,3.16784618067826,804148.467846181
40.7,85.6,0,-35,0,20,-80,98.7540378921288,-85.6,20,80,submarine_no_wave,0.285617396245807,0.255463965424847,0.00468676959879674,0,804145.3,2.62468492062104,0,0,0.518320801572993,3.14300572219403,804148.443005722
40.8,86.4,0,-35,0,20,-80,99.4482780142522,-86.4,20,80,submarine_no_wave,0.285617396245807,0.255463965424847,0.00468676959879674,0,804145.3,2.59137075622282,0,0,0.526417376153293,3.11778813237611,804148.417788132
40.9,87.2,0,-35,0,20,-80,100.144096181452,-87.2,20,80,submarine_no_wave,0.285617396245807,0.255463965424847,0.00468676959879674,0,804145.3,2.55817431329461,0,0,0.534060726741681,3.09223504003629,804148.39223504
41,88,0,-35,0,20,-80,100.841459727634,-88,20,80,submarine_no_wave,0.285617396245807,0.255463965424847,0.00468676959879674,0,804145.3,2.52512151335826,0,0,0.541264099638779,3.06638561299704,804148.366385613
41.1,88.8,0,-35,0,20,-80,101.54033681252,-88.8,20,80,submarine_no_wave,0.285617396245807,0.255463965424847,0.00468676959879674,0,804145.3,2.49223614792571,0,0,0.548040541023894,3.04027668894961,804148.340276689
41.2,89.6,0,-35,0,20,-80,102.240696398254,-89.6,20,80,submarine_no_wave,0.285617396245807,0.255463965424847,0.00468676959879674,0,804145.3,2.45954001034067,0,0,0.554402889451872,3.01394289979255,804148.3139429
41.3,90.4,0,-35,0,20,-80,102.94250822668,-90.4,20,80,submarine_no_wave,0.285617396245807,0.255463965424847,0.00468676959879674,0,804145.3,2.42705302046872,0,0,0.560363769257441,2.98741678972616,804148.28741679
41.4,91.2,0,-35,0,20,-80,103.64574279728,-91.2,20,80,submarine_no_wave,0.285617396245807,0.255463965424847,0.00468676959879674,0,804145.3,2.39479334255734,0,0,0.565935584815931,2.96072892737328,804148.260728927
41.5,92,0,-35,0,20,-80,104.35037134577,-92,20,80,submarine_no_wave,0.285617396245807,0.255463965424847,0.00468676959879674,0,804145.3,2.36277749658049,0,0,0.571130515610711,2.9339080121912,804148.233908012
41.6,92.8,0,-35,0,20,-80,105.056365823305,-92.8,20,80,submarine_no_wave,0.285617396245807,0.255463965424847,0.00468676959879674,0,804145.3,2.33102046337379,0,0,0.575960512059334,2.90698097543313,804148.206980975
41.7,93.6,0,-35,0,20,-80,105.763698876316,-93.6,20,80,submarine_no_wave,0.285617396245807,0.255463965424847,0.00468676959879674,0,804145.3,2.29953578385807,0,0,0.580437292051944,2.87997307591002,804148.179973076
41.8,94.4,0,-35,0,20,-80,106.47234382693,-94.4,20,80,submarine_no_wave,0.285617396245807,0.255463965424847,0.00468676959879674,0,804145.3,2.26833565263932,0,0,0.584572338157171,2.85290799079649,804148.152907991
41.9,95.2,0,-35,0,20,-80,107.182274653974,-95.2,20,80,submarine_no_wave,0.285617396245807,0.255463965424847,0.00468676959879674,0,804145.3,2.23743100626388,0,0,0.588376895452414,2.82580790171629,804148.125807902
42,96,0,-35,0,20,-80,107.893465974544,-96,20,80,submarine_no_wave,0.285617396245807,0.255463965424847,0.00468676959879674,0,804145.3,2.20683160639752,0,0,0.591861969937048,2.79869357633457,804148.098693576
42.1,96.8,0,-35,0,20,-80,108.605893026115,-96.8,20,80,submarine_no_wave,0.285617396245807,0.255463965424847,0.00468676959879674,0,804145.3,2.17654611818734,0,0,0.595038327488849,2.77158444567619,804148.071584446
42.2,97.6,0,-35,0,20,-80,109.319531649198,-97.6,20,80,submarine_no_wave,0.285617396245807,0.255463965424847,0.00468676959879674,0,804145.3,2.14658218405489,0,0,0.5979164933255,2.74449867738039,804148.044498677
42.3,98.4,0,-35,0,20,-80,110.034358270497,-98.4,20,80,submarine_no_wave,0.285617396245807,0.255463965424847,0.00468676959879674,0,804145.3,2.11694649315955,0,0,0.600506751934809,2.71745324509436,804148.017453245
42.4,99.2,0,-35,0,20,-80,110.75034988658,-99.2,20,80,submarine_no_wave,0.285617396245807,0.255463965424847,0.00468676959879674,0,804145.3,2.08764484676037,0,0,0.602819147438811,2.69046399419918,804147.990463994
42.5,100,0,-35,0,20,-80,111.46748404804,-100,20,80,submarine_no_wave,0.285617396245807,0.255463965424847,0.00468676959879674,0,804145.3,2.05868221969554,0,0,0.604863484358633,2.66354570405418,804147.963545704
42.6,100.8,0,-35,0,20,-80,112.185738844115,-100.8,20,80,submarine_no_wave,0.285617396245807,0.255463965424847,0.00468676959879674,0,804145.3,2.03006281818823,0,0,0.6066493287485,2.63671214693673,804147.936712147
42.7,101.6,0,-35,0,20,-80,112.905092887788,-101.6,20,80,submarine_no_wave,0.285617396245807,0.255463965424847,0.00468676959879674,0,804145.3,2.00179013417855,0,0,0.608186009668903,2.60997614384745,804147.909976144
42.8,102.4,0,-35,0,20,-80,113.625525301316,-102.4,20,80,submarine_no_wave,0.285617396245807,0.255463965424847,0.00468676959879674,0,804145.3,1.97386699637191,0,0,0.609482620970392,2.5833496173423,804147.883349617
42.9,103.2,0,-35,0,20,-80,114.347015702204,-103.2,20,80,submarine_no_wave,0.285617396245807,0.255463965424847,0.00468676959879674,0,804145.3,1.94629561818497,0,0,0.610548023360989,2.55684364154595,804147.856843642
43,104,0,-35,0,20,-80,115.06954418959,-104,20,80,submarine_no_wave,0.285617396245807,0.255463965424847,0.00468676959879674,0,804145.3,1.91907764276176,0,0,0.611390846731625,2.53046848949338,804147.83046849
43.1,104.8,0,-35,0,20,-80,115.793091331046,-104.8,20,80,submarine_no_wave,0.285617396245807,0.255463965424847,0.00468676959879674,0,804145.3,1.89221418522411,0,0,0.612019492715417,2.50423367793953,804147.804233678
43.2,105.6,0,-35,0,20,-80,116.517638149767,-105.6,20,80,submarine_no_wave,0.285617396245807,0.255463965424847,0.00468676959879674,0,804145.3,1.86570587231211,0,0,0.61244213745794,2.47814800977005,804147.77814801
43.3,106.4,0,-35,0,20,-80,117.243166112145,-106.4,20,80,submarine_no_wave,0.285617396245807,0.255463965424847,0.00468676959879674,0,804145.3,1.83955287956276,0,0,0.612666734576961,2.45221961413972,804147.752219614
43.4,107.2,0,-35,0,20,-80,117.969657115718,-107.2,20,80,submarine_no_wave,0.285617396245807,0.255463965424847,0.00468676959879674,0,804145.3,1.81375496616719,0,0,0.61270101829136,2.42645598445855,804147.726455985
43.5,108,0,-35,0,20,-80,118.697093477473,-108,20,80,submarine_no_wave,0.285617396245807,0.255463965424847,0.00468676959879674,0,804145.3,1.78831150763968,0,0,0.612552506700168,2.40086401433985,804147.700864014
43.6,108.8,0,-35,0,20,-80,119.425457922505,-108.8,20,80,submarine_no_wave,0.285617396245807,0.255463965424847,0.00468676959879674,0,804145.3,1.7632215264246,0,0,0.612228505193828,2.37545003161843,804147.675450032
43.7,109.6,0,-35,0,20,-80,120.154733573006,-109.6,20,80,submarine_no_wave,0.285617396245807,0.255463965424847,0.00468676959879674,0,804145.3,1.73848372056082,0,0,0.611736109980896,2.35021983054172,804147.650219831
43.8,110.4,0,-35,0,20,-80,120.884903937588,-110.4,20,80,submarine_no_wave,0.285617396245807,0.255463965424847,0.00468676959879674,0,804145.3,1.71409649051684,0,0,0.61108221171446,2.3251787022313,804147.625178702
43.9,111.2,0,-35,0,20,-80,121.615952900925,-111.2,20,80,submarine_no_wave,0.285617396245807,0.255463965424847,0.00468676959879674,0,804145.3,1.69005796430355,0,0,0.610273499203608,2.30033146350716,804147.600331464
44,112,0,-35,0,20,-80,122.347864713692,-112,20,80,submarine_no_wave,0.285617396245807,0.255463965424847,0.00468676959879674,0,804145.3,1.66636602096596,0,0,0.609316463196223,2.27568248416218,804147.575682484
44.1,112.8,0,-35,0,20,-80,123.080623982819,-112.8,20,80,submarine_no_wave,0.285617396245807,0.255463965424847,0.00468676959879674,0,804145.3,1.64301831254963,0,0,0.608217400220338,2.25123571276997,804147.551235713
44.2,113.6,0,-35,0,20,-80,123.814215662015,-113.6,20,80,submarine_no_wave,0.285617396245807,0.255463965424847,0.00468676959879674,0,804145.3,1.62001228463213,0,0,0.606982416472168,2.2269947011043,804147.526994701
44.3,114.4,0,-35,0,20,-80,124.548625042591,-114.4,20,80,submarine_no_wave,0.285617396245807,0.255463965424847,0.00468676959879674,0,804145.3,1.59734519550507,0,0,0.60561743173978,2.20296262724485,804147.502962627
44.4,115.2,0,-35,0,20,-80,125.283837744539,-115.2,20,80,submarine_no_wave,0.285617396245807,0.255463965424847,0.00468676959879674,0,804145.3,1.57501413408729,0,0,0.604128183352175,2.17914231743946,804147.479142317
44.5,116,0,-35,0,20,-80,126.019839707881,-116,20,80,submarine_no_wave,0.285617396245807,0.255463965424847,0.00468676959879674,0,804145.3,1.55301603664533,0,0,0.602520230144312,2.15553626678965,804147.455536267
44.6,116.8,0,-35,0,20,-80,126.756617184272,-116.8,20,80,submarine_no_wave,0.285617396245807,0.255463965424847,0.00468676959879674,0,804145.3,1.53134770239317,0,0,0.60079895642934,2.13214665882251,804147.432146659
44.7,117.6,0,-35,0,20,-80,127.494156728848,-117.6,20,80,submarine_no_wave,0.285617396245807,0.255463965424847,0.00468676959879674,0,804145.3,1.51000580803866,0,0,0.598969575969971,2.10897538400863,804147.408975384
44.8,118.4,0,-35,0,20,-80,128.232445192315,-118.4,20,80,submarine_no_wave,0.285617396245807,0.255463965424847,0.00468676959879674,0,804145.3,1.48898692134098,0,0,0.597037135941602,2.08602405728258,804147.386024057
44.9,119.2,0,-35,0,20,-80,128.971469713266,-119.2,20,80,submarine_no_wave,0.285617396245807,0.255463965424847,0.00468676959879674,0,804145.3,1.46828751373897,0,0,0.595006520880391,2.06329403461936,804147.363294035
45,120,0,-35,0,20,-80,129.711217710728,-120,20,80,submarine_no_wave,0.285617396245807,0.255463965424847,0.00468676959879674,0,804145.3,1.44790397210737,0,0,0.592882456610067,2.04078642871743,804147.340786429
45.1,120.8,0,-35,0,20,-80,130.451676876919,-120.8,20,80,submarine_no_wave,0.285617396245807,0.255463965424847,0.00468676959879674,0,804145.3,1.42783260969434,0,0,0.590669514141819,2.01850212383616,804147.318502124
45.2,121.6,0,-35,0,20,-80,131.192835170218,-121.6,20,80,submarine_no_wave,0.285617396245807,0.255463965424847,0.00468676959879674,0,804145.3,1.4080696762907,0,0,0.588372113542102,1.99644178983281,804147.29644179
45.3,122.4,0,-35,0,20,-80,131.934680808345,-122.4,20,80,submarine_no_wave,0.285617396245807,0.255463965424847,0.00468676959879674,0,804145.3,1.38861136767834,0,0,0.585994527763698,1.97460589544204,804147.274605896
45.4,123.2,0,-35,0,20,-80,132.67720226173,-123.2,20,80,submarine_no_wave,0.285617396245807,0.255463965424847,0.00468676959879674,0,804145.3,1.36945383440242,0,0,0.583540886435811,1.95299472083824,804147.252994721
45.5,124,0,-35,0,20,-80,133.420388247074,-124,20,80,submarine_no_wave,0.285617396245807,0.255463965424847,0.00468676959879674,0,804145.3,1.35059318990965,0,0,0.581015179609413,1.93160836951907,804147.23160837
45.6,124.8,0,-35,0,20,-80,134.164227721103,-124.8,20,80,submarine_no_wave,0.285617396245807,0.255463965424847,0.00468676959879674,0,804145.3,1.33202551809192,0,0,0.578421261454441,1.91044677954636,804147.21044678
45.7,125.6,0,-35,0,20,-80,134.908709874493,-125.6,20,80,submarine_no_wave,0.285617396245807,0.255463965424847,0.00468676959879674,0,804145.3,1.31374688027287,0,0,0.575762853905846,1.88950973417871,804147.189509734
45.8,126.4,0,-35,0,20,-80,135.653824125971,-126.4,20,80,submarine_no_wave,0.285617396245807,0.255463965424847,0.00468676959879674,0,804145.3,1.29575332167219,0,0,0.573043550255809,1.868796871928,804147.168796872
45.9,127.2,0,-35,0,20,-80,136.399560116593,-127.2,20,80,submarine_no_wave,0.285617396245807,0.255463965424847,0.00468676959879674,0,804145.3,1.27804087738084,0,0,0.570266818689793,1.84830769607063,804147.148307696
46,128,0,-35,0,20,-80,137.145907704167,-128,20,80,submarine_no_wave,0.285617396245807,0.255463965424847,0.00468676959879674,0,804145.3,1.26060557787807,0,0,0.567436005764398,1.82804158364246,804147.128041584
46.1,128.8,0,-35,0,20,-80,137.892856957857,-128.8,20,80,submarine_no_wave,0.285617396245807,0.255463965424847,0.00468676959879674,0,804145.3,1.24344345411944,0,0,0.56455433982526,1.8079977939447,804147.107997794
46.2,129.6,0,-35,0,20,-80,138.640398152919,-129.6,20,80,submarine_no_wave,0.285617396245807,0.255463965424847,0.00468676959879674,0,804145.3,1.22655054222331,0,0,0.5616249343635,1.78817547658681,804147.088175477
46.3,130.4,0,-35,0,20,-80,139.388521765603,-130.4,20,80,submarine_no_wave,0.285617396245807,0.255463965424847,0.00468676959879674,0,804145.3,1.20992288778152,0,0,0.558650791309498,1.76857367909102,804147.068573679
46.4,131.2,0,-35,0,20,-80,140.137218468186,-131.2,20,80,submarine_no_wave,0.285617396245807,0.255463965424847,0.00468676959879674,0,804145.3,1.19355654981851,0,0,0.555634804262952,1.74919135408146,804147.049191354
46.5,132,0,-35,0,20,-80,140.886479124152,-132,20,80,submarine_no_wave,0.285617396245807,0.255463965424847,0.00468676959879674,0,804145.3,1.17744760442168,0,0,0.552579761658424,1.7300273660801,804147.030027366
46.6,132.8,0,-35,0,20,-80,141.636294783505,-132.8,20,80,submarine_no_wave,0.285617396245807,0.255463965424847,0.00468676959879674,0,804145.3,1.1615921480643,0,0,0.549488349865758,1.71108049793005,804147.011080498
46.7,133.6,0,-35,0,20,-80,142.386656678215,-133.6,20,80,submarine_no_wave,0.285617396245807,0.255463965424847,0.00468676959879674,0,804145.3,1.14598630064118,0,0,0.546363156224947,1.69234945686613,804146.992349457
46.8,134.4,0,-35,0,20,-80,143.137556217787,-134.4,20,80,submarine_no_wave,0.285617396245807,0.255463965424847,0.00468676959879674,0,804145.3,1.13062620823593,0,0,0.543206672015153,1.67383288025108,804146.97383288
46.9,135.2,0,-35,0,20,-80,143.888984984953,-135.2,20,80,submarine_no_wave,0.285617396245807,0.255463965424847,0.00468676959879674,0,804145.3,1.11550804563741,0,0,0.54002129535779,1.6555293409952,804146.955529341
47,136,0,-35,0,20,-80,144.640934731493,-136,20,80,submarine_no_wave,0.285617396245807,0.255463965424847,0.00468676959879674,0,804145.3,1.10062801862236,0,0,0.536809334053678,1.63743735267603,804146.937437353
47.1,136.8,0,-35,0,20,-80,145.393397374159,-136.8,20,80,submarine_no_wave,0.285617396245807,0.255463965424847,0.00468676959879674,0,804145.3,1.08598236601938,0,0,0.533573008354414,1.61955537437379,804146.919555374
47.2,137.6,0,-35,0,20,-80,146.146364990717,-137.6,20,80,submarine_no_wave,0.285617396245807,0.255463965424847,0.00468676959879674,0,804145.3,1.07156736156937,0,0,0.530314453668229,1.6018818152376,804146.901881815
47.3,138.4,0,-35,0,20,-80,146.899829816103,-138.4,20,80,submarine_no_wave,0.285617396245807,0.255463965424847,0.00468676959879674,0,804145.3,1.05737931559595,0,0,0.527035723200711,1.58441503879666,804146.884415039
47.4,139.2,0,-35,0,20,-80,147.653784238671,-139.2,20,80,submarine_no_wave,0.285617396245807,0.255463965424847,0.00468676959879674,0,804145.3,1.04341457649874,0,0,0.523738790530838,1.56715336702958,804146.867153367
47.5,140,0,-35,0,20,-80,148.408220796558,-140,20,80,submarine_no_wave,0.285617396245807,0.255463965424847,0.00468676959879674,0,804145.3,1.02966953208195,0,0,0.520425552122903,1.55009508420485,804146.850095084
47.6,140.8,0,-35,0,20,-80,149.16313217414,-140.8,20,80,submarine_no_wave,0.285617396245807,0.255463965424847,0.00468676959879674,0,804145.3,1.01614061072922,0,0,0.517097829774934,1.53323844050416,804146.833238441
47.7,141.6,0,-35,0,20,-80,149.918511198584,-141.6,20,80,submarine_no_wave,0.285617396245807,0.255463965424847,0.00468676959879674,0,804145.3,1.00282428243578,0,0,0.513757373004341,1.51658165544012,804146.816581656
47.8,142.4,0,-35,0,20,-80,150.674350836498,-142.4,20,80,submarine_no_wave,0.285617396245807,0.255463965424847,0.00468676959879674,0,804145.3,0.989717059707643,0,0,0.510405861371525,1.50012292107917,804146.800122921
47.9,143.2,0,-35,0,20,-80,151.430644190666,-143.2,20,80,submarine_no_wave,0.285617396245807,0.255463965424847,0.00468676959879674,0,804145.3,0.976815498337388,0,0,0.507044906742302,1.48386040507969,804146.783860405
48,144,0,-35,0,20,-80,152.187384496876,-144,20,80,submarine_no_wave,0.285617396245807,0.255463965424847,0.00468676959879674,0,804145.3,0.964116198065289,0,0,0.503676055489987,1.46779225355528,804146.767792254
48.1,144.8,0,-35,0,20,-80,152.944565120831,-144.8,20,80,submarine_no_wave,0.285617396245807,0.255463965424847,0.00468676959879674,0,804145.3,0.951615803134002,0,0,0.500300790638067,1.45191659377207,804146.751916594
48.2,145.6,0,-35,0,20,-80,153.702179555138,-145.6,20,80,submarine_no_wave,0.285617396245807,0.255463965424847,0.00468676959879674,0,804145.3,0.939311002744575,0,0,0.496920533944412,1.43623153668899,804146.736231537
48.3,146.4,0,-35,0,20,-80,154.460221416389,-146.4,20,80,submarine_no_wave,0.285617396245807,0.255463965424847,0.00468676959879674,0,804145.3,0.927198531421016,0,0,0.493536647928011,1.42073517934903,804146.720735179
48.4,147.2,0,-35,0,20,-80,155.218684442305,-147.2,20,80,submarine_no_wave,0.285617396245807,0.255463965424847,0.00468676959879674,0,804145.3,0.915275169290194,0,0,0.490150437839239,1.40542560712943,804146.705425607
48.5,148,0,-35,0,20,-80,155.977562488968,-148,20,80,submarine_no_wave,0.285617396245807,0.255463965424847,0.00468676959879674,0,804145.3,0.903537742283438,0,0,0.486763153574705,1.39030089585814,804146.690300896
48.6,148.8,0,-35,0,20,-80,156.736849528118,-148.8,20,80,submarine_no_wave,0.285617396245807,0.255463965424847,0.00468676959879674,0,804145.3,0.891983122265772,0,0,0.483375991537727,1.3753591138035,804146.675359114
48.7,149.6,0,-35,0,20,-80,157.496539644527,-149.6,20,80,submarine_no_wave,0.285617396245807,0.255463965424847,0.00468676959879674,0,804145.3,0.880608227098373,0,0,0.479990096445501,1.36059832354387,804146.660598324
48.8,150.4,0,-35,0,20,-80,158.256627033436,-150.4,20,80,submarine_no_wave,0.285617396245807,0.255463965424847,0.00468676959879674,0,804145.3,0.86941002063944,0,0,0.476606563084069,1.34601658372351,804146.646016584
48.9,151.2,0,-35,0,20,-80,159.017105998065,-151.2,20,80,submarine_no_wave,0.285617396245807,0.255463965424847,0.00468676959879674,0,804145.3,0.858385512688376,0,0,0.473226438012148,1.33161195070052,804146.631611951
49,152,0,-35,0,20,-80,159.777970947187,-152,20,80,submarine_no_wave,0.285617396245807,0.255463965424847,0.00468676959879674,0,804145.3,0.847531758877838,0,0,0.46985072121495,1.31738248009279,804146.61738248
49.1,152.8,0,-35,0,20,-80,160.539216392756,-152.8,20,80,submarine_no_wave,0.285617396245807,0.255463965424847,0.00468676959879674,0,804145.3,0.836845860517917,0,0,0.466480367709067,1.30332622822698,804146.603326228
49.2,153.6,0,-35,0,20,-80,161.300836947612,-153.6,20,80,submarine_no_wave,0.285617396245807,0.255463965424847,0.00468676959879674,0,804145.3,0.826324964396435,0,0,0.463116289099538,1.28944125349597,804146.589441254
49.3,154.4,0,-35,0,20,-80,162.062827323233,-154.4,20,80,submarine_no_wave,0.285617396245807,0.255463965424847,0.00468676959879674,0,804145.3,0.815966262539115,0,0,0.459759355090197,1.27572561762931,804146.575725618
49.4,155.2,0,-35,0,20,-80,162.82518232755,-155.2,20,80,submarine_no_wave,0.285617396245807,0.255463965424847,0.00468676959879674,0,804145.3,0.805766991933064,0,0,0.456410394948393,1.26217738688146,804146.562177387
49.5,156,0,-35,0,20,-80,163.587896862818,-156,20,80,submarine_no_wave,0.285617396245807,0.255463965424847,0.00468676959879674,0,804145.3,0.795724434216875,0,0,0.453070198925179,1.24879463314205,804146.548794633
49.6,156.8,0,-35,0,20,-80,164.350965923538,-156.8,20,80,submarine_no_wave,0.285617396245807,0.255463965424847,0.00468676959879674,0,804145.3,0.785835915340336,0,0,0.449739519632047,1.23557543497238,804146.535575435
49.7,157.6,0,-35,0,20,-80,165.114384594438,-157.6,20,80,submarine_no_wave,0.285617396245807,0.255463965424847,0.00468676959879674,0,804145.3,0.776098805196624,0,0,0.446419073375286,1.22251787857191,804146.522517879
49.8,158.4,0,-35,0,20,-80,165.8781480485,-158.4,20,80,submarine_no_wave,0.285617396245807,0.255463965424847,0.00468676959879674,0,804145.3,0.766510517229605,0,0,0.443109541449036,1.20962005867864,804146.509620059
49.9,159.2,0,-35,0,20,-80,166.642251545039,-159.2,20,80,submarine_no_wave,0.285617396245807,0.255463965424847,0.00468676959879674,0,804145.3,0.757068508018722,0,0,0.439811571388072,1.19688007940679,804146.49688008
50,160,0,-35,0,20,-80,167.406690427832,-160,20,80,submarine_no_wave,0.285617396245807,0.255463965424847,0.00468676959879674,0,804145.3,0.747770276843761,0,0,0.436525778181375,1.18429605502514,804146.484296055
50.1,160.8,0,-35,0,20,-80,168.171460123292,-160.8,20,80,submarine_no_wave,0.285617396245807,0.255463965424847,0.00468676959879674,0,804145.3,0.738613365231657,0,0,0.43325274544751,1.17186611067917,804146.471866111
50.2,161.6,0,-35,0,20,-80,168.936556138688,-161.6,20,80,submarine_no_wave,0.285617396245807,0.255463965424847,0.00468676959879674,0,804145.3,0.729595356487303,0,0,0.429993026572825,1.15958838306013,804146.459588383
50.3,162.4,0,-35,0,20,-80,169.70197406041,-162.4,20,80,submarine_no_wave,0.285617396245807,0.255463965424847,0.00468676959879674,0,804145.3,0.72071387521027,0,0,0.426747145813459,1.14746102102373,804146.447461021
50.4,163.2,0,-35,0,20,-80,170.467709552279,-163.2,20,80,submarine_no_wave,0.285617396245807,0.255463965424847,0.00468676959879674,0,804145.3,0.711966586799112,0,0,0.423515599362155,1.13548218616127,804146.435482186
50.5,164,0,-35,0,20,-80,171.233758353895,-164,20,80,submarine_no_wave,0.285617396245807,0.255463965424847,0.00468676959879674,0,804145.3,0.703351196944916,0,0,0.420298856380834,1.12365005332575,804146.423650053
50.6,164.8,0,-35,0,20,-80,172.00011627903,-164.8,20,80,submarine_no_wave,0.285617396245807,0.255463965424847,0.00468676959879674,0,804145.3,0.69486545111555,0,0,0.417097359999869,1.11196281111542,804146.411962811
50.7,165.6,0,-35,0,20,-80,172.766779214061,-165.6,20,80,submarine_no_wave,0.285617396245807,0.255463965424847,0.00468676959879674,0,804145.3,0.686507134032014,0,0,0.41391152828501,1.10041866231702,804146.400418662
50.8,166.4,0,-35,0,20,-80,173.533743116433,-166.4,20,80,submarine_no_wave,0.285617396245807,0.255463965424847,0.00468676959879674,0,804145.3,0.678274069138191,0,0,0.410741755172847,1.08901582431104,804146.389015824
50.9,167.2,0,-35,0,20,-80,174.301004013173,-167.2,20,80,submarine_no_wave,0.285617396245807,0.255463965424847,0.00468676959879674,0,804145.3,0.670164118065169,0,0,0.407588411375733,1.0777525294409,804146.377752529
51,168,0,-35,0,20,-80,175.068557999431,-168,20,80,submarine_no_wave,0.285617396245807,0.255463965424847,0.00468676959879674,0,804145.3,0.662175180091251,0,0,0.404451845257014,1.06662702534827,804146.366627025
51.1,168.8,0,-35,0,20,-80,175.836401237059,-168.8,20,80,submarine_no_wave,0.285617396245807,0.255463965424847,0.00468676959879674,0,804145.3,0.65430519159869,0,0,0.401332383677449,1.05563757527614,804146.355637575
51.2,169.6,0,-35,0,20,-80,176.604529953226,-169.6,20,80,submarine_no_wave,0.285617396245807,0.255463965424847,0.00468676959879674,0,804145.3,0.64655212552806,0,0,0.398230332813641,1.0447824583417,804146.344782458
51.3,170.4,0,-35,0,20,-80,177.372940439065,-170.4,20,80,submarine_no_wave,0.285617396245807,0.255463965424847,0.00468676959879674,0,804145.3,0.638913990831183,0,0,0.395145978949309,1.03405996978049,804146.33405997
51.4,171.2,0,-35,0,20,-80,178.14162904835,-171.2,20,80,submarine_no_wave,0.285617396245807,0.255463965424847,0.00468676959879674,0,804145.3,0.631388831923374,0,0,0.392079589240208,1.02346842116358,804146.323468421
51.5,172,0,-35,0,20,-80,178.910592196214,-172,20,80,submarine_no_wave,0.285617396245807,0.255463965424847,0.00468676959879674,0,804145.3,0.623974728135782,0,0,0.389031412453459,1.01300614058924,804146.313006141
51.6,172.8,0,-35,0,20,-80,179.679826357886,-172.8,20,80,submarine_no_wave,0.285617396245807,0.255463965424847,0.00468676959879674,0,804145.3,0.616669793168496,0,0,0.386001679682091,1.00267147285059,804146.302671473
51.7,173.6,0,-35,0,20,-80,180.449328067466,-173.6,20,80,submarine_no_wave,0.285617396245807,0.255463965424847,0.00468676959879674,0,804145.3,0.60947217454504,0,0,0.382990605035493,0.992462779580533,804146.29246278
51.8,174.4,0,-35,0,20,-80,181.219093916728,-174.4,20,80,submarine_no_wave,0.285617396245807,0.255463965424847,0.00468676959879674,0,804145.3,0.602380053068854,0,0,0.379998386306561,0.982378439375415,804146.282378439
51.9,175.2,0,-35,0,20,-80,181.98912055395,-175.2,20,80,submarine_no_wave,0.285617396245807,0.255463965424847,0.00468676959879674,0,804145.3,0.59539164228226,0,0,0.377025205616199,0.972416847898459,804146.272416848
52,176,0,-35,0,20,-80,182.759404682769,-176,20,80,submarine_no_wave,0.285617396245807,0.255463965424847,0.00468676959879674,0,804145.3,0.588505187928437,0,0,0.374071230035902,0.962576417964339,804146.262576418
52.1,176.8,0,-35,0,20,-80,183.529943061071,-176.8,20,80,submarine_no_wave,0.285617396245807,0.255463965424847,0.00468676959879674,0,804145.3,0.581718967416807,0,0,0.371136612189079,0.952855579605886,804146.25285558
52.2,177.6,0,-35,0,20,-80,184.300732499901,-177.6,20,80,submarine_no_wave,0.285617396245807,0.255463965424847,0.00468676959879674,0,804145.3,0.575031289292255,0,0,0.36822149083178,0.943252780124034,804146.24325278
52.3,178.4,0,-35,0,20,-80,185.071769862397,-178.4,20,80,submarine_no_wave,0.285617396245807,0.255463965424847,0.00468676959879674,0,804145.3,0.568440492708551,0,0,0.365325991413467,0.933766484122018,804146.233766484
52.4,179.2,0,-35,0,20,-80,185.843052062755,-179.2,20,80,submarine_no_wave,0.285617396245807,0.255463965424847,0.00468676959879674,0,804145.3,0.56194494690629,0,0,0.362450226618449,0.92439517352474,804146.224395174
52.5,180,0,-35,0,20,-80,186.614576065215,-180,20,80,submarine_no_wave,0.285617396245807,0.255463965424847,0.00468676959879674,0,804145.3,0.55554305069567,0,0,0.359594296888591,0.915137347584261,804146.215137348
52.6,180.8,0,-35,0,20,-80,187.386338883068,-180.8,20,80,submarine_no_wave,0.285617396245807,0.255463965424847,0.00468676959879674,0,804145.3,0.549233231944347,0,0,0.356758290927885,0.905991522872233,804146.205991523
52.7,181.6,0,-35,0,20,-80,188.15833757769,-181.6,20,80,submarine_no_wave,0.285617396245807,0.255463965424847,0.00468676959879674,0,804145.3,0.543013947070642,0,0,0.353942286189464,0.896956233260106,804146.196956233
52.8,182.4,0,-35,0,20,-80,188.930569257598,-182.4,20,80,submarine_no_wave,0.285617396245807,0.255463965424847,0.00468676959879674,0,804145.3,0.536883680542293,0,0,0.351146349345605,0.888030029887898,804146.18803003
52.9,183.2,0,-35,0,20,-80,189.703031077524,-183.2,20,80,submarine_no_wave,0.285617396245807,0.255463965424847,0.00468676959879674,0,804145.3,0.53084094438094,0,0,0.348370536741272,0.879211481122212,804146.179211481
53,184,0,-35,0,20,-80,190.475720237515,-184,20,80,submarine_no_wave,0.285617396245807,0.255463965424847,0.00468676959879674,0,804145.3,0.524884277672541,0,0,0.345614894831726,0.870499172504267,804146.170499173
53.1,184.8,0,-35,0,20,-80,191.24863398205,-184.8,20,80,submarine_no_wave,0.285617396245807,0.255463965424847,0.00468676959879674,0,804145.3,0.519012246083822,0,0,0.342879460604717,0.861891706688539,804146.161891707
53.2,185.6,0,-35,0,20,-80,192.021769599179,-185.6,20,80,submarine_no_wave,0.285617396245807,0.255463965424847,0.00468676959879674,0,804145.3,0.513223441384928,0,0,0.340164261987739,0.853387703372667,804146.153387703
53.3,186.4,0,-35,0,20,-80,192.79512441968,-186.4,20,80,submarine_no_wave,0.285617396245807,0.255463965424847,0.00468676959879674,0,804145.3,0.507516480978366,0,0,0.337469318240858,0.844985799219224,804146.144985799
53.4,187.2,0,-35,0,20,-80,193.56869581624,-187.2,20,80,submarine_no_wave,0.285617396245807,0.255463965424847,0.00468676959879674,0,804145.3,0.501890007434327,0,0,0.33479464033556,0.836684647769887,804146.136684648
53.5,188,0,-35,0,20,-80,194.342481202644,-188,20,80,submarine_no_wave,0.285617396245807,0.255463965424847,0.00468676959879674,0,804145.3,0.496342688032491,0,0,0.332140231320081,0.828482919352572,804146.128482919
53.6,188.8,0,-35,0,20,-80,195.116478032994,-188.8,20,80,submarine_no_wave,0.285617396245807,0.255463965424847,0.00468676959879674,0,804145.3,0.490873214310346,0,0,0.329506086671673,0.820379300982019,804146.120379301
53.7,189.6,0,-35,0,20,-80,195.89068380094,-189.6,20,80,submarine_no_wave,0.285617396245807,0.255463965424847,0.00468676959879674,0,804145.3,0.485480301618093,0,0,0.326892194636209,0.812372496254302,804146.112372496
53.8,190.4,0,-35,0,20,-80,196.665096038926,-190.4,20,80,submarine_no_wave,0.285617396245807,0.255463965424847,0.00468676959879674,0,804145.3,0.480162688680161,0,0,0.324298536555574,0.804461225235735,804146.104461225
53.9,191.2,0,-35,0,20,-80,197.439712317457,-191.2,20,80,submarine_no_wave,0.285617396245807,0.255463965424847,0.00468676959879674,0,804145.3,0.474919137163367,0,0,0.321725087183219,0.796644224346586,804146.096644224
54,192,0,-35,0,20,-80,198.214530244379,-192,20,80,submarine_no_wave,0.285617396245807,0.255463965424847,0.00468676959879674,0,804145.3,0.469748431251736,0,0,0.319171814988283,0.788920246240019,804146.088920246
54.1,192.8,0,-35,0,20,-80,198.989547464182,-192.8,20,80,submarine_no_wave,0.285617396245807,0.255463965424847,0.00468676959879674,0,804145.3,0.464649377227973,0,0,0.316638682448667,0.781288059676641,804146.08128806
54.2,193.6,0,-35,0,20,-80,199.764761657305,-193.6,20,80,submarine_no_wave,0.285617396245807,0.255463965424847,0.00468676959879674,0,804145.3,0.459620803061602,0,0,0.314125646333413,0.773746449395015,804146.073746449
54.3,194.4,0,-35,0,20,-80,200.540170539471,-194.4,20,80,submarine_no_wave,0.285617396245807,0.255463965424847,0.00468676959879674,0,804145.3,0.454661558003746,0,0,0.311632657974754,0.766294215978499,804146.066294216
54.4,195.2,0,-35,0,20,-80,201.315771861024,-195.2,20,80,submarine_no_wave,0.285617396245807,0.255463965424847,0.00468676959879674,0,804145.3,0.449770512188536,0,0,0.309159663530181,0.758930175718717,804146.058930176
54.5,196,0,-35,0,20,-80,202.091563406294,-196,20,80,submarine_no_wave,0.285617396245807,0.255463965424847,0.00468676959879674,0,804145.3,0.444946556241124,0,0,0.306706604234866,0.75165316047599,804146.05165316
54.6,196.8,0,-35,0,20,-80,202.867542992959,-196.8,20,80,submarine_no_wave,0.285617396245807,0.255463965424847,0.00468676959879674,0,804145.3,0.440188600892256,0,0,0.304273416644744,0.744462017537,804146.044462018
54.7,197.6,0,-35,0,20,-80,203.643708471438,-197.6,20,80,submarine_no_wave,0.285617396245807,0.255463965424847,0.00468676959879674,0,804145.3,0.435495576599378,0,0,0.301860032870604,0.737355609469981,804146.037355609
54.8,198.4,0,-35,0,20,-80,204.420057724285,-198.4,20,80,submarine_no_wave,0.285617396245807,0.255463965424847,0.00468676959879674,0,804145.3,0.430866433174229,0,0,0.299466380803458,0.730332813977686,804146.030332814
54.9,199.2,0,-35,0,20,-80,205.196588665601,-199.2,20,80,submarine_no_wave,0.285617396245807,0.255463965424847,0.00468676959879674,0,804145.3,0.426300139416866,0,0,0.297092384331507,0.723392523748373,804146.023392524
55,200,0,-35,0,20,-80,205.97329924046,-200,20,80,submarine_no_wave,0.285617396245807,0.255463965424847,0.00468676959879674,0,804145.3,0.421795682756077,0,0,0.29473796354898,0.716533646305057,804146.016533646
55.1,200.8,0,-35,0,20,-80,206.750187424341,-200.8,20,80,submarine_no_wave,0.285617396245807,0.255463965424847,0.00468676959879674,0,804145.3,0.417352068896109,0,0,0.292403034957122,0.709755103853232,804146.009755104
55.2,201.6,0,-35,0,20,-80,207.52725122258,-201.6,20,80,submarine_no_wave,0.285617396245807,0.255463965424847,0.00468676959879674,0,804145.3,0.412968321469679,0,0,0.290087511657603,0.703055833127282,804146.003055833
55.3,202.4,0,-35,0,20,-80,208.304488669832,-202.4,20,80,submarine_no_wave,0.285617396245807,0.255463965424847,0.00468676959879674,0,804145.3,0.408643481697167,0,0,0.287791303538601,0.696434785235768,804145.996434785
55.4,203.2,0,-35,0,20,-80,209.081897829535,-203.2,20,80,submarine_no_wave,0.285617396245807,0.255463965424847,0.00468676959879674,0,804145.3,0.404376608051953,0,0,0.285514317453821,0.689890925505774,804145.989890926
55.5,204,0,-35,0,20,-80,209.859476793401,-204,20,80,submarine_no_wave,0.285617396245807,0.255463965424847,0.00468676959879674,0,804145.3,0.400166775931818,0,0,0.283256457394679,0.683423233326496,804145.983423233
55.6,204.8,0,-35,0,20,-80,210.637223680906,-204.8,20,80,submarine_no_wave,0.285617396245807,0.255463965424847,0.00468676959879674,0,804145.3,0.396013077336335,0,0,0.281017624655892,0.677030701992227,804145.977030702
55.7,205.6,0,-35,0,20,-80,211.415136638794,-205.6,20,80,submarine_no_wave,0.285617396245807,0.255463965424847,0.00468676959879674,0,804145.3,0.391914620550183,0,0,0.278797717994711,0.670712338544894,804145.970712339
55.8,206.4,0,-35,0,20,-80,212.193213840594,-206.4,20,80,submarine_no_wave,0.285617396245807,0.255463965424847,0.00468676959879674,0,804145.3,0.387870529832297,0,0,0.276596633783998,0.664467163616295,804145.964467164
55.9,207.2,0,-35,0,20,-80,212.971453486142,-207.2,20,80,submarine_no_wave,0.285617396245807,0.255463965424847,0.00468676959879674,0,804145.3,0.383879945110792,0,0,0.274414266159372,0.658294211270165,804145.958294211
56,208,0,-35,0,20,-80,213.74985380112,-208,20,80,submarine_no_wave,0.285617396245807,0.255463965424847,0.00468676959879674,0,804145.3,0.379942021683574,0,0,0.272250507160636,0.652192528844211,804145.952192529
56.1,208.8,0,-35,0,20,-80,214.528413036595,-208.8,20,80,submarine_no_wave,0.285617396245807,0.255463965424847,0.00468676959879674,0,804145.3,0.376055929924556,0,0,0.270105246867662,0.646161176792218,804145.946161177
56.2,209.6,0,-35,0,20,-80,215.30712946858,-209.6,20,80,submarine_no_wave,0.285617396245807,0.255463965424847,0.00468676959879674,0,804145.3,0.372220854995403,0,0,0.267978373530955,0.640199228526358,804145.940199229
56.3,210.4,0,-35,0,20,-80,216.086001397592,-210.4,20,80,submarine_no_wave,0.285617396245807,0.255463965424847,0.00468676959879674,0,804145.3,0.36843599656273,0,0,0.265869773697056,0.634305770259786,804145.93430577
56.4,211.2,0,-35,0,20,-80,216.865027148224,-211.2,20,80,submarine_no_wave,0.285617396245807,0.255463965424847,0.00468676959879674,0,804145.3,0.36470056852066,0,0,0.263779332328985,0.628479900849646,804145.928479901
56.5,212,0,-35,0,20,-80,217.644205068731,-212,20,80,submarine_no_wave,0.285617396245807,0.255463965424847,0.00468676959879674,0,804145.3,0.361013798718671,0,0,0.261706932921885,0.622720731640555,804145.922720732
56.6,212.8,0,-35,0,20,-80,218.423533530616,-212.8,20,80,submarine_no_wave,0.285617396245807,0.255463965424847,0.00468676959879674,0,804145.3,0.357374928694635,0,0,0.259652457614038,0.617027386308673,804145.917027386
56.7,213.6,0,-35,0,20,-80,219.203010928226,-213.6,20,80,submarine_no_wave,0.285617396245807,0.255463965424847,0.00468676959879674,0,804145.3,0.353783213412994,0,0,0.257615787293426,0.611399000706419,804145.911399001
56.8,214.4,0,-35,0,20,-80,219.982635678364,-214.4,20,80,submarine_no_wave,0.285617396245807,0.255463965424847,0.00468676959879674,0,804145.3,0.350237921007952,0,0,0.255596801699974,0.605834722707926,804145.905834723
56.9,215.2,0,-35,0,20,-80,220.7624062199,-215.2,20,80,submarine_no_wave,0.285617396245807,0.255463965424847,0.00468676959879674,0,804145.3,0.34673833253164,0,0,0.253595379523652,0.600333712055293,804145.900333712
57,216,0,-35,0,20,-80,221.54232101339,-216,20,80,submarine_no_wave,0.285617396245807,0.255463965424847,0.00468676959879674,0,804145.3,0.343283741707143,0,0,0.251611398498562,0.594895140205705,804145.89489514
57.1,216.8,0,-35,0,20,-80,222.322378540713,-216.8,20,80,submarine_no_wave,0.285617396245807,0.255463965424847,0.00468676959879674,0,804145.3,0.33987345468632,0,0,0.249644735493161,0.589518190179481,804145.88951819
57.2,217.6,0,-35,0,20,-80,223.102577304701,-217.6,20,80,submarine_no_wave,0.285617396245807,0.255463965424847,0.00468676959879674,0,804145.3,0.336506789812336,0,0,0.247695266596766,0.584202056409102,804145.884202056
57.3,218.4,0,-35,0,20,-80,223.882915828788,-218.4,20,80,submarine_no_wave,0.285617396245807,0.255463965424847,0.00468676959879674,0,804145.3,0.333183077386819,0,0,0.245762867202453,0.578945944589272,804145.878945945
57.4,219.2,0,-35,0,20,-80,224.663392656659,-219.2,20,80,submarine_no_wave,0.285617396245807,0.255463965424847,0.00468676959879674,0,804145.3,0.329901659441566,0,0,0.243847412086499,0.573749071528065,804145.873749072
57.5,220,0,-35,0,20,-80,225.44400635191,-220,20,80,submarine_no_wave,0.285617396245807,0.255463965424847,0.00468676959879674,0,804145.3,0.326661889514722,0,0,0.241948775484481,0.568610664999203,804145.868610665
57.6,220.8,0,-35,0,20,-80,226.224755497713,-220.8,20,80,submarine_no_wave,0.285617396245807,0.255463965424847,0.00468676959879674,0,804145.3,0.323463132431336,0,0,0.240066831164148,0.563529963595484,804145.863529964
57.7,221.6,0,-35,0,20,-80,227.005638696487,-221.6,20,80,submarine_no_wave,0.285617396245807,0.255463965424847,0.00468676959879674,0,804145.3,0.320304764088239,0,0,0.238201452495198,0.558506216583437,804145.858506217
57.8,222.4,0,-35,0,20,-80,227.786654569577,-222.4,20,80,submarine_no_wave,0.285617396245807,0.255463965424847,0.00468676959879674,0,804145.3,0.317186171243149,0,0,0.236352512516049,0.553538683759198,804145.853538684
57.9,223.2,0,-35,0,20,-80,228.56780175694,-223.2,20,80,submarine_no_wave,0.285617396245807,0.255463965424847,0.00468676959879674,0,804145.3,0.314106751307926,0,0,0.234519883997733,0.54862663530566,804145.848626635
58,224,0,-35,0,20,-80,229.349078916834,-224,20,80,submarine_no_wave,0.285617396245807,0.255463965424847,0.00468676959879674,0,804145.3,0.311065912145921,0,0,0.232703439505004,0.543769351650926,804145.843769352
58.1,224.8,0,-35,0,20,-80,230.130484725514,-224.8,20,80,submarine_no_wave,0.285617396245807,0.255463965424847,0.00468676959879674,0,804145.3,0.308063071873309,0,0,0.230903051454769,0.538966123328079,804145.838966123
58.2,225.6,0,-35,0,20,-80,230.912017876939,-225.6,20,80,submarine_no_wave,0.285617396245807,0.255463965424847,0.00468676959879674,0,804145.3,0.305097658664367,0,0,0.229118592171932,0.534216250836299,804145.834216251
58.3,226.4,0,-35,0,20,-80,231.693677082479,-226.4,20,80,submarine_no_wave,0.285617396245807,0.255463965424847,0.00468676959879674,0,804145.3,0.302169110560596,0,0,0.227349933942753,0.529519044503349,804145.829519045
58.4,227.2,0,-35,0,20,-80,232.475461070626,-227.2,20,80,submarine_no_wave,0.285617396245807,0.255463965424847,0.00468676959879674,0,804145.3,0.299276875283637,0,0,0.225596949065806,0.524873824349442,804145.824873824
58.5,228,0,-35,0,20,-80,233.257368586718,-228,20,80,submarine_no_wave,0.285617396245807,0.255463965424847,0.00468676959879674,0,804145.3,0.296420410051884,0,0,0.223859509900628,0.520279919952512,804145.82027992
58.6,228.8,0,-35,0,20,-80,234.039398392664,-228.8,20,80,submarine_no_wave,0.285617396245807,0.255463965424847,0.00468676959879674,0,804145.3,0.293599181400751,0,0,0.222137488914145,0.515736670314896,804145.81573667
58.7,229.6,0,-35,0,20,-80,234.821549266672,-229.6,20,80,submarine_no_wave,0.285617396245807,0.255463965424847,0.00468676959879674,0,804145.3,0.290812665006498,0,0,0.220430758724949,0.511243423731447,804145.811243424
58.8,230.4,0,-35,0,20,-80,235.603820002987,-230.4,20,80,submarine_no_wave,0.285617396245807,0.255463965424847,0.00468676959879674,0,804145.3,0.28806034551357,0,0,0.218739192145515,0.506799537659084,804145.806799538
58.9,231.2,0,-35,0,20,-80,236.386209411632,-231.2,20,80,submarine_no_wave,0.285617396245807,0.255463965424847,0.00468676959879674,0,804145.3,0.285341716365354,0,0,0.217062662222427,0.502404378587781,804145.802404379
59,232,0,-35,0,20,-80,237.168716318152,-232,20,80,submarine_no_wave,0.285617396245807,0.255463965424847,0.00468676959879674,0,804145.3,0.282656279638322,0,0,0.215401042274695,0.498057321913017,804145.798057322
59.1,232.8,0,-35,0,20,-80,237.951339563365,-232.8,20,80,submarine_no_wave,0.285617396245807,0.255463965424847,0.00468676959879674,0,804145.3,0.280003545879461,0,0,0.213754205930218,0.49375775180968,804145.793757752
59.2,233.6,0,-35,0,20,-80,238.73407800312,-233.6,20,80,submarine_no_wave,0.285617396245807,0.255463965424847,0.00468676959879674,0,804145.3,0.27738303394695,0,0,0.212122027160486,0.489505061107436,804145.789505061
59.3,234.4,0,-35,0,20,-80,239.516930508054,-234.4,20,80,submarine_no_wave,0.285617396245807,0.255463965424847,0.00468676959879674,0,804145.3,0.274794270853996,0,0,0.210504380313562,0.485298651167558,804145.785298651
59.4,235.2,0,-35,0,20,-80,240.299895963357,-235.2,20,80,submarine_no_wave,0.285617396245807,0.255463965424847,0.00468676959879674,0,804145.3,0.272236791615799,0,0,0.208901140145426,0.481137931761224,804145.781137932
59.5,236,0,-35,0,20,-80,241.082973268541,-236,20,80,submarine_no_wave,0.285617396245807,0.255463965424847,0.00468676959879674,0,804145.3,0.269710139099551,0,0,0.207312181849734,0.477022320949285,804145.777022321
59.6,236.8,0,-35,0,20,-80,241.866161337216,-236.8,20,80,submarine_no_wave,0.285617396245807,0.255463965424847,0.00468676959879674,0,804145.3,0.267213863877434,0,0,0.205737381086058,0.472951244963492,804145.772951245
59.7,237.6,0,-35,0,20,-80,242.649459096863,-237.6,20,80,submarine_no_wave,0.285617396245807,0.255463965424847,0.00468676959879674,0,804145.3,0.264747524082534,0,0,0.204176614006658,0.468924138089191,804145.768924138
59.8,238.4,0,-35,0,20,-80,243.432865488619,-238.4,20,80,submarine_no_wave,0.285617396245807,0.255463965424847,0.00468676959879674,0,804145.3,0.262310685267641,0,0,0.202629757281838,0.464940442549479,804145.764940443
59.9,239.2,0,-35,0,20,-80,244.216379467062,-239.2,20,80,submarine_no_wave,0.285617396245807,0.255463965424847,0.00468676959879674,0,804145.3,0.259902920266851,0,0,0.201096688123961,0.460999608390812,804145.760999608
60,240,0,-35,0,20,-80,245,-240,20,80,submarine_no_wave,0.285617396245807,0.255463965424847,0.00468676959879674,0,804145.3,0.257523809059927,0,0,0.199577284310147,0.457101093370073,804145.757101093
