time_s,target_x_m,target_y_m,target_z_m,sensor_x_m,sensor_y_m,sensor_z_m,distance_m,longitudinal_offset_m,lateral_offset_m,observation_depth_m,regime,length_froude_number,depth_froude_number,wave_attenuation,transition_weight,hydrostatic_pressure_pa,body_dynamic_pressure_pa,free_surface_correction_pressure_pa,wave_pressure_pa,seabed_correction_pressure_pa,dynamic_pressure_pa,total_gauge_pressure_pa
0,-185.244243311364,0,-3,0,25,-25,188.213787167678,185.244243311364,25,25,surface_ship_shallow_subcritical,0.18,0.3286335345031,0,1,251295.40625,0.388122709381406,0.988691251725894,0.988691251725894,0.343489166797427,1.72030312790473,251297.126553128
0.1,-184.626762500327,0,-3,0,25,-25,187.606080475426,184.626762500327,25,25,surface_ship_shallow_subcritical,0.18,0.3286335345031,0,1,251295.40625,0.391781336793073,0.994992333986724,0.994992333986724,0.346453815270375,1.73322748605017,251297.139477486
0.2,-184.009281689289,0,-3,0,25,-25,186.998437821838,184.009281689289,25,25,surface_ship_shallow_subcritical,0.18,0.3286335345031,0,1,251295.40625,0.395485232551941,1.00135270578523,1.00135270578523,0.349450932283256,1.74628887062043,251297.152538871
0.3,-183.391800878251,0,-3,0,25,-25,186.390859833222,183.391800878251,25,25,surface_ship_shallow_subcritical,0.18,0.3286335345031,0,1,251295.40625,0.399235084307596,1.00777309729634,1.00777309729634,0.352480933506946,1.75948911511088,251297.165739115
0.4,-182.774320067213,0,-3,0,25,-25,185.783347144011,182.774320067213,25,25,surface_ship_shallow_subcritical,0.18,0.3286335345031,0,1,251295.40625,0.403031591978723,1.01425424968281,1.01425424968281,0.355544240368745,1.77283008203027,251297.179080082
0.5,-182.156839256175,0,-3,0,25,-25,185.175900396893,182.156839256175,25,25,surface_ship_shallow_subcritical,0.18,0.3286335345031,0,1,251295.40625,0.406875468001784,1.02079691528792,1.02079691528792,0.358641280128382,1.78631366341808,251297.192563663
0.6,-181.539358445137,0,-3,0,25,-25,184.568520242949,181.539358445137,25,25,surface_ship_shallow_subcritical,0.18,0.3286335345031,0,1,251295.40625,0.410767437585241,1.02740185783192,1.02740185783192,0.361772485954596,1.79994178137175,251297.206191781
0.7,-180.921877634099,0,-3,0,25,-25,183.961207341787,180.921877634099,25,25,surface_ship_shallow_subcritical,0.18,0.3286335345031,0,1,251295.40625,0.414708238969483,1.03406985261233,1.03406985261233,0.364938297002264,1.81371638858407,251297.219966389
0.8,-180.304396823061,0,-3,0,25,-25,183.353962361679,180.304396823061,25,25,surface_ship_shallow_subcritical,0.18,0.3286335345031,0,1,251295.40625,0.418698623692579,1.04080168670821,1.04080168670821,0.368139158490049,1.82763946889084,251297.233889469
0.9,-179.686916012024,0,-3,0,25,-25,182.746785979705,179.686916012024,25,25,surface_ship_shallow_subcritical,0.18,0.3286335345031,0,1,251295.40625,0.422739356862007,1.04759815918847,1.04759815918847,0.371375521778555,1.84171303782903,251297.247963038
1,-179.069435200986,0,-3,0,25,-25,182.139678881895,179.069435200986,25,25,surface_ship_shallow_subcritical,0.18,0.3286335345031,0,1,251295.40625,0.426831217432496,1.05446008132424,1.05446008132424,0.374647844448939,1.85593914320567,251297.262189143
1.1,-178.451954389948,0,-3,0,25,-25,181.532641763381,178.451954389948,25,25,surface_ship_shallow_subcritical,0.18,0.3286335345031,0,1,251295.40625,0.430974998490122,1.06138827680548,1.06138827680548,0.377956590381979,1.87031986567759,251297.276569866
1.2,-177.83447357891,0,-3,0,25,-25,180.925675328539,177.83447357891,25,25,surface_ship_shallow_subcritical,0.18,0.3286335345031,0,1,251295.40625,0.435171507542828,1.06838358196193,1.06838358196193,0.381302229837537,1.88485731934229,251297.291107319
1.3,-177.216992767872,0,-3,0,25,-25,180.31878029115,177.216992767872,25,25,surface_ship_shallow_subcritical,0.18,0.3286335345031,0,1,251295.40625,0.439421566817499,1.07544684598829,1.07544684598829,0.384685239534401,1.89955365234019,251297.305803652
1.4,-176.599511956834,0,-3,0,25,-25,179.71195737455,176.599511956834,25,25,surface_ship_shallow_subcritical,0.18,0.3286335345031,0,1,251295.40625,0.443726013563763,1.08257893117408,1.08257893117408,0.388106102730468,1.91441104746831,251297.320661047
1.5,-175.982031145796,0,-3,0,25,-25,179.105207311792,175.982031145796,25,25,surface_ship_shallow_subcritical,0.18,0.3286335345031,0,1,251295.40625,0.448085700364681,1.08978071313786,1.08978071313786,0.391565309303214,1.92943172280575,251297.335681723
1.6,-175.364550334758,0,-3,0,25,-25,178.498530845808,175.364550334758,25,25,surface_ship_shallow_subcritical,0.18,0.3286335345031,0,1,251295.40625,0.452501495454482,1.09705308106627,1.09705308106627,0.395063355830423,1.94461793235117,251297.350867932
1.7,-174.74706952372,0,-3,0,25,-25,177.891928729574,174.74706952372,25,25,surface_ship_shallow_subcritical,0.18,0.3286335345031,0,1,251295.40625,0.456974283043521,1.10439693795775,1.10439693795775,0.398600745671129,1.9599719666724,251297.366221967
1.8,-174.129588712683,0,-3,0,25,-25,177.285401726279,174.129588712683,25,25,surface_ship_shallow_subcritical,0.18,0.3286335345031,0,1,251295.40625,0.46150496365063,1.11181320087115,1.11181320087115,0.402177989046707,1.97549615356849,251297.381746154
1.9,-173.512107901645,0,-3,0,25,-25,176.678950609494,173.512107901645,25,25,surface_ship_shallow_subcritical,0.18,0.3286335345031,0,1,251295.40625,0.466094454443043,1.11930280117932,1.11930280117932,0.405795603122083,1.99119285874444,251297.397442859
2,-172.894627090607,0,-3,0,25,-25,176.072576163354,172.894627090607,25,25,surface_ship_shallow_subcritical,0.18,0.3286335345031,0,1,251295.40625,0.470743689584067,1.1268666848277,1.1268666848277,0.409454112086992,2.00706448649875,251297.413314487
2.1,-172.277146279569,0,-3,0,25,-25,175.466279182731,172.277146279569,25,25,surface_ship_shallow_subcritical,0.18,0.3286335345031,0,1,251295.40625,0.475453620588704,1.13450581259819,1.13450581259819,0.413154047237229,2.02311348042412,251297.42936348
2.2,-171.659665468531,0,-3,0,25,-25,174.86006047342,171.659665468531,25,25,surface_ship_shallow_subcritical,0.18,0.3286335345031,0,1,251295.40625,0.480225216687402,1.14222116037824,1.14222116037824,0.416895947055836,2.03934232412148,251297.445592324
2.3,-171.042184657493,0,-3,0,25,-25,174.253920852324,171.042184657493,25,25,surface_ship_shallow_subcritical,0.18,0.3286335345031,0,1,251295.40625,0.48505946519812,1.15001371943532,1.15001371943532,0.420680357294149,2.05575354192759,251297.462003542
2.4,-170.424703846455,0,-3,0,25,-25,173.647861147646,170.424703846455,25,25,surface_ship_shallow_subcritical,0.18,0.3286335345031,0,1,251295.40625,0.489957371906944,1.15788449669697,1.15788449669697,0.424507831052645,2.07234969965656,251297.4785997
2.5,-169.807223035417,0,-3,0,25,-25,173.041882199079,169.807223035417,25,25,surface_ship_shallow_subcritical,0.18,0.3286335345031,0,1,251295.40625,0.494919961457412,1.16583451503639,1.16583451503639,0.428378928861502,2.0891334053553,251297.495383405
2.6,-169.18974222438,0,-3,0,25,-25,172.43598485801,169.18974222438,25,25,surface_ship_shallow_subcritical,0.18,0.3286335345031,0,1,251295.40625,0.499948277748795,1.17386481356386,1.17386481356386,0.432294218760805,2.10610731007346,251297.51235731
2.7,-168.572261413342,0,-3,0,25,-25,171.830169987718,168.572261413342,25,25,surface_ship_shallow_subcritical,0.18,0.3286335345031,0,1,251295.40625,0.505043384343533,1.18197644792394,1.18197644792394,0.436254276380305,2.12327410864778,251297.529524109
2.8,-167.954780602304,0,-3,0,25,-25,171.224438463579,167.954780602304,25,25,surface_ship_shallow_subcritical,0.18,0.3286335345031,0,1,251295.40625,0.510206364884041,1.19017049059873,1.19017049059873,0.440259685018643,2.14063654050142,251297.546886541
2.9,-167.337299791266,0,-3,0,25,-25,170.618791173282,167.337299791266,25,25,surface_ship_shallow_subcritical,0.18,0.3286335345031,0,1,251295.40625,0.515438323519127,1.19844803121717,1.19844803121717,0.444311035721944,2.15819739045824,251297.56444739
3,-166.719818980228,0,-3,0,25,-25,170.013229017039,166.719818980228,25,25,surface_ship_shallow_subcritical,0.18,0.3286335345031,0,1,251295.40625,0.520740385340229,1.20681017687063,1.20681017687063,0.448408927361689,2.17595948957255,251297.58220949
3.1,-166.10233816919,0,-3,0,25,-25,169.407752907805,166.10233816919,25,25,surface_ship_shallow_subcritical,0.18,0.3286335345031,0,1,251295.40625,0.526113696827733,1.21525805243484,1.21525805243484,0.452553966711741,2.19392571597432,251297.600175716
3.2,-165.484857358152,0,-3,0,25,-25,168.802363771506,165.484857358152,25,25,surface_ship_shallow_subcritical,0.18,0.3286335345031,0,1,251295.40625,0.531559426307586,1.22379280089835,1.22379280089835,0.456746768524428,2.21209899573036,251297.618348996
3.3,-164.867376547114,0,-3,0,25,-25,168.197062547263,164.867376547114,25,25,surface_ship_shallow_subcritical,0.18,0.3286335345031,0,1,251295.40625,0.537078764418472,1.23241558369754,1.23241558369754,0.460987955605563,2.23048230372157,251297.636732304
3.4,-164.249895736076,0,-3,0,25,-25,167.591850187627,164.249895736076,25,25,surface_ship_shallow_subcritical,0.18,0.3286335345031,0,1,251295.40625,0.542672924589793,1.24112758105852,1.24112758105852,0.465278158888262,2.24907866453657,251297.655328665
3.5,-163.632414925039,0,-3,0,25,-25,166.986727658817,163.632414925039,25,25,surface_ship_shallow_subcritical,0.18,0.3286335345031,0,1,251295.40625,0.548343143530706,1.24992999234584,1.24992999234584,0.469618017505448,2.26789115338199,251297.674141153
3.6,-163.014934114001,0,-3,0,25,-25,166.381695940966,163.014934114001,25,25,surface_ship_shallow_subcritical,0.18,0.3286335345031,0,1,251295.40625,0.554090681730502,1.2588240364183,1.2588240364183,0.474008178860876,2.28692289700968,251297.693172897
3.7,-162.397453302963,0,-3,0,25,-25,165.776756028365,162.397453302963,25,25,surface_ship_shallow_subcritical,0.18,0.3286335345031,0,1,251295.40625,0.559916823970561,1.26781095199193,1.26781095199193,0.478449298698557,2.30617707466104,251297.712427075
3.8,-161.779972491925,0,-3,0,25,-25,165.171908929721,161.779972491925,25,25,surface_ship_shallow_subcritical,0.18,0.3286335345031,0,1,251295.40625,0.5658228798482,1.27689199801031,1.27689199801031,0.482942041170401,2.32565691902891,251297.731906919
3.9,-161.162491680887,0,-3,0,25,-25,164.567155668414,161.162491680887,25,25,surface_ship_shallow_subcritical,0.18,0.3286335345031,0,1,251295.40625,0.571810184312654,1.28606845402243,1.28606845402243,0.487487078901932,2.34536571723701,251297.751615717
4,-160.545010869849,0,-3,0,25,-25,163.962497282763,160.545010869849,25,25,surface_ship_shallow_subcritical,0.18,0.3286335345031,0,1,251295.40625,0.577880098213512,1.29534162056808,1.29534162056808,0.492085093055888,2.36530681183748,251297.771556812
4.1,-159.927530058811,0,-3,0,25,-25,163.357934826295,159.927530058811,25,25,surface_ship_shallow_subcritical,0.18,0.3286335345031,0,1,251295.40625,0.584034008861873,1.3047128195712,1.3047128195712,0.496736773393531,2.3854836018266,251297.791733602
4.2,-159.310049247773,0,-3,0,25,-25,162.753469368023,159.310049247773,25,25,surface_ship_shallow_subcritical,0.18,0.3286335345031,0,1,251295.40625,0.590273330604542,1.31418339474097,1.31418339474097,0.501442818333467,2.40589954367898,251297.812149544
4.3,-158.692568436736,0,-3,0,25,-25,162.149101992728,158.692568436736,25,25,surface_ship_shallow_subcritical,0.18,0.3286335345031,0,1,251295.40625,0.596599505411564,1.32375471198123,1.32375471198123,0.506203935007777,2.42655815240058,251297.832808152
4.4,-158.075087625698,0,-3,0,25,-25,161.544833801245,158.075087625698,25,25,surface_ship_shallow_subcritical,0.18,0.3286335345031,0,1,251295.40625,0.603014003477402,1.33342815980802,1.33342815980802,0.511020839315244,2.44746300260066,251297.853713003
4.5,-157.45760681466,0,-3,0,25,-25,160.940665910763,157.45760681466,25,25,surface_ship_shallow_subcritical,0.18,0.3286335345031,0,1,251295.40625,0.609518323836086,1.34320514977556,1.34320514977556,0.51589425597144,2.46861772958309,251297.87486773
4.6,-156.840126003622,0,-3,0,25,-25,160.336599455121,156.840126003622,25,25,surface_ship_shallow_subcritical,0.18,0.3286335345031,0,1,251295.40625,0.616113994990661,1.35308711691096,1.35308711691096,0.520824918555444,2.49002603045707,251297.89627603
4.7,-156.222645192584,0,-3,0,25,-25,159.732635585118,156.222645192584,25,25,surface_ship_shallow_subcritical,0.18,0.3286335345031,0,1,251295.40625,0.622802575557251,1.36307552015753,1.36307552015753,0.52581356955294,2.51169166526772,251297.917941665
4.8,-155.605164381546,0,-3,0,25,-25,159.128775468826,155.605164381546,25,25,surface_ship_shallow_subcritical,0.18,0.3286335345031,0,1,251295.40625,0.629585654924088,1.37317184282715,1.37317184282715,0.530860960395424,2.53361845814666,251297.939868458
4.9,-154.987683570508,0,-3,0,25,-25,158.525020291915,154.987683570508,25,25,surface_ship_shallow_subcritical,0.18,0.3286335345031,0,1,251295.40625,0.636464853925848,1.38337759306167,1.38337759306167,0.53596785149524,2.55581029848275,251297.962060298
5,-154.37020275947,0,-3,0,25,-25,157.921371257978,154.37020275947,25,25,surface_ship_shallow_subcritical,0.18,0.3286335345031,0,1,251295.40625,0.643441825533646,1.39369430430365,1.39369430430365,0.541135012276163,2.57827114211346,251297.984521142
5.1,-153.752721948432,0,-3,0,25,-25,157.317829588868,153.752721948432,25,25,surface_ship_shallow_subcritical,0.18,0.3286335345031,0,1,251295.40625,0.65051825556104,1.40412353577657,1.40412353577657,0.546363221199209,2.60100501253682,251298.007255013
5.2,-153.135241137395,0,-3,0,25,-25,156.714396525042,153.135241137395,25,25,surface_ship_shallow_subcritical,0.18,0.3286335345031,0,1,251295.40625,0.657695863386417,1.41466687297459,1.41466687297459,0.551653265783345,2.62401600214436,251298.030266002
5.3,-152.517760326357,0,-3,0,25,-25,156.111073325911,152.517760326357,25,25,surface_ship_shallow_subcritical,0.18,0.3286335345031,0,1,251295.40625,0.664976402692124,1.42532592816224,1.42532592816224,0.557005942620777,2.64730827347514,251298.053558273
5.4,-151.900279515319,0,-3,0,25,-25,155.507861270201,151.900279515319,25,25,surface_ship_shallow_subcritical,0.18,0.3286335345031,0,1,251295.40625,0.672361662220725,1.43610234088401,1.43610234088401,0.562422057386427,2.67088606049117,251298.07713606
5.5,-151.282798704281,0,-3,0,25,-25,154.904761656316,151.282798704281,25,25,surface_ship_shallow_subcritical,0.18,0.3286335345031,0,1,251295.40625,0.679853466548765,1.44699777848426,1.44699777848426,0.567902424841247,2.69475366987427,251298.10100367
5.6,-150.665317893243,0,-3,0,25,-25,154.301775802717,150.665317893243,25,25,surface_ship_shallow_subcritical,0.18,0.3286335345031,0,1,251295.40625,0.687453676878425,1.45801393663732,1.45801393663732,0.573447868828959,2.71891548234471,251298.125165482
5.7,-150.047837082205,0,-3,0,25,-25,153.698905048305,150.047837082205,25,25,surface_ship_shallow_subcritical,0.18,0.3286335345031,0,1,251295.40625,0.695164191847472,1.4691525398883,1.4691525398883,0.579059222265807,2.74337595400158,251298.149625954
5.8,-149.430356271167,0,-3,0,25,-25,153.096150752813,149.430356271167,25,25,surface_ship_shallow_subcritical,0.18,0.3286335345031,0,1,251295.40625,0.702986948357902,1.48041534220456,1.48041534220456,0.584737327122875,2.76813961768534,251298.174389618
5.9,-148.812875460129,0,-3,0,25,-25,152.493514297205,148.812875460129,25,25,surface_ship_shallow_subcritical,0.18,0.3286335345031,0,1,251295.40625,0.710923922423674,1.49180412753815,1.49180412753815,0.590483034400527,2.79321108436235,251298.199461084
6,-148.195394649092,0,-3,0,25,-25,151.890997084093,148.195394649092,25,25,surface_ship_shallow_subcritical,0.18,0.3286335345031,0,1,251295.40625,0.718977130037959,1.5033207103993,1.5033207103993,0.596297204094465,2.81859504453173,251298.224845045
6.1,-147.577913838054,0,-3,0,25,-25,151.28860053815,147.577913838054,25,25,surface_ship_shallow_subcritical,0.18,0.3286335345031,0,1,251295.40625,0.72714862806032,1.51496693644135,1.51496693644135,0.602180705152903,2.84429626965458,251298.25054627
6.2,-146.960433027016,0,-3,0,25,-25,150.686326106545,146.960433027016,25,25,surface_ship_shallow_subcritical,0.18,0.3286335345031,0,1,251295.40625,0.735440515124238,1.52674468305702,1.52674468305702,0.608134415424324,2.87031961360558,251298.276569614
6.3,-146.342952215978,0,-3,0,25,-25,150.084175259379,146.342952215978,25,25,surface_ship_shallow_subcritical,0.18,0.3286335345031,0,1,251295.40625,0.743854932565413,1.53865585998647,1.53865585998647,0.614159221595251,2.89667001414713,251298.302920014
6.4,-145.72547140494,0,-3,0,25,-25,149.482149490138,145.72547140494,25,25,surface_ship_shallow_subcritical,0.18,0.3286335345031,0,1,251295.40625,0.752394065371291,1.5507024099372,1.5507024099372,0.620256019117453,2.92335249442594,251298.329602494
6.5,-145.107990593902,0,-3,0,25,-25,148.880250316152,145.107990593902,25,25,surface_ship_shallow_subcritical,0.18,0.3286335345031,0,1,251295.40625,0.761060143152223,1.562886309216,1.562886309216,0.626425712123948,2.95037216449218,251298.356622164
6.6,-144.490509782864,0,-3,0,25,-25,148.278479279065,144.490509782864,25,25,surface_ship_shallow_subcritical,0.18,0.3286335345031,0,1,251295.40625,0.769855441134724,1.57520956837321,1.57520956837321,0.632669213333173,2.97773422284111,251298.383984223
6.7,-143.873028971826,0,-3,0,25,-25,147.676837945319,143.873028971826,25,25,surface_ship_shallow_subcritical,0.18,0.3286335345031,0,1,251295.40625,0.778782281177257,1.58767423285929,1.58767423285929,0.638987443940615,3.00544395797716,251298.411693958
6.8,-143.255548160788,0,-3,0,25,-25,147.075327906648,143.255548160788,25,25,surface_ship_shallow_subcritical,0.18,0.3286335345031,0,1,251295.40625,0.787843032809,1.60028238369413,1.60028238369413,0.645381333497201,3.03350675000034,251298.43975675
6.9,-142.638067349751,0,-3,0,25,-25,146.473950780581,142.638067349751,25,25,surface_ship_shallow_subcritical,0.18,0.3286335345031,0,1,251295.40625,0.797040114292045,1.61303613814912,1.61303613814912,0.651851819773689,3.06192807221486,251298.468178072
7,-142.020586538713,0,-3,0,25,-25,145.87270821096,142.020586538713,25,25,surface_ship_shallow_subcritical,0.18,0.3286335345031,0,1,251295.40625,0.806375993707466,1.62593765044214,1.62593765044214,0.658399848610265,3.09071349275987,251298.496963493
7.1,-141.403105727675,0,-3,0,25,-25,145.271601868473,141.403105727675,25,25,surface_ship_shallow_subcritical,0.18,0.3286335345031,0,1,251295.40625,0.815853190065735,1.63898911244574,1.63898911244574,0.665026373750516,3.119868676262,251298.526118676
7.2,-140.785624916637,0,-3,0,25,-25,144.670633451188,140.785624916637,25,25,surface_ship_shallow_subcritical,0.18,0.3286335345031,0,1,251295.40625,0.825474274441909,1.6521927544087,1.6521927544087,0.671732356658921,3.14939938550953,251298.555649385
7.3,-140.168144105599,0,-3,0,25,-25,144.069804685118,140.168144105599,25,25,surface_ship_shallow_subcritical,0.18,0.3286335345031,0,1,251295.40625,0.835241871136064,1.66555084569092,1.66555084569092,0.678518766320919,3.17931148314791,251298.585561483
7.4,-139.550663294561,0,-3,0,25,-25,143.469117324782,139.550663294561,25,25,surface_ship_shallow_subcritical,0.18,0.3286335345031,0,1,251295.40625,0.845158658859404,1.67906569551212,1.67906569551212,0.685386579024625,3.20961093339615,251298.615860933
7.5,-138.933182483523,0,-3,0,25,-25,142.868573153791,138.933182483523,25,25,surface_ship_shallow_subcritical,0.18,0.3286335345031,0,1,251295.40625,0.855227371946528,1.69273965371422,1.69273965371422,0.692336778123159,3.24030380378391,251298.646553804
7.6,-138.315701672485,0,-3,0,25,-25,142.268173985442,138.315701672485,25,25,surface_ship_shallow_subcritical,0.18,0.3286335345031,0,1,251295.40625,0.86545080159426,1.70657511153772,1.70657511153772,0.699370353776557,3.27139626690853,251298.677646267
7.7,-137.698220861448,0,-3,0,25,-25,141.667921663332,137.698220861448,25,25,surface_ship_shallow_subcritical,0.18,0.3286335345031,0,1,251295.40625,0.875831797127512,1.7205745024121,1.7205745024121,0.706488302672147,3.30289460221176,251298.709144602
7.8,-137.08074005041,0,-3,0,25,-25,141.06781806198,137.08074005041,25,25,surface_ship_shallow_subcritical,0.18,0.3286335345031,0,1,251295.40625,0.886373267292602,1.73474030276056,1.73474030276056,0.713691627722209,3.33480519777537,251298.741055198
7.9,-136.463259239372,0,-3,0,25,-25,140.467865087471,136.463259239372,25,25,surface_ship_shallow_subcritical,0.18,0.3286335345031,0,1,251295.40625,0.897078181578468,1.74907503281892,1.74907503281892,0.720981337737744,3.36713455213513,251298.773384552
8,-135.845778428334,0,-3,0,25,-25,139.86806467811,135.845778428334,25,25,surface_ship_shallow_subcritical,0.18,0.3286335345031,0,1,251295.40625,0.907949571566178,1.76358125746908,1.76358125746908,0.728358447077028,3.39988927611229,251298.806139276
8.1,-135.228297617296,0,-3,0,25,-25,139.268418805097,135.228297617296,25,25,surface_ship_shallow_subcritical,0.18,0.3286335345031,0,1,251295.40625,0.918990532307163,1.77826158708697,1.77826158708697,0.735823975267644,3.43307609466178,251298.839326095
8.2,-134.610816806258,0,-3,0,25,-25,138.668929473217,134.610816806258,25,25,surface_ship_shallow_subcritical,0.18,0.3286335345031,0,1,251295.40625,0.930204223730565,1.79311867840512,1.79311867840512,0.743378946600578,3.46670184873627,251298.872951849
8.3,-133.99333599522,0,-3,0,25,-25,138.069598721543,133.99333599522,25,25,surface_ship_shallow_subcritical,0.18,0.3286335345031,0,1,251295.40625,0.941593872080086,1.80815523538994,1.80815523538994,0.751024389694891,3.50077349716492,251298.907023497
8.4,-133.375855184182,0,-3,0,25,-25,137.470428624166,133.375855184182,25,25,surface_ship_shallow_subcritical,0.18,0.3286335345031,0,1,251295.40625,0.953162771380688,1.82337401013366,1.82337401013366,0.758761337031456,3.5352981185458,251298.941548119
8.5,-132.758374373145,0,-3,0,25,-25,136.871421290933,132.758374373145,25,25,surface_ship_shallow_subcritical,0.18,0.3286335345031,0,1,251295.40625,0.964914284935542,1.83877780376115,1.83877780376115,0.766590824454107,3.5702829131508,251298.976532913
8.6,-132.140893562107,0,-3,0,25,-25,136.272578868208,132.140893562107,25,25,surface_ship_shallow_subcritical,0.18,0.3286335345031,0,1,251295.40625,0.976851846853479,1.85436946735142,1.85436946735142,0.774513890636534,3.60573520484144,251299.011985205
8.7,-131.523412751069,0,-3,0,25,-25,135.673903539656,131.523412751069,25,25,surface_ship_shallow_subcritical,0.18,0.3286335345031,0,1,251295.40625,0.988978963607334,1.87015190287398,1.87015190287398,0.782531576513124,3.64166244299444,251299.047912443
8.8,-130.905931940031,0,-3,0,25,-25,135.07539752704,130.905931940031,25,25,surface_ship_shallow_subcritical,0.18,0.3286335345031,0,1,251295.40625,1.00129921562339,1.88612806413984,1.88612806413984,0.790644924671898,3.67807220443512,251299.084322204
8.9,-130.288451128993,0,-3,0,25,-25,134.477063091042,130.288451128993,25,25,surface_ship_shallow_subcritical,0.18,0.3286335345031,0,1,251295.40625,1.01381625890222,1.90230095776729,1.90230095776729,0.798854978707588,3.7149721953771,251299.121222195
9,-129.670970317955,0,-3,0,25,-25,133.878902532102,129.670970317955,25,25,surface_ship_shallow_subcritical,0.18,0.3286335345031,0,1,251295.40625,1.02653382667112,1.91867364416223,1.91867364416223,0.807162782532818,3.75237025336617,251299.158620253
9.1,-129.053489506917,0,-3,0,25,-25,133.280918191285,129.053489506917,25,25,surface_ship_shallow_subcritical,0.18,0.3286335345031,0,1,251295.40625,1.03945573106834,1.93524923851297,1.93524923851297,0.815569379645226,3.79027434922653,251299.196524349
9.2,-128.436008695879,0,-3,0,25,-25,132.683112451163,128.436008695879,25,25,surface_ship_shallow_subcritical,0.18,0.3286335345031,0,1,251295.40625,1.05258586485918,1.95203091179936,1.95203091179936,0.824075812348313,3.82869258900686,251299.234942589
9.3,-127.818527884841,0,-3,0,25,-25,132.085487736723,127.818527884841,25,25,surface_ship_shallow_subcritical,0.18,0.3286335345031,0,1,251295.40625,1.06592820318423,1.96902189181611,1.96902189181611,0.832683120923639,3.86763321592398,251299.273883216
9.4,-127.201047073804,0,-3,0,25,-25,131.488046516297,127.201047073804,25,25,surface_ship_shallow_subcritical,0.18,0.3286335345031,0,1,251295.40625,1.07948680533948,1.98622546420996,1.98622546420996,0.841392342751916,3.90710461230135,251299.313354612
9.5,-126.583566262766,0,-3,0,25,-25,130.890791302521,126.583566262766,25,25,surface_ship_shallow_subcritical,0.18,0.3286335345031,0,1,251295.40625,1.0932658165887,2.00364497353048,2.00364497353048,0.850204511380437,3.94711530149961,251299.353365302
9.6,-125.966085451728,0,-3,0,25,-25,130.293724653308,125.966085451728,25,25,surface_ship_shallow_subcritical,0.18,0.3286335345031,0,1,251295.40625,1.10726947000767,2.02128382429433,2.02128382429433,0.859120655534105,3.9876739498361,251299.39392395
9.7,-125.34860464069,0,-3,0,25,-25,129.696849172862,125.34860464069,25,25,surface_ship_shallow_subcritical,0.18,0.3286335345031,0,1,251295.40625,1.12150208836034,2.03914548206229,2.03914548206229,0.868141798067266,4.02878936848989,251299.435039368
9.8,-124.731123829652,0,-3,0,25,-25,129.100167512703,124.731123829652,25,25,surface_ship_shallow_subcritical,0.18,0.3286335345031,0,1,251295.40625,1.13596808600663,2.05723347452899,2.05723347452899,0.877268954853375,4.07047051538899,251299.476720515
9.9,-124.113643018614,0,-3,0,25,-25,128.503682372732,124.113643018614,25,25,surface_ship_shallow_subcritical,0.18,0.3286335345031,0,1,251295.40625,1.15067197084161,2.07555139262462,2.07555139262462,0.886503133609385,4.11272649707562,251299.518976497
10,-123.496162207576,0,-3,0,25,-25,127.907396502313,123.496162207576,25,25,surface_ship_shallow_subcritical,0.18,0.3286335345031,0,1,251295.40625,1.16561834626574,2.0941028916282,2.0941028916282,0.895845332651648,4.15556657054559,251299.561816571
10.1,-122.878681396538,0,-3,0,25,-25,127.311312701393,122.878681396538,25,25,surface_ship_shallow_subcritical,0.18,0.3286335345031,0,1,251295.40625,1.18081191318559,2.11289169229168,2.11289169229168,0.905296539579886,4.19900014505716,251299.605250145
10.2,-122.261200585501,0,-3,0,25,-25,126.715433821646,122.261200585501,25,25,surface_ship_shallow_subcritical,0.18,0.3286335345031,0,1,251295.40625,1.19625747204467,2.13192158197437,2.13192158197437,0.91485772988573,4.24303678390477,251299.649286784
10.3,-121.643719774463,0,-3,0,25,-25,126.119762767649,121.643719774463,25,25,surface_ship_shallow_subcritical,0.18,0.3286335345031,0,1,251295.40625,1.21195992488347,2.15119641578676,2.15119641578676,0.924529865482071,4.2876862061523,251299.693936206
10.4,-121.026238963425,0,-3,0,25,-25,125.52430249809,121.026238963425,25,25,surface_ship_shallow_subcritical,0.18,0.3286335345031,0,1,251295.40625,1.22792427742819,2.17072011774291,2.17072011774291,0.93431389314935,4.33295828832044,251299.739208288
10.5,-120.408758152387,0,-3,0,25,-25,124.929056027011,120.408758152387,25,25,surface_ship_shallow_subcritical,0.18,0.3286335345031,0,1,251295.40625,1.24415564120696,2.19049668192053,2.19049668192053,0.944210742894723,4.37886306602221,251299.785113066
10.6,-119.791277341349,0,-3,0,25,-25,124.334026425078,119.791277341349,25,25,surface_ship_shallow_subcritical,0.18,0.3286335345031,0,1,251295.40625,1.26065923569271,2.2105301736277,2.2105301736277,0.954221326219833,4.42541073554024,251299.831660736
10.7,-119.173796530311,0,-3,0,25,-25,123.739216820893,119.173796530311,25,25,surface_ship_shallow_subcritical,0.18,0.3286335345031,0,1,251295.40625,1.27744039047136,2.23082473057494,2.23082473057494,0.964346534292744,4.47261165533904,251299.878861655
10.8,-118.556315719273,0,-3,0,25,-25,123.144630402336,118.556315719273,25,25,surface_ship_shallow_subcritical,0.18,0.3286335345031,0,1,251295.40625,1.29450454743402,2.25138456405151,2.25138456405151,0.974587236019377,4.52047634750491,251299.926726348
10.9,-117.938834908235,0,-3,0,25,-25,122.550270417947,117.938834908235,25,25,surface_ship_shallow_subcritical,0.18,0.3286335345031,0,1,251295.40625,1.31185726299153,2.27221396010451,2.27221396010451,0.984944276009599,4.56901549910564,251299.975265499
11,-117.321354097197,0,-3,0,25,-25,121.956140178344,117.321354097197,25,25,surface_ship_shallow_subcritical,0.18,0.3286335345031,0,1,251295.40625,1.32950421030974,2.29331728071912,2.29331728071912,0.995418472432842,4.61823996346169,251300.024489963
11.1,-116.70387328616,0,-3,0,25,-25,121.362243057682,116.70387328616,25,25,surface_ship_shallow_subcritical,0.18,0.3286335345031,0,1,251295.40625,1.34745118156339,2.31469896499846,2.31469896499846,1.00601061475798,4.66816076131982,251300.074410761
11.2,-116.086392475122,0,-3,0,25,-25,120.768582495151,116.086392475122,25,25,surface_ship_shallow_subcritical,0.18,0.3286335345031,0,1,251295.40625,1.3657040902066,2.33636353034116,2.33636353034116,1.01672146137184,4.7187890819196,251300.125039082
11.3,-115.468911664084,0,-3,0,25,-25,120.175161996512,115.468911664084,25,25,surface_ship_shallow_subcritical,0.18,0.3286335345031,0,1,251295.40625,1.38426897325728,2.35831557361457,2.35831557361457,1.02755173707064,4.77013628394248,251300.176386284
11.4,-114.851430853046,0,-3,0,25,-25,119.581985135688,114.851430853046,25,25,surface_ship_shallow_subcritical,0.18,0.3286335345031,0,1,251295.40625,1.40315199359294,2.38055977232151,2.38055977232151,1.03850213041816,4.82221389633261,251300.228463896
11.5,-114.233950042008,0,-3,0,25,-25,118.989055556383,114.233950042008,25,25,surface_ship_shallow_subcritical,0.18,0.3286335345031,0,1,251295.40625,1.42235944225487,2.40310088575813,2.40310088575813,1.0495732909644,4.87503361897741,251300.281283619
11.6,-113.61646923097,0,-3,0,25,-25,118.396376973757,113.61646923097,25,25,surface_ship_shallow_subcritical,0.18,0.3286335345031,0,1,251295.40625,1.44189774075725,2.42594375616022,2.42594375616022,1.0607658263181,4.92860732323558,251300.334857323
11.7,-112.998988419932,0,-3,0,25,-25,117.803953176148,112.998988419932,25,25,surface_ship_shallow_subcritical,0.18,0.3286335345031,0,1,251295.40625,1.46177344339771,2.44909330983526,2.44909330983526,1.07208029906612,4.9829470522991,251300.389197052
11.8,-112.381507608894,0,-3,0,25,-25,117.211788026836,112.381507608894,25,25,surface_ship_shallow_subcritical,0.18,0.3286335345031,0,1,251295.40625,1.48199323956523,2.47255455827701,2.47255455827701,1.0835172235326,5.03806502137484,251300.444315021
11.9,-111.764026797857,0,-3,0,25,-25,116.619885465867,111.764026797857,25,25,surface_ship_shallow_subcritical,0.18,0.3286335345031,0,1,251295.40625,1.50256395604094,2.49633259925933,2.49633259925933,1.09507706237023,5.09397361767051,251300.500223618
12,-111.146545986819,0,-3,0,25,-25,116.028249511918,111.146545986819,25,25,surface_ship_shallow_subcritical,0.18,0.3286335345031,0,1,251295.40625,1.52349255928716,2.52043261790571,2.52043261790571,1.1067602229759,5.15068540016877,251300.5569354
12.1,-110.529065175781,0,-3,0,25,-25,115.436884264225,110.529065175781,25,25,surface_ship_shallow_subcritical,0.18,0.3286335345031,0,1,251295.40625,1.54478615771913,2.54485988773036,2.54485988773036,1.11856705372237,5.20821309917185,251300.614463099
12.2,-109.911584364743,0,-3,0,25,-25,114.845793904557,109.911584364743,25,25,surface_ship_shallow_subcritical,0.18,0.3286335345031,0,1,251295.40625,1.56645200395389,2.5696197716468,2.5696197716468,1.13049783999762,5.26656961559831,251300.672819616
12.3,-109.294103553705,0,-3,0,25,-25,114.254982699259,109.294103553705,25,25,surface_ship_shallow_subcritical,0.18,0.3286335345031,0,1,251295.40625,1.58849749702992,2.59471772293928,2.59471772293928,1.14255280004272,5.32576802001192,251300.73201802
12.4,-108.676622742667,0,-3,0,25,-25,113.664455001342,108.676622742667,25,25,surface_ship_shallow_subcritical,0.18,0.3286335345031,0,1,251295.40625,1.61093018459057,2.6201592861919,2.6201592861919,1.15473208057912,5.38582155136159,251300.792071551
12.5,-108.059141931629,0,-3,0,25,-25,113.074215252638,108.059141931629,25,25,surface_ship_shallow_subcritical,0.18,0.3286335345031,0,1,251295.40625,1.63375776502395,2.64595009817025,2.64595009817025,1.16703575221551,5.44674361540971,251300.852993615
12.6,-107.441661120591,0,-3,0,25,-25,112.484267986025,107.441661120591,25,25,surface_ship_shallow_subcritical,0.18,0.3286335345031,0,1,251295.40625,1.65698808955097,2.67209588864953,2.67209588864953,1.17946380462433,5.50854778282482,251300.914797783
12.7,-106.824180309553,0,-3,0,25,-25,111.894617827704,106.824180309553,25,25,surface_ship_shallow_subcritical,0.18,0.3286335345031,0,1,251295.40625,1.68062916425277,2.69860248118294,2.69860248118294,1.19201614147716,5.57124778691288,251300.977497787
12.8,-106.206699498516,0,-3,0,25,-25,111.305269499552,106.206699498516,25,25,surface_ship_shallow_subcritical,0.18,0.3286335345031,0,1,251295.40625,1.70468915202786,2.72547579380349,2.72547579380349,1.20469257512835,5.6348575209597,251301.041107521
12.9,-105.589218687478,0,-3,0,25,-25,110.716227821544,105.589218687478,25,25,surface_ship_shallow_subcritical,0.18,0.3286335345031,0,1,251295.40625,1.72917637446844,2.75272183965178,2.75272183965178,1.21749282103517,5.69939103515539,251301.105641035
13,-104.97173787644,0,-3,0,25,-25,110.12749771424,104.97173787644,25,25,surface_ship_shallow_subcritical,0.18,0.3286335345031,0,1,251295.40625,1.75409931364469,2.78034672752193,2.78034672752193,1.23041649190284,5.76486253306945,251301.171112533
13.1,-104.354257065402,0,-3,0,25,-25,109.539084201357,104.354257065402,25,25,surface_ship_shallow_subcritical,0.18,0.3286335345031,0,1,251295.40625,1.7794666137846,2.80835666231687,2.80835666231687,1.24346309154202,5.83128636764349,251301.237536368
13.2,-103.736776254364,0,-3,0,25,-25,108.950992412405,103.736776254364,25,25,surface_ship_shallow_subcritical,0.18,0.3286335345031,0,1,251295.40625,1.80528708283601,2.83675794540397,2.83675794540397,1.25663200842592,5.8986770366659,251301.304927037
13.3,-103.119295443326,0,-3,0,25,-25,108.363227585413,103.119295443326,25,25,surface_ship_shallow_subcritical,0.18,0.3286335345031,0,1,251295.40625,1.83156969389654,2.86555697486067,2.86555697486067,1.26992250893364,5.96704917769084,251301.373299178
13.4,-102.501814632288,0,-3,0,25,-25,107.775795069728,102.501814632288,25,25,surface_ship_shallow_subcritical,0.18,0.3286335345031,0,1,251295.40625,1.85832358649553,2.8947602455996,2.8947602455996,1.28333373026604,6.03641756236117,251301.442667562
13.5,-101.88433382125,0,-3,0,25,-25,107.188700328906,101.88433382125,25,25,surface_ship_shallow_subcritical,0.18,0.3286335345031,0,1,251295.40625,1.88555806771135,2.92437434936145,2.92437434936145,1.29686467301956,6.10679709009236,251301.51304709
13.6,-101.266853010213,0,-3,0,25,-25,106.601948943685,101.266853010213,25,25,surface_ship_shallow_subcritical,0.18,0.3286335345031,0,1,251295.40625,1.91328261310564,2.95440597456286,2.95440597456286,1.31051419340317,6.17820278107167,251301.584452781
13.7,-100.649372199175,0,-3,0,25,-25,106.015546615051,100.649372199175,25,25,surface_ship_shallow_subcritical,0.18,0.3286335345031,0,1,251295.40625,1.94150686745465,2.98486190598614,2.98486190598614,1.32428099508294,6.25064976852373,251301.656899769
13.8,-100.031891388137,0,-3,0,25,-25,105.429499167396,100.031891388137,25,25,surface_ship_shallow_subcritical,0.18,0.3286335345031,0,1,251295.40625,1.97024064525652,3.01574902429589,3.01574902429589,1.33816362063805,6.32415329019046,251301.73040329
13.9,-99.4144105770989,0,-3,0,25,-25,104.843812551776,99.4144105770989,25,25,surface_ship_shallow_subcritical,0.18,0.3286335345031,0,1,251295.40625,1.99949393099124,3.04707430536695,3.04707430536695,1.3521604426118,6.39872867896999,251301.804978679
14,-98.796929766061,0,-3,0,25,-25,104.258492849264,98.796929766061,25,25,surface_ship_shallow_subcritical,0.18,0.3286335345031,0,1,251295.40625,2.02927687910856,3.07884481940677,3.07884481940677,1.36626965414011,6.47439135265545,251301.880641353
14.1,-98.1794489550231,0,-3,0,25,-25,103.673546274409,98.1794489550231,25,25,surface_ship_shallow_subcritical,0.18,0.3286335345031,0,1,251295.40625,2.05959981371683,3.11106772985383,3.11106772985383,1.38048925913987,6.55115680271053,251301.957406803
14.2,-97.5619681439853,0,-3,0,25,-25,103.088979178805,97.5619681439853,25,25,surface_ship_shallow_subcritical,0.18,0.3286335345031,0,1,251295.40625,2.09047322794388,3.14375029203248,3.14375029203248,1.39481706203859,6.62904058201495,251302.035290582
14.3,-96.9444873329474,0,-3,0,25,-25,102.504798054764,96.9444873329474,25,25,surface_ship_shallow_subcritical,0.18,0.3286335345031,0,1,251295.40625,2.1219077829387,3.17689985154304,3.17689985154304,1.40925065702617,6.70805829150791,251302.114308292
14.4,-96.3270065219095,0,-3,0,25,-25,101.921009539113,96.3270065219095,25,25,surface_ship_shallow_subcritical,0.18,0.3286335345031,0,1,251295.40625,2.15391430648016,3.21052384236424,3.21052384236424,1.42378741680927,6.78822556565367,251302.194475566
14.5,-95.7095257108716,0,-3,0,25,-25,101.337620417099,95.7095257108716,25,25,surface_ship_shallow_subcritical,0.18,0.3286335345031,0,1,251295.40625,2.18650379115648,3.24462978464353,3.24462978464353,1.43842448084777,6.86955805664778,251302.275808057
14.6,-95.0920448998338,0,-3,0,25,-25,100.754637626424,95.0920448998338,25,25,surface_ship_shallow_subcritical,0.18,0.3286335345031,0,1,251295.40625,2.21968739207635,3.2792252821486,3.2792252821486,1.45315874305236,6.9520714172773,251302.358321417
14.7,-94.4745640887959,0,-3,0,25,-25,100.172068261407,94.4745640887959,25,25,surface_ship_shallow_subcritical,0.18,0.3286335345031,0,1,251295.40625,2.25347642406951,3.3143180193517,3.3143180193517,1.46798683892173,7.03578128234294,251302.442031282
14.8,-93.857083277758,0,-3,0,25,-25,99.5899195772745,93.857083277758,25,25,surface_ship_shallow_subcritical,0.18,0.3286335345031,0,1,251295.40625,2.28788235833144,3.34991575811605,3.34991575811605,1.48290513209702,7.12070324854451,251302.526953249
14.9,-93.2396024667201,0,-3,0,25,-25,99.0081989945883,93.2396024667201,25,25,surface_ship_shallow_subcritical,0.18,0.3286335345031,0,1,251295.40625,2.32291681846326,3.38602633395103,3.38602633395103,1.49790970031073,7.20685285272502,251302.613102853
15,-92.6221216556822,0,-3,0,25,-25,98.4269141038161,92.6221216556822,25,25,surface_ship_shallow_subcritical,0.18,0.3286335345031,0,1,251295.40625,2.35859157585423,3.4226576518008,3.4226576518008,1.51299632070648,7.29424554836151,251302.700495548
15.1,-92.0046408446443,0,-3,0,25,-25,97.8460726700464,92.0046408446443,25,25,surface_ship_shallow_subcritical,0.18,0.3286335345031,0,1,251295.40625,2.39491854435029,3.45981768132766,3.45981768132766,1.52816045450574,7.3828966801837,251302.78914668
15.2,-91.3871600336065,0,-3,0,25,-25,97.2656826378554,91.3871600336065,25,25,surface_ship_shallow_subcritical,0.18,0.3286335345031,0,1,251295.40625,2.43190977414777,3.49751445164902,3.49751445164902,1.54339723099658,7.47282145679337,251302.879071457
15.3,-90.7696792225686,0,-3,0,25,-25,96.6857521363308,90.7696792225686,25,25,surface_ship_shallow_subcritical,0.18,0.3286335345031,0,1,251295.40625,2.46957744484656,3.53575604548324,3.53575604548324,1.55870143081944,7.56403492114924,251302.970284921
15.4,-90.1521984115307,0,-3,0,25,-25,96.106289484258,90.1521984115307,25,25,surface_ship_shallow_subcritical,0.18,0.3286335345031,0,1,251295.40625,2.50793385759261,3.57455059265653,3.57455059265653,1.57406746852397,7.65655191877312,251303.062801919
15.5,-89.5347176004928,0,-3,0,25,-25,95.5273031954739,89.5347176004928,25,25,surface_ship_shallow_subcritical,0.18,0.3286335345031,0,1,251295.40625,2.54699142623373,3.61390626291913,3.61390626291913,1.58948937437075,7.75038706352362,251303.156637064
15.6,-88.9172367894549,0,-3,0,25,-25,94.9488019843958,88.9172367894549,25,25,surface_ship_shallow_subcritical,0.18,0.3286335345031,0,1,251295.40625,2.58676266740741,3.65383125801509,3.65383125801509,1.60496077535102,7.84555470077352,251303.251804701
15.7,-88.2997559784171,0,-3,0,25,-25,94.3707947717301,88.2997559784171,25,25,surface_ship_shallow_subcritical,0.18,0.3286335345031,0,1,251295.40625,2.62726018947308,3.69433380294577,3.69433380294577,1.62047487539732,7.94206886781618,251303.348318868
15.8,-87.6822751673792,0,-3,0,25,-25,93.7932906903687,87.6822751673792,25,25,surface_ship_shallow_subcritical,0.18,0.3286335345031,0,1,251295.40625,2.66849668019482,3.73542213636242,3.73542213636242,1.63602443475754,8.03994325131478,251303.446193251
15.9,-87.0647943563413,0,-3,0,25,-25,93.2162990914786,87.0647943563413,25,25,surface_ship_shallow_subcritical,0.18,0.3286335345031,0,1,251295.40625,2.71048489307344,3.77710450001813,3.77710450001813,1.65160174850428,8.13919114159585,251303.545441142
16,-86.4473135453034,0,-3,0,25,-25,92.6398295507931,86.4473135453034,25,25,surface_ship_shallow_subcritical,0.18,0.3286335345031,0,1,251295.40625,2.75323763221941,3.81938912720443,3.81938912720443,1.66719862415172,8.23982538357556,251303.646075384
16.1,-85.8298327342655,0,-3,0,25,-25,92.0638918751103,85.8298327342655,25,25,surface_ship_shallow_subcritical,0.18,0.3286335345031,0,1,251295.40625,2.7967677356501,3.8622842300915,3.8622842300915,1.68280635835149,8.3418583240931,251303.748108324
16.2,-85.2123519232276,0,-3,0,25,-25,91.4884961090081,85.2123519232276,25,25,surface_ship_shallow_subcritical,0.18,0.3286335345031,0,1,251295.40625,2.84108805688621,3.90579798588508,3.90579798588508,1.6984157126394,8.44530175541069,251303.851551755
16.3,-84.5948711121898,0,-3,0,25,-25,90.9136525417827,84.5948711121898,25,25,surface_ship_shallow_subcritical,0.18,0.3286335345031,0,1,251295.40625,2.88621144471301,3.94993852170624,3.94993852170624,1.71401688820459,8.55016685462383,251303.956416855
16.4,-83.9773903011519,0,-3,0,25,-25,90.3393717146184,83.9773903011519,25,25,surface_ship_shallow_subcritical,0.18,0.3286335345031,0,1,251295.40625,2.9321507209622,3.99471389809293,3.99471389809293,1.72959949965308,8.65646411870822,251304.062714119
16.5,-83.359909490114,0,-3,0,25,-25,89.7656644279983,83.359909490114,25,25,surface_ship_shallow_subcritical,0.18,0.3286335345031,0,1,251295.40625,2.97891865615983,4.04013209101439,4.04013209101439,1.74515254773789,8.76420329491211,251304.170453295
16.6,-82.7424286790761,0,-3,0,25,-25,89.1925417493637,82.7424286790761,25,25,surface_ship_shallow_subcritical,0.18,0.3286335345031,0,1,251295.40625,3.02652794287402,4.08620097228088,4.08620097228088,1.76066439102816,8.87339330618305,251304.279643306
16.7,-82.1249478680382,0,-3,0,25,-25,88.6200150210323,82.1249478680382,25,25,surface_ship_shallow_subcritical,0.18,0.3286335345031,0,1,251295.40625,3.07499116658469,4.13292828822233,4.13292828822233,1.77612271649077,8.98404217129778,251304.390292171
16.8,-81.5074670570003,0,-3,0,25,-25,88.0480958683832,81.5074670570003,25,25,surface_ship_shallow_subcritical,0.18,0.3286335345031,0,1,251295.40625,3.12432077388441,4.18032163649929,4.18032163649929,1.79151450895812,9.09615691934182,251304.502406919
16.9,-80.8899862459625,0,-3,0,25,-25,87.4767962083203,80.8899862459625,25,25,surface_ship_shallow_subcritical,0.18,0.3286335345031,0,1,251295.40625,3.17452903780546,4.22838844089914,4.22838844089914,1.80682601945736,9.20974349816195,251304.615993498
17,-80.2725054349246,0,-3,0,25,-25,86.9061282580233,80.2725054349246,25,25,surface_ship_shallow_subcritical,0.18,0.3286335345031,0,1,251295.40625,3.22562802005399,4.27713592395895,4.27713592395895,1.82204273237697,9.32480667638991,251304.731056676
17.1,-79.6550246238867,0,-3,0,25,-25,86.3361045439971,79.6550246238867,25,25,surface_ship_shallow_subcritical,0.18,0.3286335345031,0,1,251295.40625,3.27762952991614,4.32657107724391,4.32657107724391,1.83714933144868,9.44134993860872,251304.847599939
17.2,-79.0375438128488,0,-3,0,25,-25,85.7667379114304,79.0375438128488,25,25,surface_ship_shallow_subcritical,0.18,0.3286335345031,0,1,251295.40625,3.33054507958423,4.37670062909688,4.37670062909688,1.85212966452381,9.55937537320492,251304.965625373
17.3,-78.4200630018109,0,-3,0,25,-25,85.1980415338756,78.4200630018109,25,25,surface_ship_shallow_subcritical,0.18,0.3286335345031,0,1,251295.40625,3.38438583563349,4.42753100966019,4.42753100966019,1.86696670712581,9.67888355241949,251305.085133552
17.4,-77.8025821907731,0,-3,0,25,-25,84.630028923261,77.8025821907731,25,25,surface_ship_shallow_subcritical,0.18,0.3286335345031,0,1,251295.40625,3.43916256636049,4.47906831295498,4.47906831295498,1.88164252476257,9.79987340407804,251305.206123404
17.5,-77.1851013797352,0,-3,0,25,-25,84.0627139402482,77.1851013797352,25,25,surface_ship_shallow_subcritical,0.18,0.3286335345031,0,1,251295.40625,3.49488558467422,4.5313182557869,4.5313182557869,1.89613823398527,9.92234207444639,251305.328592074
17.6,-76.5676205686973,0,-3,0,25,-25,83.4961108049471,76.5676205686973,25,25,surface_ship_shallow_subcritical,0.18,0.3286335345031,0,1,251295.40625,3.55156468620933,4.58428613322813,4.58428613322813,1.91043396218345,10.0462847816209,251305.452534782
17.7,-75.9501397576594,0,-3,0,25,-25,82.9302341080019,75.9501397576594,25,25,surface_ship_shallow_subcritical,0.18,0.3286335345031,0,1,251295.40625,3.60920908230761,4.63797677040667,4.63797677040667,1.92450880610956,10.1716946588238,251305.577944659
17.8,-75.3326589466215,0,-3,0,25,-25,82.3650988220618,75.3326589466215,25,25,surface_ship_shallow_subcritical,0.18,0.3286335345031,0,1,251295.40625,3.66782732748981,4.69239447031213,4.69239447031213,1.93834078913045,10.2985625869324,251305.704812587
17.9,-74.7151781355837,0,-3,0,25,-25,81.80072031365,74.7151781355837,25,25,surface_ship_shallow_subcritical,0.18,0.3286335345031,0,1,251295.40625,3.72742724101348,4.74754295730437,4.74754295730437,1.9519068172077,10.4268770155256,251305.833127016
18,-74.0976973245458,0,-3,0,25,-25,81.2371143554472,74.0976973245458,25,25,surface_ship_shallow_subcritical,0.18,0.3286335345031,0,1,251295.40625,3.78801582208512,4.80342531598667,4.80342531598667,1.96518263361387,10.5566237716857,251305.962873772
18.1,-73.4802165135079,0,-3,0,25,-25,80.6742971390021,73.4802165135079,25,25,surface_ship_shallow_subcritical,0.18,0.3286335345031,0,1,251295.40625,3.84959915826549,4.86004392507814,4.86004392507814,1.97814277239751,10.6877858557411,251306.094035856
18.2,-72.86273570247,0,-3,0,25,-25,80.1122852878883,72.86273570247,25,25,surface_ship_shallow_subcritical,0.18,0.3286335345031,0,1,251295.40625,3.91218232657603,4.91740038589127,4.91740038589127,1.99076051061621,10.8203432230835,251306.226593223
18.3,-72.2452548914321,0,-3,0,25,-25,79.5510958713203,72.2452548914321,25,25,surface_ship_shallow_subcritical,0.18,0.3286335345031,0,1,251295.40625,3.97576928678118,4.97549544498914,4.97549544498914,2.00300781936397,10.9542725511343,251306.360522551
18.4,-71.6277740803943,0,-3,0,25,-25,78.9907464182483,71.6277740803943,25,25,surface_ship_shallow_subcritical,0.18,0.3286335345031,0,1,251295.40625,4.04036276628689,5.03432891056309,5.03432891056309,2.01485531362712,11.0895469904771,251306.49579699
18.5,-71.0102932693564,0,-3,0,25,-25,78.4312549319466,71.0102932693564,25,25,surface_ship_shallow_subcritical,0.18,0.3286335345031,0,1,251295.40625,4.10596413605855,5.09389956203531,5.09389956203531,2.02627220101189,11.2261358991058,251306.632385899
18.6,-70.3928124583185,0,-3,0,25,-25,77.8726399051168,70.3928124583185,25,25,surface_ship_shallow_subcritical,0.18,0.3286335345031,0,1,251295.40625,4.1725732769231,5.15420505235107,5.15420505235107,2.037226229396,11.3640045586702,251306.770254559
18.7,-69.7753316472806,0,-3,0,25,-25,77.3149203355213,69.7753316472806,25,25,surface_ship_shallow_subcritical,0.18,0.3286335345031,0,1,251295.40625,4.2401884355789,5.21524180238321,5.21524180238321,2.04768363356753,11.5031138715296,251306.909363872
18.8,-69.1578508362427,0,-3,0,25,-25,76.7581157421676,69.1578508362427,25,25,surface_ship_shallow_subcritical,0.18,0.3286335345031,0,1,251295.40625,4.30880606959426,5.27700488682527,5.27700488682527,2.05760908092576,11.6434200373453,251307.049670037
18.9,-68.5403700252049,0,-3,0,25,-25,76.2022461820647,68.5403700252049,25,25,surface_ship_shallow_subcritical,0.18,0.3286335345031,0,1,251295.40625,4.37842068063019,5.33948791090021,5.33948791090021,2.06696561633121,11.7848742078616,251307.191124208
19,-67.922889214167,0,-3,0,25,-25,75.6473322675691,67.922889214167,25,25,surface_ship_shallow_subcritical,0.18,0.3286335345031,0,1,251295.40625,4.44902463507574,5.40268287715813,5.40268287715813,2.07571460620638,11.9274221184402,251307.333672118
19.1,-67.3054084031291,0,-3,0,25,-25,75.0933951843436,67.3054084031291,25,25,surface_ship_shallow_subcritical,0.18,0.3286335345031,0,1,251295.40625,4.52060797123491,5.46658004157856,5.46658004157856,2.08381568200318,12.0710036948166,251307.477253695
19.2,-66.6879275920912,0,-3,0,25,-25,74.5404567099505,66.6879275920912,25,25,surface_ship_shallow_subcritical,0.18,0.3286335345031,0,1,251295.40625,4.59315819215248,5.53116775813075,5.53116775813075,2.09122668317004,12.2155526334533,251307.621802633
19.3,-66.0704467810533,0,-3,0,25,-25,73.9885392331001,66.0704467810533,25,25,surface_ship_shallow_subcritical,0.18,0.3286335345031,0,1,251295.40625,4.66666004311246,5.59643231087804,5.59643231087804,2.09790359976895,12.3609959537595,251307.767245954
19.4,-65.4529659700154,0,-3,0,25,-25,73.4376657735797,65.4529659700154,25,25,surface_ship_shallow_subcritical,0.18,0.3286335345031,0,1,251295.40625,4.7410952727873,5.66235773263989,5.66235773263989,2.10380051491241,12.5072535203396,251307.91350352
19.5,-64.8354851589775,0,-3,0,25,-25,72.8878600028839,64.8354851589775,25,25,surface_ship_shallow_subcritical,0.18,0.3286335345031,0,1,251295.40625,4.81644237695844,5.72892560914719,5.72892560914719,2.10886954721066,12.6542375333163,251308.060487533
19.6,-64.2180043479397,0,-3,0,25,-25,72.3391462655732,64.2180043479397,25,25,surface_ship_shallow_subcritical,0.18,0.3286335345031,0,1,251295.40625,4.89267632366955,5.7961148675421,5.7961148675421,2.11306079344251,12.8018519846542,251308.208101985
19.7,-63.6005235369018,0,-3,0,25,-25,71.7915496013841,63.6005235369018,25,25,surface_ship_shallow_subcritical,0.18,0.3286335345031,0,1,251295.40625,4.96976825861323,5.86390154798312,5.86390154798312,2.1163222716867,12.949992078283,251308.356242078
19.8,-62.9830427258639,0,-3,0,25,-25,71.2450957681158,62.9830427258639,25,25,surface_ship_shallow_subcritical,0.18,0.3286335345031,0,1,251295.40625,5.04768518949006,5.93225855701842,5.93225855701842,2.11859986517717,13.0985436116856,251308.504793612
19.9,-62.365561914826,0,-3,0,25,-25,70.6998112653209,62.365561914826,25,25,surface_ship_shallow_subcritical,0.18,0.3286335345031,0,1,251295.40625,5.12638964801585,6.00115540128549,6.00115540128549,2.11983726717316,13.2473823164745,251308.653632316
20,-61.7480811037881,0,-3,0,25,-25,70.1557233588251,61.7480811037881,25,25,surface_ship_shallow_subcritical,0.18,0.3286335345031,0,1,251295.40625,5.20583932819041,6.0705578999822,6.0705578999822,2.11997592716492,13.3963731553375,251308.802623155
20.1,-61.1306002927502,0,-3,0,25,-25,69.6128601061039,61.1306002927502,25,25,surface_ship_shallow_subcritical,0.18,0.3286335345031,0,1,251295.40625,5.28598669937732,6.14042787443322,6.14042787443322,2.1189549987674,13.5453695725779,251308.951619573
20.2,-60.5131194817124,0,-3,0,25,-25,69.0712503825434,60.5131194817124,25,25,surface_ship_shallow_subcritical,0.18,0.3286335345031,0,1,251295.40625,5.36677859268278,6.21072281294523,6.21072281294523,2.11671128968837,13.6942126953164,251309.100462695
20.3,-59.8956386706745,0,-3,0,25,-25,68.5309239086122,59.8956386706745,25,25,surface_ship_shallow_subcritical,0.18,0.3286335345031,0,1,251295.40625,5.44815575906005,6.2813955090051,6.2813955090051,2.11317921419286,13.842730482258,251309.248980482
20.4,-59.2781578596366,0,-3,0,25,-25,67.9919112779748,59.2781578596366,25,25,surface_ship_shallow_subcritical,0.18,0.3286335345031,0,1,251295.40625,5.53005239750822,6.35239367072503,6.35239367072503,2.1082907485243,13.9907368167576,251309.396986817
20.5,-58.6606770485987,0,-3,0,25,-25,67.4542439865721,58.6606770485987,25,25,surface_ship_shallow_subcritical,0.18,0.3286335345031,0,1,251295.40625,5.61239565167901,6.42365949927905,6.42365949927905,2.10197538978245,14.1380305407405,251309.544280541
20.6,-58.0431962375608,0,-3,0,25,-25,66.9179544627001,58.0431962375608,25,25,surface_ship_shallow_subcritical,0.18,0.3286335345031,0,1,251295.40625,5.69510507315501,6.49512923390366,6.49512923390366,2.09416011880065,14.2843944258593,251309.690644426
20.7,-57.425715426523,0,-3,0,25,-25,66.383076098114,57.425715426523,25,25,surface_ship_shallow_subcritical,0.18,0.3286335345031,0,1,251295.40625,5.77809204961941,6.56673266085295,6.56673266085295,2.08476936760939,14.4295940780818,251309.835844078
20.8,-56.8082346154851,0,-3,0,25,-25,65.8496432801879,56.8082346154851,25,25,surface_ship_shallow_subcritical,0.18,0.3286335345031,0,1,251295.40625,5.86125919610083,6.63839258350371,6.63839258350371,2.07372499211964,14.5733767717242,251309.979626772
20.9,-56.1907538044472,0,-3,0,25,-25,65.3176914251568,56.1907538044472,25,25,surface_ship_shallow_subcritical,0.18,0.3286335345031,0,1,251295.40625,5.94449970745105,6.71002425059909,6.71002425059909,2.06094625070759,14.7154702087577,251310.121720209
21,-55.5732729934093,0,-3,0,25,-25,64.7872570124712,55.5732729934093,25,25,surface_ship_shallow_subcritical,0.18,0.3286335345031,0,1,251295.40625,6.02769667019983,6.78153473939963,6.78153473939963,2.04634978943339,14.8555811990328,251310.261831199
21.1,-54.9557921823714,0,-3,0,25,-25,64.2583776202916,54.9557921823714,25,25,surface_ship_shallow_subcritical,0.18,0.3286335345031,0,1,251295.40625,6.11072233193135,6.85282229027773,6.85282229027773,2.02984963467808,14.9933942568872,251310.399644257
21.2,-54.3383113713336,0,-3,0,25,-25,63.7310919621498,54.3383113713336,25,25,surface_ship_shallow_subcritical,0.18,0.3286335345031,0,1,251295.40625,6.19343732634662,6.92377558904592,6.92377558904592,2.01135719403708,15.1285701094296,251310.534820109
21.3,-53.7208305602957,0,-3,0,25,-25,63.2054399248039,53.7208305602957,25,25,surface_ship_shallow_subcritical,0.18,0.3286335345031,0,1,251295.40625,6.27568985221498,6.99427299305094,6.99427299305094,1.99078126636348,15.2607441116294,251310.666994112
21.4,-53.1033497492578,0,-3,0,25,-25,62.6814626073132,53.1033497492578,25,25,surface_ship_shallow_subcritical,0.18,0.3286335345031,0,1,251295.40625,6.35731480448409,7.0641816967938,7.0641816967938,1.96802806191083,15.3895245631887,251310.795774563
21.5,-52.4858689382199,0,-3,0,25,-25,62.1592023613559,52.4858689382199,25,25,surface_ship_shallow_subcritical,0.18,0.3286335345031,0,1,251295.40625,6.43813285591175,7.13335683255327,7.13335683255327,1.94300123358197,15.514490922047,251310.920740922
21.6,-51.868388127182,0,-3,0,25,-25,61.6387028328144,51.868388127182,25,25,surface_ship_shallow_subcritical,0.18,0.3286335345031,0,1,251295.40625,6.51794948771242,7.20164050119496,7.20164050119496,1.91560192034801,15.6351919092554,251311.041441909
21.7,-51.2509073161442,0,-3,0,25,-25,61.1200090046459,51.2509073161442,25,25,surface_ship_shallow_subcritical,0.18,0.3286335345031,0,1,251295.40625,6.59655396788058,7.26886072804431,7.26886072804431,1.88572880395886,15.7511434998838,251311.1573935
21.8,-50.6334265051063,0,-3,0,25,-25,60.6031672410609,50.6334265051063,25,25,surface_ship_shallow_subcritical,0.18,0.3286335345031,0,1,251295.40625,6.67371827606864,7.33483033838855,7.33483033838855,1.85327818012346,15.8618267945806,251311.268076795
21.9,-50.0159456940684,0,-3,0,25,-25,60.0882253330218,50.0159456940684,25,25,surface_ship_shallow_subcritical,0.18,0.3286335345031,0,1,251295.40625,6.74919597416647,7.39934574685468,7.39934574685468,1.81814404539337,15.9666857664145,251311.372935766
22,-49.3984648830305,0,-3,0,25,-25,59.575232545077,49.3984648830305,25,25,surface_ship_shallow_subcritical,0.18,0.3286335345031,0,1,251295.40625,6.82272102205993,7.46218565458939,7.46218565458939,1.78021820103721,16.0651248776865,251311.471374878
22.1,-48.7809840719926,0,-3,0,25,-25,59.0642396635392,48.7809840719926,25,25,surface_ship_shallow_subcritical,0.18,0.3286335345031,0,1,251295.40625,6.894006538446,7.52310964784728,7.52310964784728,1.73939037524411,16.1565065615374,251311.562756562
22.2,-48.1635032609547,0,-3,0,25,-25,58.5552990460129,48.1635032609547,25,25,surface_ship_shallow_subcritical,0.18,0.3286335345031,0,1,251295.40625,6.9627435070623,7.58185669128033,7.58185669128033,1.69554836504185,16.2401485633845,251311.646398563
22.3,-47.5460224499169,0,-3,0,25,-25,58.0484646722719,47.5460224499169,25,25,surface_ship_shallow_subcritical,0.18,0.3286335345031,0,1,251295.40625,7.02859942925831,7.6381435089214,7.6381435089214,1.64857819935821,16.3153211375379,251311.721571138
22.4,-46.928541638879,0,-3,0,25,-25,57.5437921964828,46.928541638879,25,25,surface_ship_shallow_subcritical,0.18,0.3286335345031,0,1,251295.40625,7.09121692450749,7.69166284557438,7.69166284557438,1.59836432469078,16.3812440947727,251311.787494095
22.5,-46.3110608278411,0,-3,0,25,-25,57.0413390007633,46.3110608278411,25,25,surface_ship_shallow_subcritical,0.18,0.3286335345031,0,1,251295.40625,7.15021228124484,7.74208160107354,7.74208160107354,1.54478981488112,16.4370836971995,251311.843333697
22.6,-45.6935800168032,0,-3,0,25,-25,56.5411642500577,45.6935800168032,25,25,surface_ship_shallow_subcritical,0.18,0.3286335345031,0,1,251295.40625,7.20517396132805,7.78903882966671,7.78903882966671,1.48773660651045,16.4819493975052,251311.888199398
22.7,-45.0760992057654,0,-3,0,25,-25,56.0433289483057,45.0760992057654,25,25,surface_ship_shallow_subcritical,0.18,0.3286335345031,0,1,251295.40625,7.25566106247589,7.83214359662373,7.83214359662373,1.42708576144679,16.5148904205464,251311.921140421
22.8,-44.4586183947275,0,-3,0,25,-25,55.5478959958701,44.4586183947275,25,25,surface_ship_shallow_subcritical,0.18,0.3286335345031,0,1,251295.40625,7.30120174425123,7.87097268409224,7.87097268409224,1.36271775807374,16.5348921864172,251311.941142186
22.9,-43.8411375836896,0,-3,0,25,-25,55.0549302481803,43.8411375836896,25,25,surface_ship_shallow_subcritical,0.18,0.3286335345031,0,1,251295.40625,7.34129162454363,7.90506813823498,7.90506813823498,1.29451281271938,16.540872575498,251311.947122576
23,-43.2236567726517,0,-3,0,25,-25,54.564498575539,43.2236567726517,25,25,surface_ship_shallow_subcritical,0.18,0.3286335345031,0,1,251295.40625,7.37539215508669,7.93393464981311,7.93393464981311,1.22235123277638,16.5316780376762,251311.937928038
23.1,-42.6061759616138,0,-3,0,25,-25,54.0766699240255,42.6061759616138,25,25,surface_ship_shallow_subcritical,0.18,0.3286335345031,0,1,251295.40625,7.40292898633314,7.95703676065488,7.95703676065488,1.1461138029607,16.5060795499487,251311.91232955
23.2,-41.9886951505759,0,-3,0,25,-25,53.5915153774177,41.9886951505759,25,25,surface_ship_shallow_subcritical,0.18,0.3286335345031,0,1,251295.40625,7.42329033402846,7.97379588890382,7.97379588890382,1.06568220609377,16.4627684290261,251311.869018429
23.3,-41.3712143395381,0,-3,0,25,-25,53.1091082200407,41.3712143395381,25,25,surface_ship_shallow_subcritical,0.18,0.3286335345031,0,1,251295.40625,7.43582536208531,7.98358716661452,7.98358716661452,0.980939479709181,16.400352008409,251311.806602008
23.4,-40.7537335285002,0,-3,0,25,-25,52.6295240004316,40.7537335285002,25,25,surface_ship_shallow_subcritical,0.18,0.3286335345031,0,1,251295.40625,7.43984259888761,7.9857360842032,7.9857360842032,0.891770509678533,16.3173491927693,251311.723599193
23.5,-40.1362527174623,0,-3,0,25,-25,52.1528405956953,40.1362527174623,25,25,surface_ship_shallow_subcritical,0.18,0.3286335345031,0,1,251295.40625,7.43460840695981,7.97951493752057,7.97951493752057,0.798062561918628,16.212185906399,251311.618435906
23.6,-39.5187719064244,0,-3,0,25,-25,51.679138276407,39.5187719064244,25,25,surface_ship_shallow_subcritical,0.18,0.3286335345031,0,1,251295.40625,7.41934552903939,7.96413907495712,7.96413907495712,0.699705853082867,16.0831904570794,251311.489440457
23.7,-38.9012910953865,0,-3,0,25,-25,51.2084997718933,38.9012910953865,25,25,surface_ship_shallow_subcritical,0.18,0.3286335345031,0,1,251295.40625,7.39323173700215,7.93876294409093,7.93876294409093,0.596594160949774,15.9285888420429,251311.334838842
23.8,-38.2838102843486,0,-3,0,25,-25,50.7410103357038,38.2838102843486,25,25,surface_ship_shallow_subcritical,0.18,0.3286335345031,0,1,251295.40625,7.35539861381955,7.90247594002885,7.90247594002885,0.488625474999906,15.7465000288483,251311.152750029
23.9,-37.6663294733108,0,-3,0,25,-25,50.2767578110602,37.6663294733108,25,25,surface_ship_shallow_subcritical,0.18,0.3286335345031,0,1,251295.40625,7.30493050278035,7.85429806086983,7.85429806086983,0.375702687416581,15.5349312510668,251310.941181251
24,-37.0488486622729,0,-3,0,25,-25,49.8158326960415,37.0488486622729,25,25,surface_ship_shallow_subcritical,0.18,0.3286335345031,0,1,251295.40625,7.24086366258354,7.79317537974523,7.79317537974523,0.257734324453338,15.2917733667821,251310.698023367
24.1,-36.431367851235,0,-3,0,25,-25,49.3583282082365,36.431367851235,25,25,surface_ship_shallow_subcritical,0.18,0.3286335345031,0,1,251295.40625,7.16218567159818,7.71797534778931,7.71797534778931,0.134635317781268,15.0147963371688,251310.421046337
24.2,-35.8138870401971,0,-3,0,25,-25,48.9043403485621,35.8138870401971,25,25,surface_ship_shallow_subcritical,0.18,0.3286335345031,0,1,251295.40625,7.06783512956866,7.62748194830471,7.62748194830471,0.00632781505933274,14.7016448929327,251310.107894893
24.3,-35.1964062291592,0,-3,0,25,-25,48.4539679639139,35.1964062291592,25,25,surface_ship_shallow_subcritical,0.18,0.3286335345031,0,1,251295.40625,6.95670171029254,7.52039072947004,7.52039072947004,-0.127257971439349,14.3498344683232,251309.756084468
24.4,-34.5789254181214,0,-3,0,25,-25,48.0073128082795,34.5789254181214,25,25,surface_ship_shallow_subcritical,0.18,0.3286335345031,0,1,251295.40625,6.82762662426718,7.39530375136349,7.39530375136349,-0.266182879764031,13.9567474958666,251309.362997496
24.5,-33.9614446070835,0,-3,0,25,-25,47.5644796019046,33.9614446070835,25,25,surface_ship_shallow_subcritical,0.18,0.3286335345031,0,1,251295.40625,6.67940355593017,7.2507244930396,7.2507244930396,-0.410497878898119,13.5196301700717,251308.92588017
24.6,-33.3439637960456,0,-3,0,25,-25,47.1255760880649,33.3439637960456,25,25,surface_ship_shallow_subcritical,0.18,0.3286335345031,0,1,251295.40625,6.51078014582741,7.08505277710341,7.08505277710341,-0.560243117693159,13.0355898052377,251308.441839805
24.7,-32.7264829850077,0,-3,0,25,-25,46.6907130869512,32.7264829850077,25,25,surface_ship_shallow_subcritical,0.18,0.3286335345031,0,1,251295.40625,6.32046009372521,6.89657978289951,6.89657978289951,-0.715446945347454,12.5015929312773,251307.907842931
24.8,-32.1090021739698,0,-3,0,25,-25,46.2600045461303,32.1090021739698,25,25,surface_ship_shallow_subcritical,0.18,0.3286335345031,0,1,251295.40625,6.10710596421243,6.68348323530691,6.68348323530691,-0.876124907265327,11.914464292254,251307.320714292
24.9,-31.491521362932,0,-3,0,25,-25,45.8335675869989,31.491521362932,25,25,surface_ship_shallow_subcritical,0.18,0.3286335345031,0,1,251295.40625,5.86934278155226,6.44382287444459,6.44382287444459,-1.04227872078257,11.2708869352143,251306.677136935
25,-30.8740405518941,0,-3,0,25,-25,45.411522546596,30.8740405518941,25,25,surface_ship_shallow_subcritical,0.18,0.3286335345031,0,1,251295.40625,5.60576250524994,6.17553633258669,6.17553633258669,-1.21389523592593,10.5674036019107,251305.973653602
25.1,-30.2565597408562,0,-3,0,25,-25,44.9939930140902,30.2565597408562,25,25,surface_ship_shallow_subcritical,0.18,0.3286335345031,0,1,251295.40625,5.31492948177322,5.87643556849112,5.87643556849112,-1.39094538708356,9.80041966318078,251305.206669663
25.2,-29.6390789298183,0,-3,0,25,-25,44.5811058612054,29.6390789298183,25,25,surface_ship_shallow_subcritical,0.18,0.3286335345031,0,1,251295.40625,4.9953869708271,5.54420403636504,5.54420403636504,-1.57338314219483,8.9662078649973,251304.372457865
25.3,-29.0215981187804,0,-3,0,25,-25,44.172991265795,29.0215981187804,25,25,surface_ship_shallow_subcritical,0.18,0.3286335345031,0,1,251295.40625,4.6456648462362,5.17639479698977,5.17639479698977,-1.76114445681406,8.0609151864119,251303.467165186
25.4,-28.4041173077426,0,-3,0,25,-25,43.7697827277221,28.4041173077426,25,25,surface_ship_shallow_subcritical,0.18,0.3286335345031,0,1,251295.40625,4.2642885714738,4.77042981220505,4.77042981220505,-1.95414624115457,7.08057214252428,251302.486822143
25.5,-27.7866364967047,0,-3,0,25,-25,43.3716170761478,27.7866364967047,25,25,surface_ship_shallow_subcritical,0.18,0.3286335345031,0,1,251295.40625,3.84978954780388,4.32360070100871,4.32360070100871,-2.15228534896902,6.02110489984357,251301.4273549
25.6,-27.1691556856668,0,-3,0,25,-25,42.9786344672792,27.1691556856668,25,25,surface_ship_shallow_subcritical,0.18,0.3286335345031,0,1,251295.40625,3.400716928438,3.83307127583921,3.83307127583921,-2.35543759785636,4.87835060642085,251300.284600606
25.7,-26.5516748746289,0,-3,0,25,-25,42.5909783715754,26.5516748746289,25,25,surface_ship_shallow_subcritical,0.18,0.3286335345031,0,1,251295.40625,2.91565098458367,3.29588222086394,3.29588222086394,-2.56345683129423,3.64807637415338,251299.054326374
25.8,-25.934194063591,0,-3,0,25,-25,42.2087955493639,25.934194063591,25,25,surface_ship_shallow_subcritical,0.18,0.3286335345031,0,1,251295.40625,2.39321809827778,2.70895831976374,2.70895831976374,-2.77617403336346,2.32600238467806,251297.732252385
25.9,-25.3167132525531,0,-3,0,25,-25,41.8322360137729,25.3167132525531,25,25,surface_ship_shallow_subcritical,0.18,0.3286335345031,0,1,251295.40625,1.83210744194531,2.06911868774771,2.06911868774771,-2.99339650774423,0.907829621948787,251296.314079622
26,-24.6992324415152,0,-3,0,25,-25,41.4614529798462,24.6992324415152,25,25,surface_ship_shallow_subcritical,0.18,0.3286335345031,0,1,251295.40625,1.23108938517702,1.37309051015024,1.37309051015024,-3.21490713310609,-0.61072723777884,251294.795522762
26.1,-24.0817516304774,0,-3,0,25,-25,41.0966027986742,24.0817516304774,25,25,surface_ship_shallow_subcritical,0.18,0.3286335345031,0,1,251295.40625,0.589035644786377,0.61752683630027,0.61752683630027,-3.44046370746789,-2.23390122638124,251293.172348774
26.2,-23.4642708194395,0,-3,0,25,-25,40.737844875349,23.4642708194395,25,25,surface_ship_shallow_subcritical,0.18,0.3286335345031,0,1,251295.40625,-0.0950588356840902,-0.200970979791461,-0.200970979791461,-3.66979839445356,-3.96582820992911,251291.44042179
26.3,-22.8467900084016,0,-3,0,25,-25,40.3853415695348,22.8467900084016,25,25,surface_ship_shallow_subcritical,0.18,0.3286335345031,0,1,251295.40625,-0.822052326568374,-1.08582556384329,-1.08582556384329,-3.90261728459593,-5.8104951750076,251289.595754825
26.4,-22.2293091973637,0,-3,0,25,-25,40.0392580774419,22.2293091973637,25,25,surface_ship_shallow_subcritical,0.18,0.3286335345031,0,1,251295.40625,-1.59263116421796,-2.04044987607839,-2.04044987607839,-4.13860008492556,-7.77168112522191,251287.634568875
26.5,-21.6118283863258,0,-3,0,25,-25,39.6997622939987,21.6118283863258,25,25,surface_ship_shallow_subcritical,0.18,0.3286335345031,0,1,251295.40625,-2.40728315423774,-3.06820696926159,-3.06820696926159,-4.37739995000867,-9.852890073508,251285.553359927
26.6,-20.9943475752879,0,-3,0,25,-25,39.3670246540426,20.9943475752879,25,25,surface_ship_shallow_subcritical,0.18,0.3286335345031,0,1,251295.40625,-3.2662697197316,-4.17236249006294,-4.17236249006294,-4.61864346734801,-12.0572756771425,251283.348974323
26.7,-20.3768667642501,0,-3,0,25,-25,39.0412179513908,20.3768667642501,25,25,surface_ship_shallow_subcritical,0.18,0.3286335345031,0,1,251295.40625,-4.16959704876662,-5.35602929670913,-5.35602929670913,-4.86193080961965,-14.3875571550954,251281.018692845
26.8,-19.7593859532122,0,-3,0,25,-25,38.7225171347112,19.7593859532122,25,25,surface_ship_shallow_subcritical,0.18,0.3286335345031,0,1,251295.40625,-5.11698656091301,-6.62210363155574,-6.62210363155574,-5.10683606557071,-16.8459262580395,251278.560323742
26.9,-19.1419051421743,0,-3,0,25,-25,38.4110990791985,19.1419051421743,25,25,surface_ship_shallow_subcritical,0.18,0.3286335345031,0,1,251295.40625,-6.10784508280674,-7.97319239350442,-7.97319239350442,-5.35290776053729,-19.4339452368485,251275.972304763
27,-18.5244243311364,0,-3,0,25,-25,38.1071423331637,18.5244243311364,25,25,surface_ship_shallow_subcritical,0.18,0.3286335345031,0,1,251295.40625,-7.1412351959097,-9.41153121050147,-9.41153121050147,-5.59966957644872,-22.1524359828599,251273.253814017
27.1,-17.9069435200985,0,-3,0,25,-25,37.8108268387773,17.9069435200985,25,25,surface_ship_shallow_subcritical,0.18,0.3286335345031,0,1,251295.40625,-8.21584629427371,-10.9388932252984,-10.9388932252984,-5.84662127985633,-25.0013607994285,251270.404889201
27.2,-17.2894627090607,0,-3,0,25,-25,37.5223336263618,17.2894627090607,25,25,surface_ship_shallow_subcritical,0.18,0.3286335345031,0,1,251295.40625,-9.32996696397754,-12.5564887865539,-12.5564887865539,-6.09323986496252,-27.9796956154939,251267.426554384
27.3,-16.6719818980228,0,-3,0,25,-25,37.2418444818191,16.6719818980228,25,25,surface_ship_shallow_subcritical,0.18,0.3286335345031,0,1,251295.40625,-10.4814593663468,-14.2648565894847,-14.2648565894847,-6.33898091682829,-31.0852968726598,251264.320953127
27.4,-16.0545010869849,0,-3,0,25,-25,36.9695415869875,16.0545010869849,25,25,surface_ship_shallow_subcritical,0.18,0.3286335345031,0,1,251295.40625,-11.6677363709994,-16.063747240958,-16.063747240958,-6.58328019791325,-34.3147638098706,251261.09148619
27.5,-15.437020275947,0,-3,0,25,-25,36.7056071329708,15.437020275947,25,25,surface_ship_shallow_subcritical,0.18,0.3286335345031,0,1,251295.40625,-12.8857422386849,-17.9520007353338,-17.9520007353338,-6.82555545886365,-37.6632984328824,251257.742951567
27.6,-14.8195394649091,0,-3,0,25,-25,36.4502229067532,14.8195394649091,25,25,surface_ship_shallow_subcritical,0.18,0.3286335345031,0,1,251295.40625,-14.1319376939672,-19.9274199171659,-19.9274199171659,-7.06520847202655,-41.1245660831597,251254.281683917
27.7,-14.2020586538713,0,-3,0,25,-25,36.2035698517149,14.2020586538713,25,25,surface_ship_shallow_subcritical,0.18,0.3286335345031,0,1,251295.40625,-15.402290250003,-21.9866426666341,-21.9866426666341,-7.30162728355883,-44.690560200196,251250.7156898
27.8,-13.5845778428334,0,-3,0,25,-25,35.96582760299,13.5845778428334,25,25,surface_ship_shallow_subcritical,0.18,0.3286335345031,0,1,251295.40625,-16.6922706478708,-24.1250162571957,-24.1250162571957,-7.53418867724342,-48.3514755823099,251247.054774418
27.9,-12.9670970317955,0,-3,0,25,-25,35.7371739989608,12.9670970317955,25,25,surface_ship_shallow_subcritical,0.18,0.3286335345031,0,1,251295.40625,-17.9968562471403,-26.3364780770644,-26.3364780770644,-7.76226084025902,-52.0955951644637,251243.310654836
28,-12.3496162207576,0,-3,0,25,-25,35.51778457055,12.3496162207576,25,25,surface_ship_shallow_subcritical,0.18,0.3286335345031,0,1,251295.40625,-19.3105421490364,-28.6134476409542,-28.6134476409542,-7.98520621821363,-55.9091960082042,251239.497053992
28.1,-11.7321354097197,0,-3,0,25,-25,35.3078320103628,11.7321354097197,25,25,surface_ship_shallow_subcritical,0.18,0.3286335345031,0,1,251295.40625,-20.6273607456542,-30.9467354990858,-30.9467354990858,-8.20238454378895,-59.7764807885289,251235.629769211
28.2,-11.1146545986819,0,-3,0,25,-25,35.107485624123,11.1146545986819,25,25,surface_ship_shallow_subcritical,0.18,0.3286335345031,0,1,251295.40625,-21.9409102661882,-33.3254752188725,-33.3254752188725,-8.41315602040519,-63.6795415054658,251231.726708495
28.3,-10.497173787644,0,-3,0,25,-25,34.9169107672486,10.497173787644,25,25,surface_ship_shallow_subcritical,0.18,0.3286335345031,0,1,251295.40625,-23.2443927331765,-35.7370850035537,-35.7370850035537,-8.61688463945253,-67.5983623761826,251227.807887624
28.4,-9.87969297660609,0,-3,0,25,-25,34.736268269807,9.87969297660609,25,25,surface_ship_shallow_subcritical,0.18,0.3286335345031,0,1,251295.40625,-24.5306615489731,-38.1672656474123,-38.1672656474123,-8.81294160690483,-71.5108688032903,251223.895381197
28.5,-9.2622121655682,0,-3,0,25,-25,34.5657138534705,9.2622121655682,25,25,surface_ship_shallow_subcritical,0.18,0.3286335345031,0,1,251295.40625,-25.7922787073958,-40.6000413334205,-40.6000413334205,-9.00070885258826,-75.3930288934045,251220.013221107
28.6,-8.64473135453034,0,-3,0,25,-25,34.4053975444551,8.64473135453034,25,25,surface_ship_shallow_subcritical,0.18,0.3286335345031,0,1,251295.40625,-27.021581371976,-43.0178491853769,-43.0178491853769,-9.17958259307848,-79.2190131504314,251216.18723685
28.7,-8.02725054349244,0,-3,0,25,-25,34.2554630867545,8.02725054349244,25,25,surface_ship_shallow_subcritical,0.18,0.3286335345031,0,1,251295.40625,-28.2107572866948,-45.4016824352506,-45.4016824352506,-9.34897691720174,-82.9614166391472,251212.444833361
28.8,-7.40976973245458,0,-3,0,25,-25,34.1160473602673,7.40976973245458,25,25,surface_ship_shallow_subcritical,0.18,0.3286335345031,0,1,251295.40625,-29.3519281956457,-47.7312905226038,-47.7312905226038,-9.50832736146798,-86.5915460797174,251208.81470392
28.9,-6.79228892141668,0,-3,0,25,-25,33.9872798086578,6.79228892141668,25,25,surface_ship_shallow_subcritical,0.18,0.3286335345031,0,1,251295.40625,-30.4372401546858,-49.9854374043525,-49.9854374043525,-9.6570944415188,-90.0797720005571,251205.326477999
29,-6.17480811037882,0,-3,0,25,-25,33.869281881965,6.17480811037882,25,25,surface_ship_shallow_subcritical,0.18,0.3286335345031,0,1,251295.40625,-31.4589593322069,-52.142216858958,-52.142216858958,-9.79476710486918,-93.3959432960341,251202.010306704
29.1,-5.55732729934093,0,-3,0,25,-25,33.7621664990859,5.55732729934093,25,25,surface_ship_shallow_subcritical,0.18,0.3286335345031,0,1,251295.40625,-32.4095716301319,-54.1794207068491,-54.1794207068491,-9.92086606989792,-96.5098584068789,251198.896391593
29.2,-4.93984648830306,0,-3,0,25,-25,33.6660375352966,4.93984648830306,25,25,surface_ship_shallow_subcritical,0.18,0.3286335345031,0,1,251295.40625,-33.2818842230111,-56.0749527765412,-56.0749527765412,-10.0349470162218,-99.3917840157741,251196.014465984
29.3,-4.32236567726517,0,-3,0,25,-25,33.5809893399227,4.32236567726517,25,25,surface_ship_shallow_subcritical,0.18,0.3286335345031,0,1,251295.40625,-34.0691269253117,-57.8072783094925,-57.8072783094925,-10.1366035922919,-102.013008827096,251193.393241173
29.4,-3.7048848662273,0,-3,0,25,-25,33.5071062891441,3.7048848662273,25,25,surface_ship_shallow_subcritical,0.18,0.3286335345031,0,1,251295.40625,-34.7650511663295,-59.3558955404555,-59.3558955404555,-10.2254702072838,-104.346416914069,251191.059833086
29.5,-3.08740405518941,0,-3,0,25,-25,33.4444623786958,3.08740405518941,25,25,surface_ship_shallow_subcritical,0.18,0.3286335345031,0,1,251295.40625,-35.3640242885163,-60.7018136603809,-60.7018136603809,-10.3012245761117,-106.367062525009,251189.039187475
29.6,-2.46992324415152,0,-3,0,25,-25,33.3931208609198,2.46992324415152,25,25,surface_ship_shallow_subcritical,0.18,0.3286335345031,0,1,251295.40625,-35.8611168957962,-61.8280195121255,-61.8280195121255,-10.3635899886657,-108.052726396587,251187.353523603
29.7,-1.85244243311365,0,-3,0,25,-25,33.3531339302321,1.85244243311365,25,25,surface_ship_shallow_subcritical,0.18,0.3286335345031,0,1,251295.40625,-36.2521810679078,-62.7199144053995,-62.7199144053995,-10.4123372771237,-109.384432750431,251186.02181725
29.8,-1.23496162207576,0,-3,0,25,-25,33.324542460595,1.23496162207576,25,25,surface_ship_shallow_subcritical,0.18,0.3286335345031,0,1,251295.40625,-36.5339174255931,-63.3657025331164,-63.3657025331164,-10.4472864583863,-110.346906417096,251185.059343583
29.9,-0.617480811037893,0,-3,0,25,-25,33.3073757980421,0.617480811037893,25,25,surface_ship_shallow_subcritical,0.18,0.3286335345031,0,1,251295.40625,-36.703929276289,-63.7567137152017,-63.7567137152017,-10.468308032279,-110.92895102377,251184.477298976
30,0,0,-3,0,25,-25,33.3016516106934,0,25,25,surface_ship_shallow_subcritical,0.18,0.3286335345031,0,1,251295.40625,-36.7607623836923,-63.8876455808177,-63.8876455808177,-10.4753239200977,-111.123731884608,251184.282518115
30.1,0.617480811037893,0,-3,0,25,-25,33.3073757980421,-0.617480811037893,25,25,surface_ship_shallow_subcritical,0.18,0.3286335345031,0,1,251295.40625,-36.703929276289,-63.7567137152017,-63.7567137152017,-10.468308032279,-110.92895102377,251184.477298976
30.2,1.23496162207576,0,-3,0,25,-25,33.324542460595,-1.23496162207576,25,25,surface_ship_shallow_subcritical,0.18,0.3286335345031,0,1,251295.40625,-36.5339174255931,-63.3657025331164,-63.3657025331164,-10.4472864583863,-110.346906417096,251185.059343583
30.3,1.85244243311365,0,-3,0,25,-25,33.3531339302321,-1.85244243311365,25,25,surface_ship_shallow_subcritical,0.18,0.3286335345031,0,1,251295.40625,-36.2521810679078,-62.7199144053995,-62.7199144053995,-10.4123372771237,-109.384432750431,251186.02181725
30.4,2.46992324415152,0,-3,0,25,-25,33.3931208609198,-2.46992324415152,25,25,surface_ship_shallow_subcritical,0.18,0.3286335345031,0,1,251295.40625,-35.8611168957962,-61.8280195121255,-61.8280195121255,-10.3635899886657,-108.052726396587,251187.353523603
30.5,3.08740405518941,0,-3,0,25,-25,33.4444623786958,-3.08740405518941,25,25,surface_ship_shallow_subcritical,0.18,0.3286335345031,0,1,251295.40625,-35.3640242885163,-60.7018136603809,-60.7018136603809,-10.3012245761117,-106.367062525009,251189.039187475
30.6,3.7048848662273,0,-3,0,25,-25,33.5071062891441,-3.7048848662273,25,25,surface_ship_shallow_subcritical,0.18,0.3286335345031,0,1,251295.40625,-34.7650511663295,-59.3558955404555,-59.3558955404555,-10.2254702072838,-104.346416914069,251191.059833086
30.7,4.32236567726517,0,-3,0,25,-25,33.5809893399227,-4.32236567726517,25,25,surface_ship_shallow_subcritical,0.18,0.3286335345031,0,1,251295.40625,-34.0691269253117,-57.8072783094925,-57.8072783094925,-10.1366035922919,-102.013008827096,251193.393241173
30.8,4.93984648830306,0,-3,0,25,-25,33.6660375352966,-4.93984648830306,25,25,surface_ship_shallow_subcritical,0.18,0.3286335345031,0,1,251295.40625,-33.2818842230111,-56.0749527765412,-56.0749527765412,-10.0349470162218,-99.3917840157741,251196.014465984
30.9,5.55732729934093,0,-3,0,25,-25,33.7621664990859,-5.55732729934093,25,25,surface_ship_shallow_subcritical,0.18,0.3286335345031,0,1,251295.40625,-32.4095716301319,-54.1794207068491,-54.1794207068491,-9.92086606989792,-96.5098584068789,251198.896391593
31,6.17480811037882,0,-3,0,25,-25,33.869281881965,-6.17480811037882,25,25,surface_ship_shallow_subcritical,0.18,0.3286335345031,0,1,251295.40625,-31.4589593322069,-52.142216858958,-52.142216858958,-9.79476710486918,-93.3959432960341,251202.010306704
31.1,6.79228892141671,0,-3,0,25,-25,33.9872798086578,-6.79228892141671,25,25,surface_ship_shallow_subcritical,0.18,0.3286335345031,0,1,251295.40625,-30.4372401546857,-49.9854374043524,-49.9854374043524,-9.6570944415188,-90.0797720005569,251205.326477999
31.2,7.40976973245458,0,-3,0,25,-25,34.1160473602673,-7.40976973245458,25,25,surface_ship_shallow_subcritical,0.18,0.3286335345031,0,1,251295.40625,-29.3519281956457,-47.7312905226038,-47.7312905226038,-9.50832736146798,-86.5915460797174,251208.81470392
31.3,8.02725054349247,0,-3,0,25,-25,34.2554630867545,-8.02725054349247,25,25,surface_ship_shallow_subcritical,0.18,0.3286335345031,0,1,251295.40625,-28.2107572866948,-45.4016824352505,-45.4016824352505,-9.34897691720173,-82.961416639147,251212.444833361
31.4,8.64473135453034,0,-3,0,25,-25,34.4053975444551,-8.64473135453034,25,25,surface_ship_shallow_subcritical,0.18,0.3286335345031,0,1,251295.40625,-27.021581371976,-43.0178491853769,-43.0178491853769,-9.17958259307848,-79.2190131504314,251216.18723685
31.5,9.26221216556823,0,-3,0,25,-25,34.5657138534705,-9.26221216556823,25,25,surface_ship_shallow_subcritical,0.18,0.3286335345031,0,1,251295.40625,-25.7922787073957,-40.6000413334204,-40.6000413334204,-9.00070885258825,-75.3930288934044,251220.013221107
31.6,9.87969297660612,0,-3,0,25,-25,34.736268269807,-9.87969297660612,25,25,surface_ship_shallow_subcritical,0.18,0.3286335345031,0,1,251295.40625,-24.5306615489731,-38.1672656474122,-38.1672656474122,-8.81294160690482,-71.5108688032901,251223.895381197
31.7,10.497173787644,0,-3,0,25,-25,34.9169107672486,-10.497173787644,25,25,surface_ship_shallow_subcritical,0.18,0.3286335345031,0,1,251295.40625,-23.2443927331764,-35.7370850035536,-35.7370850035536,-8.61688463945252,-67.5983623761825,251227.807887624
31.8,11.1146545986819,0,-3,0,25,-25,35.107485624123,-11.1146545986819,25,25,surface_ship_shallow_subcritical,0.18,0.3286335345031,0,1,251295.40625,-21.9409102661881,-33.3254752188724,-33.3254752188724,-8.41315602040518,-63.6795415054657,251231.726708495
31.9,11.7321354097197,0,-3,0,25,-25,35.3078320103628,-11.7321354097197,25,25,surface_ship_shallow_subcritical,0.18,0.3286335345031,0,1,251295.40625,-20.6273607456541,-30.9467354990857,-30.9467354990857,-8.20238454378894,-59.7764807885287,251235.629769211
32,12.3496162207576,0,-3,0,25,-25,35.51778457055,-12.3496162207576,25,25,surface_ship_shallow_subcritical,0.18,0.3286335345031,0,1,251295.40625,-19.3105421490363,-28.6134476409541,-28.6134476409541,-7.98520621821361,-55.909196008204,251239.497053992
32.1,12.9670970317955,0,-3,0,25,-25,35.7371739989608,-12.9670970317955,25,25,surface_ship_shallow_subcritical,0.18,0.3286335345031,0,1,251295.40625,-17.9968562471402,-26.3364780770643,-26.3364780770643,-7.76226084025901,-52.0955951644636,251243.310654836
32.2,13.5845778428334,0,-3,0,25,-25,35.96582760299,-13.5845778428334,25,25,surface_ship_shallow_subcritical,0.18,0.3286335345031,0,1,251295.40625,-16.6922706478707,-24.1250162571955,-24.1250162571955,-7.5341886772434,-48.3514755823096,251247.054774418
32.3,14.2020586538713,0,-3,0,25,-25,36.2035698517149,-14.2020586538713,25,25,surface_ship_shallow_subcritical,0.18,0.3286335345031,0,1,251295.40625,-15.402290250003,-21.9866426666341,-21.9866426666341,-7.30162728355883,-44.690560200196,251250.7156898
32.4,14.8195394649092,0,-3,0,25,-25,36.4502229067533,-14.8195394649092,25,25,surface_ship_shallow_subcritical,0.18,0.3286335345031,0,1,251295.40625,-14.1319376939671,-19.9274199171658,-19.9274199171658,-7.06520847202654,-41.1245660831595,251254.281683917
32.5,15.437020275947,0,-3,0,25,-25,36.7056071329708,-15.437020275947,25,25,surface_ship_shallow_subcritical,0.18,0.3286335345031,0,1,251295.40625,-12.8857422386848,-17.9520007353337,-17.9520007353337,-6.82555545886364,-37.6632984328822,251257.742951567
32.6,16.0545010869849,0,-3,0,25,-25,36.9695415869875,-16.0545010869849,25,25,surface_ship_shallow_subcritical,0.18,0.3286335345031,0,1,251295.40625,-11.6677363709993,-16.0637472409579,-16.0637472409579,-6.58328019791324,-34.3147638098705,251261.09148619
32.7,16.6719818980228,0,-3,0,25,-25,37.2418444818191,-16.6719818980228,25,25,surface_ship_shallow_subcritical,0.18,0.3286335345031,0,1,251295.40625,-10.4814593663467,-14.2648565894846,-14.2648565894846,-6.33898091682826,-31.0852968726595,251264.320953127
32.8,17.2894627090607,0,-3,0,25,-25,37.5223336263618,-17.2894627090607,25,25,surface_ship_shallow_subcritical,0.18,0.3286335345031,0,1,251295.40625,-9.32996696397754,-12.5564887865539,-12.5564887865539,-6.09323986496252,-27.9796956154939,251267.426554384
32.9,17.9069435200986,0,-3,0,25,-25,37.8108268387773,-17.9069435200986,25,25,surface_ship_shallow_subcritical,0.18,0.3286335345031,0,1,251295.40625,-8.21584629427366,-10.9388932252983,-10.9388932252983,-5.84662127985632,-25.0013607994283,251270.404889201
33,18.5244243311365,0,-3,0,25,-25,38.1071423331637,-18.5244243311365,25,25,surface_ship_shallow_subcritical,0.18,0.3286335345031,0,1,251295.40625,-7.14123519590965,-9.4115312105014,-9.4115312105014,-5.59966957644871,-22.1524359828598,251273.253814017
33.1,19.1419051421744,0,-3,0,25,-25,38.4110990791985,-19.1419051421744,25,25,surface_ship_shallow_subcritical,0.18,0.3286335345031,0,1,251295.40625,-6.1078450828067,-7.97319239350435,-7.97319239350435,-5.35290776053728,-19.4339452368483,251275.972304763
33.2,19.7593859532122,0,-3,0,25,-25,38.7225171347112,-19.7593859532122,25,25,surface_ship_shallow_subcritical,0.18,0.3286335345031,0,1,251295.40625,-5.11698656091292,-6.62210363155562,-6.62210363155562,-5.10683606557069,-16.8459262580392,251278.560323742
33.3,20.3768667642501,0,-3,0,25,-25,39.0412179513908,-20.3768667642501,25,25,surface_ship_shallow_subcritical,0.18,0.3286335345031,0,1,251295.40625,-4.16959704876662,-5.35602929670913,-5.35602929670913,-4.86193080961965,-14.3875571550954,251281.018692845
33.4,20.994347575288,0,-3,0,25,-25,39.3670246540426,-20.994347575288,25,25,surface_ship_shallow_subcritical,0.18,0.3286335345031,0,1,251295.40625,-3.26626971973156,-4.17236249006288,-4.17236249006288,-4.618643467348,-12.0572756771424,251283.348974323
33.5,21.6118283863259,0,-3,0,25,-25,39.6997622939987,-21.6118283863259,25,25,surface_ship_shallow_subcritical,0.18,0.3286335345031,0,1,251295.40625,-2.4072831542377,-3.06820696926154,-3.06820696926154,-4.37739995000866,-9.85289007350789,251285.553359927
33.6,22.2293091973638,0,-3,0,25,-25,40.039258077442,-22.2293091973638,25,25,surface_ship_shallow_subcritical,0.18,0.3286335345031,0,1,251295.40625,-1.59263116421792,-2.04044987607835,-2.04044987607835,-4.13860008492555,-7.77168112522182,251287.634568875
33.7,22.8467900084017,0,-3,0,25,-25,40.3853415695349,-22.8467900084017,25,25,surface_ship_shallow_subcritical,0.18,0.3286335345031,0,1,251295.40625,-0.822052326568299,-1.0858255638432,-1.0858255638432,-3.90261728459591,-5.81049517500741,251289.595754825
33.8,23.4642708194395,0,-3,0,25,-25,40.737844875349,-23.4642708194395,25,25,surface_ship_shallow_subcritical,0.18,0.3286335345031,0,1,251295.40625,-0.0950588356840902,-0.200970979791461,-0.200970979791461,-3.66979839445356,-3.96582820992911,251291.44042179
33.9,24.0817516304774,0,-3,0,25,-25,41.0966027986742,-24.0817516304774,25,25,surface_ship_shallow_subcritical,0.18,0.3286335345031,0,1,251295.40625,0.589035644786411,0.61752683630031,0.61752683630031,-3.44046370746787,-2.23390122638115,251293.172348774
34,24.6992324415153,0,-3,0,25,-25,41.4614529798462,-24.6992324415153,25,25,surface_ship_shallow_subcritical,0.18,0.3286335345031,0,1,251295.40625,1.23108938517704,1.37309051015027,1.37309051015027,-3.21490713310608,-0.610727237778775,251294.795522762
34.1,25.3167132525532,0,-3,0,25,-25,41.8322360137729,-25.3167132525532,25,25,surface_ship_shallow_subcritical,0.18,0.3286335345031,0,1,251295.40625,1.83210744194534,2.06911868774774,2.06911868774774,-2.99339650774422,0.907829621948861,251296.314079622
34.2,25.934194063591,0,-3,0,25,-25,42.2087955493639,-25.934194063591,25,25,surface_ship_shallow_subcritical,0.18,0.3286335345031,0,1,251295.40625,2.3932180982778,2.70895831976376,2.70895831976376,-2.77617403336345,2.32600238467812,251297.732252385
34.3,26.5516748746289,0,-3,0,25,-25,42.5909783715754,-26.5516748746289,25,25,surface_ship_shallow_subcritical,0.18,0.3286335345031,0,1,251295.40625,2.91565098458367,3.29588222086394,3.29588222086394,-2.56345683129423,3.64807637415338,251299.054326374
34.4,27.1691556856668,0,-3,0,25,-25,42.9786344672792,-27.1691556856668,25,25,surface_ship_shallow_subcritical,0.18,0.3286335345031,0,1,251295.40625,3.40071692843803,3.83307127583923,3.83307127583923,-2.35543759785635,4.87835060642091,251300.284600606
34.5,27.7866364967047,0,-3,0,25,-25,43.3716170761479,-27.7866364967047,25,25,surface_ship_shallow_subcritical,0.18,0.3286335345031,0,1,251295.40625,3.8497895478039,4.32360070100873,4.32360070100873,-2.15228534896901,6.02110489984362,251301.4273549
34.6,28.4041173077426,0,-3,0,25,-25,43.7697827277221,-28.4041173077426,25,25,surface_ship_shallow_subcritical,0.18,0.3286335345031,0,1,251295.40625,4.26428857147382,4.77042981220507,4.77042981220507,-1.95414624115457,7.08057214252432,251302.486822143
34.7,29.0215981187804,0,-3,0,25,-25,44.172991265795,-29.0215981187804,25,25,surface_ship_shallow_subcritical,0.18,0.3286335345031,0,1,251295.40625,4.64566484623622,5.17639479698979,5.17639479698979,-1.76114445681405,8.06091518641196,251303.467165186
34.8,29.6390789298183,0,-3,0,25,-25,44.5811058612054,-29.6390789298183,25,25,surface_ship_shallow_subcritical,0.18,0.3286335345031,0,1,251295.40625,4.9953869708271,5.54420403636504,5.54420403636504,-1.57338314219483,8.9662078649973,251304.372457865
34.9,30.2565597408562,0,-3,0,25,-25,44.9939930140902,-30.2565597408562,25,25,surface_ship_shallow_subcritical,0.18,0.3286335345031,0,1,251295.40625,5.31492948177323,5.87643556849114,5.87643556849114,-1.39094538708355,9.80041966318081,251305.206669663
35,30.8740405518941,0,-3,0,25,-25,45.411522546596,-30.8740405518941,25,25,surface_ship_shallow_subcritical,0.18,0.3286335345031,0,1,251295.40625,5.60576250524995,6.1755363325867,6.1755363325867,-1.21389523592593,10.5674036019107,251305.973653602
35.1,31.491521362932,0,-3,0,25,-25,45.8335675869989,-31.491521362932,25,25,surface_ship_shallow_subcritical,0.18,0.3286335345031,0,1,251295.40625,5.86934278155226,6.44382287444459,6.44382287444459,-1.04227872078257,11.2708869352143,251306.677136935
35.2,32.1090021739699,0,-3,0,25,-25,46.2600045461304,-32.1090021739699,25,25,surface_ship_shallow_subcritical,0.18,0.3286335345031,0,1,251295.40625,6.10710596421244,6.68348323530692,6.68348323530692,-0.876124907265318,11.914464292254,251307.320714292
35.3,32.7264829850077,0,-3,0,25,-25,46.6907130869512,-32.7264829850077,25,25,surface_ship_shallow_subcritical,0.18,0.3286335345031,0,1,251295.40625,6.32046009372521,6.89657978289951,6.89657978289951,-0.715446945347454,12.5015929312773,251307.907842931
35.4,33.3439637960456,0,-3,0,25,-25,47.125576088065,-33.3439637960456,25,25,surface_ship_shallow_subcritical,0.18,0.3286335345031,0,1,251295.40625,6.51078014582741,7.08505277710342,7.08505277710342,-0.560243117693152,13.0355898052377,251308.441839805
35.5,33.9614446070835,0,-3,0,25,-25,47.5644796019046,-33.9614446070835,25,25,surface_ship_shallow_subcritical,0.18,0.3286335345031,0,1,251295.40625,6.67940355593017,7.2507244930396,7.2507244930396,-0.410497878898119,13.5196301700717,251308.92588017
35.6,34.5789254181214,0,-3,0,25,-25,48.0073128082795,-34.5789254181214,25,25,surface_ship_shallow_subcritical,0.18,0.3286335345031,0,1,251295.40625,6.82762662426718,7.39530375136349,7.39530375136349,-0.266182879764031,13.9567474958666,251309.362997496
35.7,35.1964062291593,0,-3,0,25,-25,48.453967963914,-35.1964062291593,25,25,surface_ship_shallow_subcritical,0.18,0.3286335345031,0,1,251295.40625,6.95670171029255,7.52039072947004,7.52039072947004,-0.127257971439343,14.3498344683232,251309.756084468
35.8,35.8138870401971,0,-3,0,25,-25,48.9043403485621,-35.8138870401971,25,25,surface_ship_shallow_subcritical,0.18,0.3286335345031,0,1,251295.40625,7.06783512956866,7.62748194830471,7.62748194830471,0.00632781505933274,14.7016448929327,251310.107894893
35.9,36.431367851235,0,-3,0,25,-25,49.3583282082365,-36.431367851235,25,25,surface_ship_shallow_subcritical,0.18,0.3286335345031,0,1,251295.40625,7.16218567159818,7.71797534778931,7.71797534778931,0.134635317781268,15.0147963371688,251310.421046337
36,37.0488486622729,0,-3,0,25,-25,49.8158326960415,-37.0488486622729,25,25,surface_ship_shallow_subcritical,0.18,0.3286335345031,0,1,251295.40625,7.24086366258354,7.79317537974523,7.79317537974523,0.257734324453338,15.2917733667821,251310.698023367
36.1,37.6663294733108,0,-3,0,25,-25,50.2767578110602,-37.6663294733108,25,25,surface_ship_shallow_subcritical,0.18,0.3286335345031,0,1,251295.40625,7.30493050278035,7.85429806086983,7.85429806086983,0.375702687416581,15.5349312510668,251310.941181251
36.2,38.2838102843487,0,-3,0,25,-25,50.7410103357038,-38.2838102843487,25,25,surface_ship_shallow_subcritical,0.18,0.3286335345031,0,1,251295.40625,7.35539861381955,7.90247594002885,7.90247594002885,0.488625474999911,15.7465000288483,251311.152750029
36.3,38.9012910953865,0,-3,0,25,-25,51.2084997718933,-38.9012910953865,25,25,surface_ship_shallow_subcritical,0.18,0.3286335345031,0,1,251295.40625,7.39323173700215,7.93876294409093,7.93876294409093,0.596594160949774,15.9285888420429,251311.334838842
36.4,39.5187719064244,0,-3,0,25,-25,51.679138276407,-39.5187719064244,25,25,surface_ship_shallow_subcritical,0.18,0.3286335345031,0,1,251295.40625,7.41934552903939,7.96413907495712,7.96413907495712,0.699705853082867,16.0831904570794,251311.489440457
36.5,40.1362527174623,0,-3,0,25,-25,52.1528405956953,-40.1362527174623,25,25,surface_ship_shallow_subcritical,0.18,0.3286335345031,0,1,251295.40625,7.43460840695981,7.97951493752057,7.97951493752057,0.798062561918628,16.212185906399,251311.618435906
36.6,40.7537335285002,0,-3,0,25,-25,52.6295240004316,-40.7537335285002,25,25,surface_ship_shallow_subcritical,0.18,0.3286335345031,0,1,251295.40625,7.43984259888761,7.9857360842032,7.9857360842032,0.891770509678533,16.3173491927693,251311.723599193
36.7,41.3712143395381,0,-3,0,25,-25,53.1091082200408,-41.3712143395381,25,25,surface_ship_shallow_subcritical,0.18,0.3286335345031,0,1,251295.40625,7.43582536208531,7.98358716661452,7.98358716661452,0.980939479709184,16.400352008409,251311.806602008
36.8,41.9886951505759,0,-3,0,25,-25,53.5915153774177,-41.9886951505759,25,25,surface_ship_shallow_subcritical,0.18,0.3286335345031,0,1,251295.40625,7.42329033402847,7.97379588890383,7.97379588890383,1.06568220609376,16.4627684290261,251311.869018429
36.9,42.6061759616138,0,-3,0,25,-25,54.0766699240255,-42.6061759616138,25,25,surface_ship_shallow_subcritical,0.18,0.3286335345031,0,1,251295.40625,7.40292898633314,7.95703676065488,7.95703676065488,1.1461138029607,16.5060795499487,251311.91232955
37,43.2236567726517,0,-3,0,25,-25,54.564498575539,-43.2236567726517,25,25,surface_ship_shallow_subcritical,0.18,0.3286335345031,0,1,251295.40625,7.37539215508669,7.93393464981311,7.93393464981311,1.22235123277638,16.5316780376762,251311.937928038
37.1,43.8411375836896,0,-3,0,25,-25,55.0549302481803,-43.8411375836896,25,25,surface_ship_shallow_subcritical,0.18,0.3286335345031,0,1,251295.40625,7.34129162454363,7.90506813823497,7.90506813823497,1.29451281271939,16.540872575498,251311.947122576
37.2,44.4586183947275,0,-3,0,25,-25,55.5478959958701,-44.4586183947275,25,25,surface_ship_shallow_subcritical,0.18,0.3286335345031,0,1,251295.40625,7.30120174425122,7.87097268409223,7.87097268409223,1.36271775807374,16.5348921864172,251311.941142186
37.3,45.0760992057653,0,-3,0,25,-25,56.0433289483057,-45.0760992057653,25,25,surface_ship_shallow_subcritical,0.18,0.3286335345031,0,1,251295.40625,7.25566106247589,7.83214359662373,7.83214359662373,1.42708576144679,16.5148904205464,251311.921140421
37.4,45.6935800168032,0,-3,0,25,-25,56.5411642500577,-45.6935800168032,25,25,surface_ship_shallow_subcritical,0.18,0.3286335345031,0,1,251295.40625,7.20517396132805,7.78903882966671,7.78903882966671,1.48773660651045,16.4819493975052,251311.888199398
37.5,46.3110608278411,0,-3,0,25,-25,57.0413390007633,-46.3110608278411,25,25,surface_ship_shallow_subcritical,0.18,0.3286335345031,0,1,251295.40625,7.15021228124484,7.74208160107354,7.74208160107354,1.54478981488112,16.4370836971995,251311.843333697
37.6,46.928541638879,0,-3,0,25,-25,57.5437921964829,-46.928541638879,25,25,surface_ship_shallow_subcritical,0.18,0.3286335345031,0,1,251295.40625,7.09121692450749,7.69166284557438,7.69166284557438,1.59836432469079,16.3812440947726,251311.787494095
37.7,47.5460224499169,0,-3,0,25,-25,58.0484646722719,-47.5460224499169,25,25,surface_ship_shallow_subcritical,0.18,0.3286335345031,0,1,251295.40625,7.02859942925831,7.6381435089214,7.6381435089214,1.64857819935821,16.3153211375379,251311.721571138
37.8,48.1635032609547,0,-3,0,25,-25,58.5552990460129,-48.1635032609547,25,25,surface_ship_shallow_subcritical,0.18,0.3286335345031,0,1,251295.40625,6.9627435070623,7.58185669128033,7.58185669128033,1.69554836504185,16.2401485633845,251311.646398563
37.9,48.7809840719926,0,-3,0,25,-25,59.0642396635392,-48.7809840719926,25,25,surface_ship_shallow_subcritical,0.18,0.3286335345031,0,1,251295.40625,6.894006538446,7.52310964784728,7.52310964784728,1.73939037524411,16.1565065615374,251311.562756562
38,49.3984648830305,0,-3,0,25,-25,59.575232545077,-49.3984648830305,25,25,surface_ship_shallow_subcritical,0.18,0.3286335345031,0,1,251295.40625,6.82272102205993,7.46218565458939,7.46218565458939,1.78021820103721,16.0651248776865,251311.471374878
38.1,50.0159456940684,0,-3,0,25,-25,60.0882253330218,-50.0159456940684,25,25,surface_ship_shallow_subcritical,0.18,0.3286335345031,0,1,251295.40625,6.74919597416647,7.39934574685467,7.39934574685467,1.81814404539337,15.9666857664145,251311.372935766
38.2,50.6334265051063,0,-3,0,25,-25,60.6031672410609,-50.6334265051063,25,25,surface_ship_shallow_subcritical,0.18,0.3286335345031,0,1,251295.40625,6.67371827606863,7.33483033838855,7.33483033838855,1.85327818012346,15.8618267945806,251311.268076795
38.3,51.2509073161442,0,-3,0,25,-25,61.1200090046459,-51.2509073161442,25,25,surface_ship_shallow_subcritical,0.18,0.3286335345031,0,1,251295.40625,6.59655396788058,7.26886072804431,7.26886072804431,1.88572880395886,15.7511434998838,251311.1573935
38.4,51.868388127182,0,-3,0,25,-25,61.6387028328144,-51.868388127182,25,25,surface_ship_shallow_subcritical,0.18,0.3286335345031,0,1,251295.40625,6.51794948771242,7.20164050119496,7.20164050119496,1.91560192034801,15.6351919092554,251311.041441909
38.5,52.4858689382199,0,-3,0,25,-25,62.159202361356,-52.4858689382199,25,25,surface_ship_shallow_subcritical,0.18,0.3286335345031,0,1,251295.40625,6.43813285591175,7.13335683255326,7.13335683255326,1.94300123358197,15.514490922047,251310.920740922
38.6,53.1033497492578,0,-3,0,25,-25,62.6814626073132,-53.1033497492578,25,25,surface_ship_shallow_subcritical,0.18,0.3286335345031,0,1,251295.40625,6.35731480448409,7.0641816967938,7.0641816967938,1.96802806191084,15.3895245631887,251310.795774563
38.7,53.7208305602957,0,-3,0,25,-25,63.205439924804,-53.7208305602957,25,25,surface_ship_shallow_subcritical,0.18,0.3286335345031,0,1,251295.40625,6.27568985221498,6.99427299305093,6.99427299305093,1.99078126636349,15.2607441116294,251310.666994112
38.8,54.3383113713336,0,-3,0,25,-25,63.7310919621498,-54.3383113713336,25,25,surface_ship_shallow_subcritical,0.18,0.3286335345031,0,1,251295.40625,6.19343732634662,6.92377558904592,6.92377558904592,2.01135719403708,15.1285701094296,251310.534820109
38.9,54.9557921823715,0,-3,0,25,-25,64.2583776202917,-54.9557921823715,25,25,surface_ship_shallow_subcritical,0.18,0.3286335345031,0,1,251295.40625,6.11072233193135,6.85282229027772,6.85282229027772,2.02984963467808,14.9933942568871,251310.399644257
39,55.5732729934093,0,-3,0,25,-25,64.7872570124712,-55.5732729934093,25,25,surface_ship_shallow_subcritical,0.18,0.3286335345031,0,1,251295.40625,6.02769667019982,6.78153473939963,6.78153473939963,2.04634978943339,14.8555811990328,251310.261831199
39.1,56.1907538044472,0,-3,0,25,-25,65.3176914251568,-56.1907538044472,25,25,surface_ship_shallow_subcritical,0.18,0.3286335345031,0,1,251295.40625,5.94449970745106,6.71002425059908,6.71002425059908,2.06094625070759,14.7154702087577,251310.121720209
39.2,56.8082346154851,0,-3,0,25,-25,65.849643280188,-56.8082346154851,25,25,surface_ship_shallow_subcritical,0.18,0.3286335345031,0,1,251295.40625,5.86125919610082,6.6383925835037,6.6383925835037,2.07372499211964,14.5733767717242,251309.979626772
39.3,57.425715426523,0,-3,0,25,-25,66.383076098114,-57.425715426523,25,25,surface_ship_shallow_subcritical,0.18,0.3286335345031,0,1,251295.40625,5.77809204961941,6.56673266085295,6.56673266085295,2.08476936760939,14.4295940780818,251309.835844078
39.4,58.0431962375609,0,-3,0,25,-25,66.9179544627001,-58.0431962375609,25,25,surface_ship_shallow_subcritical,0.18,0.3286335345031,0,1,251295.40625,5.695105073155,6.49512923390366,6.49512923390366,2.09416011880064,14.2843944258593,251309.690644426
39.5,58.6606770485988,0,-3,0,25,-25,67.4542439865721,-58.6606770485988,25,25,surface_ship_shallow_subcritical,0.18,0.3286335345031,0,1,251295.40625,5.612395651679,6.42365949927905,6.42365949927905,2.10197538978245,14.1380305407405,251309.544280541
39.6,59.2781578596367,0,-3,0,25,-25,67.9919112779748,-59.2781578596367,25,25,surface_ship_shallow_subcritical,0.18,0.3286335345031,0,1,251295.40625,5.53005239750822,6.35239367072503,6.35239367072503,2.1082907485243,13.9907368167576,251309.396986817
39.7,59.8956386706745,0,-3,0,25,-25,68.5309239086123,-59.8956386706745,25,25,surface_ship_shallow_subcritical,0.18,0.3286335345031,0,1,251295.40625,5.44815575906004,6.2813955090051,6.2813955090051,2.11317921419286,13.842730482258,251309.248980482
39.8,60.5131194817124,0,-3,0,25,-25,69.0712503825434,-60.5131194817124,25,25,surface_ship_shallow_subcritical,0.18,0.3286335345031,0,1,251295.40625,5.36677859268278,6.21072281294523,6.21072281294523,2.11671128968837,13.6942126953164,251309.100462695
39.9,61.1306002927503,0,-3,0,25,-25,69.612860106104,-61.1306002927503,25,25,surface_ship_shallow_subcritical,0.18,0.3286335345031,0,1,251295.40625,5.28598669937732,6.14042787443321,6.14042787443321,2.1189549987674,13.5453695725779,251308.951619573
40,61.7480811037882,0,-3,0,25,-25,70.1557233588251,-61.7480811037882,25,25,surface_ship_shallow_subcritical,0.18,0.3286335345031,0,1,251295.40625,5.2058393281904,6.0705578999822,6.0705578999822,2.11997592716491,13.3963731553375,251308.802623155
40.1,62.3655619148261,0,-3,0,25,-25,70.6998112653209,-62.3655619148261,25,25,surface_ship_shallow_subcritical,0.18,0.3286335345031,0,1,251295.40625,5.12638964801585,6.00115540128549,6.00115540128549,2.11983726717316,13.2473823164745,251308.653632316
40.2,62.983042725864,0,-3,0,25,-25,71.2450957681159,-62.983042725864,25,25,surface_ship_shallow_subcritical,0.18,0.3286335345031,0,1,251295.40625,5.04768518949005,5.93225855701841,5.93225855701841,2.11859986517716,13.0985436116856,251308.504793612
40.3,63.6005235369018,0,-3,0,25,-25,71.7915496013841,-63.6005235369018,25,25,surface_ship_shallow_subcritical,0.18,0.3286335345031,0,1,251295.40625,4.96976825861323,5.86390154798312,5.86390154798312,2.1163222716867,12.949992078283,251308.356242078
40.4,64.2180043479397,0,-3,0,25,-25,72.3391462655732,-64.2180043479397,25,25,surface_ship_shallow_subcritical,0.18,0.3286335345031,0,1,251295.40625,4.89267632366954,5.79611486754209,5.79611486754209,2.11306079344252,12.8018519846541,251308.208101985
40.5,64.8354851589776,0,-3,0,25,-25,72.8878600028839,-64.8354851589776,25,25,surface_ship_shallow_subcritical,0.18,0.3286335345031,0,1,251295.40625,4.81644237695844,5.72892560914718,5.72892560914718,2.10886954721066,12.6542375333163,251308.060487533
40.6,65.4529659700155,0,-3,0,25,-25,73.4376657735797,-65.4529659700155,25,25,surface_ship_shallow_subcritical,0.18,0.3286335345031,0,1,251295.40625,4.7410952727873,5.66235773263989,5.66235773263989,2.1038005149124,12.5072535203396,251307.91350352
40.7,66.0704467810533,0,-3,0,25,-25,73.9885392331002,-66.0704467810533,25,25,surface_ship_shallow_subcritical,0.18,0.3286335345031,0,1,251295.40625,4.66666004311246,5.59643231087804,5.59643231087804,2.09790359976895,12.3609959537594,251307.767245954
40.8,66.6879275920912,0,-3,0,25,-25,74.5404567099505,-66.6879275920912,25,25,surface_ship_shallow_subcritical,0.18,0.3286335345031,0,1,251295.40625,4.59315819215248,5.53116775813075,5.53116775813075,2.09122668317004,12.2155526334533,251307.621802633
40.9,67.3054084031291,0,-3,0,25,-25,75.0933951843436,-67.3054084031291,25,25,surface_ship_shallow_subcritical,0.18,0.3286335345031,0,1,251295.40625,4.52060797123491,5.46658004157856,5.46658004157856,2.08381568200318,12.0710036948166,251307.477253695
41,67.922889214167,0,-3,0,25,-25,75.6473322675691,-67.922889214167,25,25,surface_ship_shallow_subcritical,0.18,0.3286335345031,0,1,251295.40625,4.44902463507574,5.40268287715812,5.40268287715812,2.07571460620638,11.9274221184402,251307.333672118
41.1,68.5403700252049,0,-3,0,25,-25,76.2022461820647,-68.5403700252049,25,25,surface_ship_shallow_subcritical,0.18,0.3286335345031,0,1,251295.40625,4.37842068063019,5.33948791090021,5.33948791090021,2.06696561633121,11.7848742078616,251307.191124208
41.2,69.1578508362427,0,-3,0,25,-25,76.7581157421676,-69.1578508362427,25,25,surface_ship_shallow_subcritical,0.18,0.3286335345031,0,1,251295.40625,4.30880606959426,5.27700488682526,5.27700488682526,2.05760908092576,11.6434200373453,251307.049670037
41.3,69.7753316472806,0,-3,0,25,-25,77.3149203355213,-69.7753316472806,25,25,surface_ship_shallow_subcritical,0.18,0.3286335345031,0,1,251295.40625,4.2401884355789,5.21524180238321,5.21524180238321,2.04768363356753,11.5031138715296,251306.909363872
41.4,70.3928124583185,0,-3,0,25,-25,77.8726399051169,-70.3928124583185,25,25,surface_ship_shallow_subcritical,0.18,0.3286335345031,0,1,251295.40625,4.1725732769231,5.15420505235107,5.15420505235107,2.037226229396,11.3640045586702,251306.770254559
41.5,71.0102932693564,0,-3,0,25,-25,78.4312549319466,-71.0102932693564,25,25,surface_ship_shallow_subcritical,0.18,0.3286335345031,0,1,251295.40625,4.10596413605855,5.09389956203531,5.09389956203531,2.02627220101189,11.2261358991058,251306.632385899
41.6,71.6277740803943,0,-3,0,25,-25,78.9907464182483,-71.6277740803943,25,25,surface_ship_shallow_subcritical,0.18,0.3286335345031,0,1,251295.40625,4.04036276628689,5.03432891056309,5.03432891056309,2.01485531362712,11.0895469904771,251306.49579699
41.7,72.2452548914322,0,-3,0,25,-25,79.5510958713204,-72.2452548914322,25,25,surface_ship_shallow_subcritical,0.18,0.3286335345031,0,1,251295.40625,3.97576928678118,4.97549544498913,4.97549544498913,2.00300781936397,10.9542725511343,251306.360522551
41.8,72.86273570247,0,-3,0,25,-25,80.1122852878883,-72.86273570247,25,25,surface_ship_shallow_subcritical,0.18,0.3286335345031,0,1,251295.40625,3.91218232657603,4.91740038589127,4.91740038589127,1.99076051061621,10.8203432230835,251306.226593223
41.9,73.4802165135079,0,-3,0,25,-25,80.6742971390021,-73.4802165135079,25,25,surface_ship_shallow_subcritical,0.18,0.3286335345031,0,1,251295.40625,3.84959915826549,4.86004392507814,4.86004392507814,1.97814277239751,10.6877858557411,251306.094035856
42,74.0976973245458,0,-3,0,25,-25,81.2371143554472,-74.0976973245458,25,25,surface_ship_shallow_subcritical,0.18,0.3286335345031,0,1,251295.40625,3.78801582208512,4.80342531598667,4.80342531598667,1.96518263361386,10.5566237716856,251305.962873772
42.1,74.7151781355837,0,-3,0,25,-25,81.80072031365,-74.7151781355837,25,25,surface_ship_shallow_subcritical,0.18,0.3286335345031,0,1,251295.40625,3.72742724101348,4.74754295730437,4.74754295730437,1.9519068172077,10.4268770155256,251305.833127016
42.2,75.3326589466216,0,-3,0,25,-25,82.3650988220618,-75.3326589466216,25,25,surface_ship_shallow_subcritical,0.18,0.3286335345031,0,1,251295.40625,3.66782732748981,4.69239447031212,4.69239447031212,1.93834078913045,10.2985625869324,251305.704812587
42.3,75.9501397576594,0,-3,0,25,-25,82.9302341080019,-75.9501397576594,25,25,surface_ship_shallow_subcritical,0.18,0.3286335345031,0,1,251295.40625,3.60920908230761,4.63797677040667,4.63797677040667,1.92450880610956,10.1716946588238,251305.577944659
42.4,76.5676205686973,0,-3,0,25,-25,83.4961108049471,-76.5676205686973,25,25,surface_ship_shallow_subcritical,0.18,0.3286335345031,0,1,251295.40625,3.55156468620933,4.58428613322812,4.58428613322812,1.91043396218345,10.0462847816209,251305.452534782
42.5,77.1851013797352,0,-3,0,25,-25,84.0627139402482,-77.1851013797352,25,25,surface_ship_shallow_subcritical,0.18,0.3286335345031,0,1,251295.40625,3.49488558467422,4.5313182557869,4.5313182557869,1.89613823398527,9.92234207444639,251305.328592074
42.6,77.8025821907731,0,-3,0,25,-25,84.6300289232611,-77.8025821907731,25,25,surface_ship_shallow_subcritical,0.18,0.3286335345031,0,1,251295.40625,3.43916256636048,4.47906831295498,4.47906831295498,1.88164252476257,9.79987340407803,251305.206123404
42.7,78.420063001811,0,-3,0,25,-25,85.1980415338757,-78.420063001811,25,25,surface_ship_shallow_subcritical,0.18,0.3286335345031,0,1,251295.40625,3.38438583563349,4.42753100966018,4.42753100966018,1.86696670712581,9.67888355241948,251305.085133552
42.8,79.0375438128488,0,-3,0,25,-25,85.7667379114304,-79.0375438128488,25,25,surface_ship_shallow_subcritical,0.18,0.3286335345031,0,1,251295.40625,3.33054507958423,4.37670062909688,4.37670062909688,1.85212966452381,9.55937537320492,251304.965625373
42.9,79.6550246238867,0,-3,0,25,-25,86.3361045439971,-79.6550246238867,25,25,surface_ship_shallow_subcritical,0.18,0.3286335345031,0,1,251295.40625,3.27762952991614,4.32657107724391,4.32657107724391,1.83714933144868,9.44134993860872,251304.847599939
43,80.2725054349246,0,-3,0,25,-25,86.9061282580233,-80.2725054349246,25,25,surface_ship_shallow_subcritical,0.18,0.3286335345031,0,1,251295.40625,3.22562802005399,4.27713592395894,4.27713592395894,1.82204273237697,9.3248066763899,251304.731056676
43.1,80.8899862459625,0,-3,0,25,-25,87.4767962083203,-80.8899862459625,25,25,surface_ship_shallow_subcritical,0.18,0.3286335345031,0,1,251295.40625,3.17452903780546,4.22838844089913,4.22838844089913,1.80682601945735,9.20974349816195,251304.615993498
43.2,81.5074670570004,0,-3,0,25,-25,88.0480958683832,-81.5074670570004,25,25,surface_ship_shallow_subcritical,0.18,0.3286335345031,0,1,251295.40625,3.12432077388441,4.18032163649928,4.18032163649928,1.79151450895812,9.09615691934181,251304.502406919
43.3,82.1249478680382,0,-3,0,25,-25,88.6200150210323,-82.1249478680382,25,25,surface_ship_shallow_subcritical,0.18,0.3286335345031,0,1,251295.40625,3.07499116658469,4.13292828822233,4.13292828822233,1.77612271649077,8.98404217129779,251304.390292171
43.4,82.7424286790761,0,-3,0,25,-25,89.1925417493638,-82.7424286790761,25,25,surface_ship_shallow_subcritical,0.18,0.3286335345031,0,1,251295.40625,3.02652794287401,4.08620097228088,4.08620097228088,1.76066439102816,8.87339330618305,251304.279643306
43.5,83.359909490114,0,-3,0,25,-25,89.7656644279983,-83.359909490114,25,25,surface_ship_shallow_subcritical,0.18,0.3286335345031,0,1,251295.40625,2.97891865615983,4.04013209101439,4.04013209101439,1.74515254773789,8.76420329491211,251304.170453295
43.6,83.9773903011519,0,-3,0,25,-25,90.3393717146185,-83.9773903011519,25,25,surface_ship_shallow_subcritical,0.18,0.3286335345031,0,1,251295.40625,2.9321507209622,3.99471389809293,3.99471389809293,1.72959949965308,8.65646411870821,251304.062714119
43.7,84.5948711121898,0,-3,0,25,-25,90.9136525417828,-84.5948711121898,25,25,surface_ship_shallow_subcritical,0.18,0.3286335345031,0,1,251295.40625,2.886211444713,3.94993852170624,3.94993852170624,1.71401688820459,8.55016685462382,251303.956416855
43.8,85.2123519232277,0,-3,0,25,-25,91.4884961090082,-85.2123519232277,25,25,surface_ship_shallow_subcritical,0.18,0.3286335345031,0,1,251295.40625,2.84108805688621,3.90579798588508,3.90579798588508,1.6984157126394,8.44530175541069,251303.851551755
43.9,85.8298327342655,0,-3,0,25,-25,92.0638918751103,-85.8298327342655,25,25,surface_ship_shallow_subcritical,0.18,0.3286335345031,0,1,251295.40625,2.7967677356501,3.8622842300915,3.8622842300915,1.68280635835149,8.34185832409309,251303.748108324
44,86.4473135453034,0,-3,0,25,-25,92.6398295507931,-86.4473135453034,25,25,surface_ship_shallow_subcritical,0.18,0.3286335345031,0,1,251295.40625,2.75323763221941,3.81938912720443,3.81938912720443,1.66719862415172,8.23982538357555,251303.646075384
44.1,87.0647943563413,0,-3,0,25,-25,93.2162990914786,-87.0647943563413,25,25,surface_ship_shallow_subcritical,0.18,0.3286335345031,0,1,251295.40625,2.71048489307344,3.77710450001813,3.77710450001813,1.65160174850428,8.13919114159585,251303.545441142
44.2,87.6822751673792,0,-3,0,25,-25,93.7932906903687,-87.6822751673792,25,25,surface_ship_shallow_subcritical,0.18,0.3286335345031,0,1,251295.40625,2.66849668019482,3.73542213636242,3.73542213636242,1.63602443475754,8.03994325131478,251303.446193251
44.3,88.299755978417,0,-3,0,25,-25,94.3707947717301,-88.299755978417,25,25,surface_ship_shallow_subcritical,0.18,0.3286335345031,0,1,251295.40625,2.62726018947308,3.69433380294578,3.69433380294578,1.62047487539733,7.94206886781618,251303.348318868
44.4,88.917236789455,0,-3,0,25,-25,94.9488019843958,-88.917236789455,25,25,surface_ship_shallow_subcritical,0.18,0.3286335345031,0,1,251295.40625,2.58676266740741,3.65383125801509,3.65383125801509,1.60496077535102,7.84555470077351,251303.251804701
44.5,89.5347176004928,0,-3,0,25,-25,95.5273031954739,-89.5347176004928,25,25,surface_ship_shallow_subcritical,0.18,0.3286335345031,0,1,251295.40625,2.54699142623373,3.61390626291913,3.61390626291913,1.58948937437075,7.75038706352362,251303.156637064
44.6,90.1521984115307,0,-3,0,25,-25,96.106289484258,-90.1521984115307,25,25,surface_ship_shallow_subcritical,0.18,0.3286335345031,0,1,251295.40625,2.50793385759261,3.57455059265653,3.57455059265653,1.57406746852397,7.65655191877312,251303.062801919
44.7,90.7696792225686,0,-3,0,25,-25,96.6857521363308,-90.7696792225686,25,25,surface_ship_shallow_subcritical,0.18,0.3286335345031,0,1,251295.40625,2.46957744484655,3.53575604548324,3.53575604548324,1.55870143081944,7.56403492114923,251302.970284921
44.8,91.3871600336065,0,-3,0,25,-25,97.2656826378554,-91.3871600336065,25,25,surface_ship_shallow_subcritical,0.18,0.3286335345031,0,1,251295.40625,2.43190977414776,3.49751445164902,3.49751445164902,1.54339723099658,7.47282145679337,251302.879071457
44.9,92.0046408446443,0,-3,0,25,-25,97.8460726700464,-92.0046408446443,25,25,surface_ship_shallow_subcritical,0.18,0.3286335345031,0,1,251295.40625,2.39491854435029,3.45981768132766,3.45981768132766,1.52816045450574,7.3828966801837,251302.78914668
45,92.6221216556822,0,-3,0,25,-25,98.4269141038161,-92.6221216556822,25,25,surface_ship_shallow_subcritical,0.18,0.3286335345031,0,1,251295.40625,2.35859157585423,3.4226576518008,3.4226576518008,1.51299632070648,7.29424554836151,251302.700495548
45.1,93.2396024667201,0,-3,0,25,-25,99.0081989945883,-93.2396024667201,25,25,surface_ship_shallow_subcritical,0.18,0.3286335345031,0,1,251295.40625,2.32291681846326,3.38602633395103,3.38602633395103,1.49790970031073,7.20685285272501,251302.613102853
45.2,93.857083277758,0,-3,0,25,-25,99.5899195772745,-93.857083277758,25,25,surface_ship_shallow_subcritical,0.18,0.3286335345031,0,1,251295.40625,2.28788235833144,3.34991575811605,3.34991575811605,1.48290513209702,7.12070324854451,251302.526953249
45.3,94.4745640887959,0,-3,0,25,-25,100.172068261407,-94.4745640887959,25,25,surface_ship_shallow_subcritical,0.18,0.3286335345031,0,1,251295.40625,2.25347642406951,3.3143180193517,3.3143180193517,1.46798683892173,7.03578128234294,251302.442031282
45.4,95.0920448998337,0,-3,0,25,-25,100.754637626424,-95.0920448998337,25,25,surface_ship_shallow_subcritical,0.18,0.3286335345031,0,1,251295.40625,2.21968739207635,3.2792252821486,3.2792252821486,1.45315874305236,6.9520714172773,251302.358321417
45.5,95.7095257108716,0,-3,0,25,-25,101.337620417099,-95.7095257108716,25,25,surface_ship_shallow_subcritical,0.18,0.3286335345031,0,1,251295.40625,2.18650379115648,3.24462978464353,3.24462978464353,1.43842448084777,6.86955805664778,251302.275808057
45.6,96.3270065219095,0,-3,0,25,-25,101.921009539113,-96.3270065219095,25,25,surface_ship_shallow_subcritical,0.18,0.3286335345031,0,1,251295.40625,2.15391430648016,3.21052384236424,3.21052384236424,1.42378741680927,6.78822556565367,251302.194475566
45.7,96.9444873329474,0,-3,0,25,-25,102.504798054764,-96.9444873329474,25,25,surface_ship_shallow_subcritical,0.18,0.3286335345031,0,1,251295.40625,2.1219077829387,3.17689985154303,3.17689985154303,1.40925065702617,6.7080582915079,251302.114308292
45.8,97.5619681439853,0,-3,0,25,-25,103.088979178805,-97.5619681439853,25,25,surface_ship_shallow_subcritical,0.18,0.3286335345031,0,1,251295.40625,2.09047322794388,3.14375029203248,3.14375029203248,1.39481706203859,6.62904058201495,251302.035290582
45.9,98.1794489550232,0,-3,0,25,-25,103.673546274409,-98.1794489550232,25,25,surface_ship_shallow_subcritical,0.18,0.3286335345031,0,1,251295.40625,2.05959981371683,3.11106772985383,3.11106772985383,1.38048925913987,6.55115680271053,251301.957406803
46,98.796929766061,0,-3,0,25,-25,104.258492849264,-98.796929766061,25,25,surface_ship_shallow_subcritical,0.18,0.3286335345031,0,1,251295.40625,2.02927687910856,3.07884481940677,3.07884481940677,1.36626965414011,6.47439135265545,251301.880641353
46.1,99.4144105770989,0,-3,0,25,-25,104.843812551776,-99.4144105770989,25,25,surface_ship_shallow_subcritical,0.18,0.3286335345031,0,1,251295.40625,1.99949393099124,3.04707430536695,3.04707430536695,1.3521604426118,6.39872867896999,251301.804978679
46.2,100.031891388137,0,-3,0,25,-25,105.429499167396,-100.031891388137,25,25,surface_ship_shallow_subcritical,0.18,0.3286335345031,0,1,251295.40625,1.97024064525652,3.01574902429589,3.01574902429589,1.33816362063805,6.32415329019046,251301.73040329
46.3,100.649372199175,0,-3,0,25,-25,106.015546615051,-100.649372199175,25,25,surface_ship_shallow_subcritical,0.18,0.3286335345031,0,1,251295.40625,1.94150686745465,2.98486190598614,2.98486190598614,1.32428099508294,6.25064976852373,251301.656899769
46.4,101.266853010213,0,-3,0,25,-25,106.601948943685,-101.266853010213,25,25,surface_ship_shallow_subcritical,0.18,0.3286335345031,0,1,251295.40625,1.91328261310564,2.95440597456286,2.95440597456286,1.31051419340317,6.17820278107168,251301.584452781
46.5,101.88433382125,0,-3,0,25,-25,107.188700328906,-101.88433382125,25,25,surface_ship_shallow_subcritical,0.18,0.3286335345031,0,1,251295.40625,1.88555806771135,2.92437434936144,2.92437434936144,1.29686467301956,6.10679709009235,251301.51304709
46.6,102.501814632288,0,-3,0,25,-25,107.775795069728,-102.501814632288,25,25,surface_ship_shallow_subcritical,0.18,0.3286335345031,0,1,251295.40625,1.85832358649553,2.8947602455996,2.8947602455996,1.28333373026604,6.03641756236116,251301.442667562
46.7,103.119295443326,0,-3,0,25,-25,108.363227585413,-103.119295443326,25,25,surface_ship_shallow_subcritical,0.18,0.3286335345031,0,1,251295.40625,1.83156969389654,2.86555697486066,2.86555697486066,1.26992250893364,5.96704917769083,251301.373299178
46.8,103.736776254364,0,-3,0,25,-25,108.950992412405,-103.736776254364,25,25,surface_ship_shallow_subcritical,0.18,0.3286335345031,0,1,251295.40625,1.80528708283601,2.83675794540397,2.83675794540397,1.25663200842592,5.8986770366659,251301.304927037
46.9,104.354257065402,0,-3,0,25,-25,109.539084201357,-104.354257065402,25,25,surface_ship_shallow_subcritical,0.18,0.3286335345031,0,1,251295.40625,1.77946661378459,2.80835666231687,2.80835666231687,1.24346309154202,5.83128636764349,251301.237536368
47,104.97173787644,0,-3,0,25,-25,110.12749771424,-104.97173787644,25,25,surface_ship_shallow_subcritical,0.18,0.3286335345031,0,1,251295.40625,1.75409931364469,2.78034672752193,2.78034672752193,1.23041649190284,5.76486253306945,251301.171112533
47.1,105.589218687478,0,-3,0,25,-25,110.716227821544,-105.589218687478,25,25,surface_ship_shallow_subcritical,0.18,0.3286335345031,0,1,251295.40625,1.72917637446844,2.75272183965178,2.75272183965178,1.21749282103517,5.69939103515538,251301.105641035
47.2,106.206699498516,0,-3,0,25,-25,111.305269499552,-106.206699498516,25,25,surface_ship_shallow_subcritical,0.18,0.3286335345031,0,1,251295.40625,1.70468915202786,2.72547579380349,2.72547579380349,1.20469257512835,5.6348575209597,251301.041107521
47.3,106.824180309553,0,-3,0,25,-25,111.894617827704,-106.824180309553,25,25,surface_ship_shallow_subcritical,0.18,0.3286335345031,0,1,251295.40625,1.68062916425277,2.69860248118294,2.69860248118294,1.19201614147716,5.57124778691288,251300.977497787
47.4,107.441661120591,0,-3,0,25,-25,112.484267986025,-107.441661120591,25,25,surface_ship_shallow_subcritical,0.18,0.3286335345031,0,1,251295.40625,1.65698808955097,2.67209588864953,2.67209588864953,1.17946380462433,5.50854778282482,251300.914797783
47.5,108.059141931629,0,-3,0,25,-25,113.074215252638,-108.059141931629,25,25,surface_ship_shallow_subcritical,0.18,0.3286335345031,0,1,251295.40625,1.63375776502394,2.64595009817025,2.64595009817025,1.16703575221551,5.44674361540971,251300.852993615
47.6,108.676622742667,0,-3,0,25,-25,113.664455001342,-108.676622742667,25,25,surface_ship_shallow_subcritical,0.18,0.3286335345031,0,1,251295.40625,1.61093018459057,2.6201592861919,2.6201592861919,1.15473208057912,5.38582155136159,251300.792071551
47.7,109.294103553705,0,-3,0,25,-25,114.254982699259,-109.294103553705,25,25,surface_ship_shallow_subcritical,0.18,0.3286335345031,0,1,251295.40625,1.58849749702991,2.59471772293928,2.59471772293928,1.14255280004272,5.32576802001191,251300.73201802
47.8,109.911584364743,0,-3,0,25,-25,114.845793904557,-109.911584364743,25,25,surface_ship_shallow_subcritical,0.18,0.3286335345031,0,1,251295.40625,1.56645200395389,2.56961977164681,2.56961977164681,1.13049783999762,5.26656961559831,251300.672819616
47.9,110.529065175781,0,-3,0,25,-25,115.436884264225,-110.529065175781,25,25,surface_ship_shallow_subcritical,0.18,0.3286335345031,0,1,251295.40625,1.54478615771913,2.54485988773036,2.54485988773036,1.11856705372237,5.20821309917185,251300.614463099
48,111.146545986819,0,-3,0,25,-25,116.028249511918,-111.146545986819,25,25,surface_ship_shallow_subcritical,0.18,0.3286335345031,0,1,251295.40625,1.52349255928716,2.52043261790571,2.52043261790571,1.1067602229759,5.15068540016877,251300.5569354
48.1,111.764026797857,0,-3,0,25,-25,116.619885465867,-111.764026797857,25,25,surface_ship_shallow_subcritical,0.18,0.3286335345031,0,1,251295.40625,1.50256395604094,2.49633259925933,2.49633259925933,1.09507706237023,5.09397361767051,251300.500223618
48.2,112.381507608894,0,-3,0,25,-25,117.211788026836,-112.381507608894,25,25,surface_ship_shallow_subcritical,0.18,0.3286335345031,0,1,251295.40625,1.48199323956523,2.47255455827701,2.47255455827701,1.0835172235326,5.03806502137483,251300.444315021
48.3,112.998988419932,0,-3,0,25,-25,117.803953176148,-112.998988419932,25,25,surface_ship_shallow_subcritical,0.18,0.3286335345031,0,1,251295.40625,1.46177344339771,2.44909330983526,2.44909330983526,1.07208029906612,4.9829470522991,251300.389197052
48.4,113.61646923097,0,-3,0,25,-25,118.396376973757,-113.61646923097,25,25,surface_ship_shallow_subcritical,0.18,0.3286335345031,0,1,251295.40625,1.44189774075725,2.42594375616022,2.42594375616022,1.0607658263181,4.92860732323558,251300.334857323
48.5,114.233950042008,0,-3,0,25,-25,118.989055556383,-114.233950042008,25,25,surface_ship_shallow_subcritical,0.18,0.3286335345031,0,1,251295.40625,1.42235944225487,2.40310088575813,2.40310088575813,1.0495732909644,4.87503361897741,251300.281283619
48.6,114.851430853046,0,-3,0,25,-25,119.581985135688,-114.851430853046,25,25,surface_ship_shallow_subcritical,0.18,0.3286335345031,0,1,251295.40625,1.40315199359294,2.38055977232151,2.38055977232151,1.03850213041816,4.82221389633261,251300.228463896
48.7,115.468911664084,0,-3,0,25,-25,120.175161996512,-115.468911664084,25,25,surface_ship_shallow_subcritical,0.18,0.3286335345031,0,1,251295.40625,1.38426897325728,2.35831557361457,2.35831557361457,1.02755173707064,4.77013628394248,251300.176386284
48.8,116.086392475122,0,-3,0,25,-25,120.768582495151,-116.086392475122,25,25,surface_ship_shallow_subcritical,0.18,0.3286335345031,0,1,251295.40625,1.3657040902066,2.33636353034116,2.33636353034116,1.01672146137184,4.7187890819196,251300.125039082
48.9,116.70387328616,0,-3,0,25,-25,121.362243057682,-116.70387328616,25,25,surface_ship_shallow_subcritical,0.18,0.3286335345031,0,1,251295.40625,1.34745118156339,2.31469896499846,2.31469896499846,1.00601061475797,4.66816076131982,251300.074410761
49,117.321354097197,0,-3,0,25,-25,121.956140178344,-117.321354097197,25,25,surface_ship_shallow_subcritical,0.18,0.3286335345031,0,1,251295.40625,1.32950421030973,2.29331728071912,2.29331728071912,0.995418472432842,4.61823996346169,251300.024489963
49.1,117.938834908235,0,-3,0,25,-25,122.550270417947,-117.938834908235,25,25,surface_ship_shallow_subcritical,0.18,0.3286335345031,0,1,251295.40625,1.31185726299153,2.27221396010451,2.27221396010451,0.984944276009597,4.56901549910564,251299.975265499
49.2,118.556315719273,0,-3,0,25,-25,123.144630402336,-118.556315719273,25,25,surface_ship_shallow_subcritical,0.18,0.3286335345031,0,1,251295.40625,1.29450454743402,2.25138456405151,2.25138456405151,0.974587236019377,4.52047634750491,251299.926726348
49.3,119.173796530311,0,-3,0,25,-25,123.739216820893,-119.173796530311,25,25,surface_ship_shallow_subcritical,0.18,0.3286335345031,0,1,251295.40625,1.27744039047136,2.23082473057494,2.23082473057494,0.964346534292744,4.47261165533904,251299.878861655
49.4,119.791277341349,0,-3,0,25,-25,124.334026425078,-119.791277341349,25,25,surface_ship_shallow_subcritical,0.18,0.3286335345031,0,1,251295.40625,1.26065923569271,2.2105301736277,2.2105301736277,0.954221326219833,4.42541073554024,251299.831660736
49.5,120.408758152387,0,-3,0,25,-25,124.929056027011,-120.408758152387,25,25,surface_ship_shallow_subcritical,0.18,0.3286335345031,0,1,251295.40625,1.24415564120696,2.19049668192053,2.19049668192053,0.944210742894723,4.37886306602221,251299.785113066
49.6,121.026238963425,0,-3,0,25,-25,125.52430249809,-121.026238963425,25,25,surface_ship_shallow_subcritical,0.18,0.3286335345031,0,1,251295.40625,1.22792427742819,2.17072011774291,2.17072011774291,0.934313893149349,4.33295828832044,251299.739208288
49.7,121.643719774463,0,-3,0,25,-25,126.119762767649,-121.643719774463,25,25,surface_ship_shallow_subcritical,0.18,0.3286335345031,0,1,251295.40625,1.21195992488347,2.15119641578676,2.15119641578676,0.924529865482069,4.2876862061523,251299.693936206
49.8,122.261200585501,0,-3,0,25,-25,126.715433821646,-122.261200585501,25,25,surface_ship_shallow_subcritical,0.18,0.3286335345031,0,1,251295.40625,1.19625747204467,2.13192158197437,2.13192158197437,0.91485772988573,4.24303678390477,251299.649286784
49.9,122.878681396538,0,-3,0,25,-25,127.311312701394,-122.878681396538,25,25,surface_ship_shallow_subcritical,0.18,0.3286335345031,0,1,251295.40625,1.18081191318559,2.11289169229168,2.11289169229168,0.905296539579886,4.19900014505715,251299.605250145
50,123.496162207576,0,-3,0,25,-25,127.907396502313,-123.496162207576,25,25,surface_ship_shallow_subcritical,0.18,0.3286335345031,0,1,251295.40625,1.16561834626574,2.0941028916282,2.0941028916282,0.895845332651647,4.15556657054559,251299.561816571
50.1,124.113643018614,0,-3,0,25,-25,128.503682372732,-124.113643018614,25,25,surface_ship_shallow_subcritical,0.18,0.3286335345031,0,1,251295.40625,1.15067197084161,2.07555139262462,2.07555139262462,0.886503133609384,4.11272649707562,251299.518976497
50.2,124.731123829652,0,-3,0,25,-25,129.100167512703,-124.731123829652,25,25,surface_ship_shallow_subcritical,0.18,0.3286335345031,0,1,251295.40625,1.13596808600663,2.05723347452899,2.05723347452899,0.877268954853373,4.07047051538899,251299.476720515
50.3,125.34860464069,0,-3,0,25,-25,129.696849172862,-125.34860464069,25,25,surface_ship_shallow_subcritical,0.18,0.3286335345031,0,1,251295.40625,1.12150208836034,2.03914548206229,2.03914548206229,0.868141798067266,4.02878936848989,251299.435039368
50.4,125.966085451728,0,-3,0,25,-25,130.293724653308,-125.966085451728,25,25,surface_ship_shallow_subcritical,0.18,0.3286335345031,0,1,251295.40625,1.10726947000767,2.02128382429433,2.02128382429433,0.859120655534105,3.9876739498361,251299.39392395
50.5,126.583566262766,0,-3,0,25,-25,130.890791302521,-126.583566262766,25,25,surface_ship_shallow_subcritical,0.18,0.3286335345031,0,1,251295.40625,1.09326581658869,2.00364497353048,2.00364497353048,0.850204511380436,3.94711530149961,251299.353365302
50.6,127.201047073804,0,-3,0,25,-25,131.488046516297,-127.201047073804,25,25,surface_ship_shallow_subcritical,0.18,0.3286335345031,0,1,251295.40625,1.07948680533947,1.98622546420996,1.98622546420996,0.841392342751915,3.90710461230134,251299.313354612
50.7,127.818527884841,0,-3,0,25,-25,132.085487736723,-127.818527884841,25,25,surface_ship_shallow_subcritical,0.18,0.3286335345031,0,1,251295.40625,1.06592820318423,1.96902189181611,1.96902189181611,0.832683120923639,3.86763321592398,251299.273883216
50.8,128.436008695879,0,-3,0,25,-25,132.683112451163,-128.436008695879,25,25,surface_ship_shallow_subcritical,0.18,0.3286335345031,0,1,251295.40625,1.05258586485918,1.95203091179936,1.95203091179936,0.824075812348314,3.82869258900686,251299.234942589
50.9,129.053489506917,0,-3,0,25,-25,133.280918191285,-129.053489506917,25,25,surface_ship_shallow_subcritical,0.18,0.3286335345031,0,1,251295.40625,1.03945573106833,1.93524923851297,1.93524923851297,0.815569379645226,3.79027434922653,251299.196524349
51,129.670970317955,0,-3,0,25,-25,133.878902532102,-129.670970317955,25,25,surface_ship_shallow_subcritical,0.18,0.3286335345031,0,1,251295.40625,1.02653382667112,1.91867364416223,1.91867364416223,0.807162782532817,3.75237025336617,251299.158620253
51.1,130.288451128993,0,-3,0,25,-25,134.477063091042,-130.288451128993,25,25,surface_ship_shallow_subcritical,0.18,0.3286335345031,0,1,251295.40625,1.01381625890222,1.90230095776729,1.90230095776729,0.798854978707588,3.7149721953771,251299.121222195
51.2,130.905931940031,0,-3,0,25,-25,135.07539752704,-130.905931940031,25,25,surface_ship_shallow_subcritical,0.18,0.3286335345031,0,1,251295.40625,1.00129921562339,1.88612806413984,1.88612806413984,0.790644924671898,3.67807220443512,251299.084322204
51.3,131.523412751069,0,-3,0,25,-25,135.673903539656,-131.523412751069,25,25,surface_ship_shallow_subcritical,0.18,0.3286335345031,0,1,251295.40625,0.988978963607333,1.87015190287398,1.87015190287398,0.782531576513124,3.64166244299444,251299.047912443
51.4,132.140893562107,0,-3,0,25,-25,136.272578868208,-132.140893562107,25,25,surface_ship_shallow_subcritical,0.18,0.3286335345031,0,1,251295.40625,0.976851846853479,1.85436946735142,1.85436946735142,0.774513890636534,3.60573520484144,251299.011985205
51.5,132.758374373145,0,-3,0,25,-25,136.871421290933,-132.758374373145,25,25,surface_ship_shallow_subcritical,0.18,0.3286335345031,0,1,251295.40625,0.964914284935542,1.83877780376115,1.83877780376115,0.766590824454107,3.5702829131508,251298.976532913
51.6,133.375855184182,0,-3,0,25,-25,137.470428624166,-133.375855184182,25,25,surface_ship_shallow_subcritical,0.18,0.3286335345031,0,1,251295.40625,0.953162771380688,1.82337401013366,1.82337401013366,0.758761337031455,3.5352981185458,251298.941548119
51.7,133.99333599522,0,-3,0,25,-25,138.069598721543,-133.99333599522,25,25,surface_ship_shallow_subcritical,0.18,0.3286335345031,0,1,251295.40625,0.941593872080085,1.80815523538994,1.80815523538994,0.751024389694891,3.50077349716491,251298.907023497
51.8,134.610816806258,0,-3,0,25,-25,138.668929473217,-134.610816806258,25,25,surface_ship_shallow_subcritical,0.18,0.3286335345031,0,1,251295.40625,0.930204223730565,1.79311867840512,1.79311867840512,0.743378946600578,3.46670184873627,251298.872951849
51.9,135.228297617296,0,-3,0,25,-25,139.268418805097,-135.228297617296,25,25,surface_ship_shallow_subcritical,0.18,0.3286335345031,0,1,251295.40625,0.918990532307163,1.77826158708697,1.77826158708697,0.735823975267645,3.43307609466178,251298.839326095
52,135.845778428334,0,-3,0,25,-25,139.86806467811,-135.845778428334,25,25,surface_ship_shallow_subcritical,0.18,0.3286335345031,0,1,251295.40625,0.907949571566178,1.76358125746908,1.76358125746908,0.728358447077027,3.39988927611228,251298.806139276
52.1,136.463259239372,0,-3,0,25,-25,140.467865087471,-136.463259239372,25,25,surface_ship_shallow_subcritical,0.18,0.3286335345031,0,1,251295.40625,0.897078181578468,1.74907503281892,1.74907503281892,0.720981337737744,3.36713455213513,251298.773384552
52.2,137.08074005041,0,-3,0,25,-25,141.06781806198,-137.08074005041,25,25,surface_ship_shallow_subcritical,0.18,0.3286335345031,0,1,251295.40625,0.886373267292602,1.73474030276056,1.73474030276056,0.713691627722209,3.33480519777537,251298.741055198
52.3,137.698220861448,0,-3,0,25,-25,141.667921663332,-137.698220861448,25,25,surface_ship_shallow_subcritical,0.18,0.3286335345031,0,1,251295.40625,0.875831797127511,1.7205745024121,1.7205745024121,0.706488302672147,3.30289460221176,251298.709144602
52.4,138.315701672485,0,-3,0,25,-25,142.268173985442,-138.315701672485,25,25,surface_ship_shallow_subcritical,0.18,0.3286335345031,0,1,251295.40625,0.86545080159426,1.70657511153772,1.70657511153772,0.699370353776557,3.27139626690853,251298.677646267
52.5,138.933182483523,0,-3,0,25,-25,142.868573153791,-138.933182483523,25,25,surface_ship_shallow_subcritical,0.18,0.3286335345031,0,1,251295.40625,0.855227371946528,1.69273965371422,1.69273965371422,0.692336778123159,3.24030380378391,251298.646553804
52.6,139.550663294561,0,-3,0,25,-25,143.469117324782,-139.550663294561,25,25,surface_ship_shallow_subcritical,0.18,0.3286335345031,0,1,251295.40625,0.845158658859403,1.67906569551212,1.67906569551212,0.685386579024625,3.20961093339615,251298.615860933
52.7,140.168144105599,0,-3,0,25,-25,144.069804685118,-140.168144105599,25,25,surface_ship_shallow_subcritical,0.18,0.3286335345031,0,1,251295.40625,0.835241871136063,1.66555084569092,1.66555084569092,0.67851876632092,3.1793114831479,251298.585561483
52.8,140.785624916637,0,-3,0,25,-25,144.670633451188,-140.785624916637,25,25,surface_ship_shallow_subcritical,0.18,0.3286335345031,0,1,251295.40625,0.825474274441909,1.6521927544087,1.6521927544087,0.671732356658921,3.14939938550953,251298.555649385
52.9,141.403105727675,0,-3,0,25,-25,145.271601868473,-141.403105727675,25,25,surface_ship_shallow_subcritical,0.18,0.3286335345031,0,1,251295.40625,0.815853190065735,1.63898911244574,1.63898911244574,0.665026373750516,3.119868676262,251298.526118676
53,142.020586538713,0,-3,0,25,-25,145.87270821096,-142.020586538713,25,25,surface_ship_shallow_subcritical,0.18,0.3286335345031,0,1,251295.40625,0.806375993707466,1.62593765044214,1.62593765044214,0.658399848610264,3.09071349275987,251298.496963493
53.1,142.638067349751,0,-3,0,25,-25,146.473950780581,-142.638067349751,25,25,surface_ship_shallow_subcritical,0.18,0.3286335345031,0,1,251295.40625,0.797040114292044,1.61303613814912,1.61303613814912,0.651851819773689,3.06192807221486,251298.468178072
53.2,143.255548160789,0,-3,0,25,-25,147.075327906648,-143.255548160789,25,25,surface_ship_shallow_subcritical,0.18,0.3286335345031,0,1,251295.40625,0.787843032809,1.60028238369413,1.60028238369413,0.645381333497201,3.03350675000033,251298.43975675
53.3,143.873028971826,0,-3,0,25,-25,147.676837945319,-143.873028971826,25,25,surface_ship_shallow_subcritical,0.18,0.3286335345031,0,1,251295.40625,0.778782281177258,1.58767423285929,1.58767423285929,0.638987443940615,3.00544395797716,251298.411693958
53.4,144.490509782864,0,-3,0,25,-25,148.278479279065,-144.490509782864,25,25,surface_ship_shallow_subcritical,0.18,0.3286335345031,0,1,251295.40625,0.769855441134724,1.57520956837321,1.57520956837321,0.632669213333173,2.9777342228411,251298.383984223
53.5,145.107990593902,0,-3,0,25,-25,148.880250316152,-145.107990593902,25,25,surface_ship_shallow_subcritical,0.18,0.3286335345031,0,1,251295.40625,0.761060143152223,1.562886309216,1.562886309216,0.626425712123948,2.95037216449218,251298.356622164
53.6,145.72547140494,0,-3,0,25,-25,149.482149490138,-145.72547140494,25,25,surface_ship_shallow_subcritical,0.18,0.3286335345031,0,1,251295.40625,0.75239406537129,1.5507024099372,1.5507024099372,0.620256019117452,2.92335249442594,251298.329602494
53.7,146.342952215978,0,-3,0,25,-25,150.084175259379,-146.342952215978,25,25,surface_ship_shallow_subcritical,0.18,0.3286335345031,0,1,251295.40625,0.743854932565413,1.53865585998647,1.53865585998647,0.614159221595251,2.89667001414713,251298.302920014
53.8,146.960433027016,0,-3,0,25,-25,150.686326106545,-146.960433027016,25,25,surface_ship_shallow_subcritical,0.18,0.3286335345031,0,1,251295.40625,0.735440515124238,1.52674468305702,1.52674468305702,0.608134415424324,2.87031961360558,251298.276569614
53.9,147.577913838054,0,-3,0,25,-25,151.28860053815,-147.577913838054,25,25,surface_ship_shallow_subcritical,0.18,0.3286335345031,0,1,251295.40625,0.727148628060321,1.51496693644136,1.51496693644136,0.602180705152904,2.84429626965458,251298.25054627
54,148.195394649092,0,-3,0,25,-25,151.890997084093,-148.195394649092,25,25,surface_ship_shallow_subcritical,0.18,0.3286335345031,0,1,251295.40625,0.718977130037958,1.5033207103993,1.5033207103993,0.596297204094465,2.81859504453173,251298.224845045
54.1,148.812875460129,0,-3,0,25,-25,152.493514297205,-148.812875460129,25,25,surface_ship_shallow_subcritical,0.18,0.3286335345031,0,1,251295.40625,0.710923922423673,1.49180412753815,1.49180412753815,0.590483034400527,2.79321108436235,251298.199461084
54.2,149.430356271167,0,-3,0,25,-25,153.096150752813,-149.430356271167,25,25,surface_ship_shallow_subcritical,0.18,0.3286335345031,0,1,251295.40625,0.7029869483579,1.48041534220456,1.48041534220456,0.584737327122874,2.76813961768534,251298.174389618
54.3,150.047837082205,0,-3,0,25,-25,153.698905048305,-150.047837082205,25,25,surface_ship_shallow_subcritical,0.18,0.3286335345031,0,1,251295.40625,0.695164191847472,1.4691525398883,1.4691525398883,0.579059222265807,2.74337595400158,251298.149625954
54.4,150.665317893243,0,-3,0,25,-25,154.301775802717,-150.665317893243,25,25,surface_ship_shallow_subcritical,0.18,0.3286335345031,0,1,251295.40625,0.687453676878425,1.45801393663732,1.45801393663732,0.57344786882896,2.7189154823447,251298.125165482
54.5,151.282798704281,0,-3,0,25,-25,154.904761656316,-151.282798704281,25,25,surface_ship_shallow_subcritical,0.18,0.3286335345031,0,1,251295.40625,0.679853466548765,1.44699777848426,1.44699777848426,0.567902424841247,2.69475366987427,251298.10100367
54.6,151.900279515319,0,-3,0,25,-25,155.507861270201,-151.900279515319,25,25,surface_ship_shallow_subcritical,0.18,0.3286335345031,0,1,251295.40625,0.672361662220725,1.43610234088401,1.43610234088401,0.562422057386426,2.67088606049116,251298.07713606
54.7,152.517760326357,0,-3,0,25,-25,156.111073325911,-152.517760326357,25,25,surface_ship_shallow_subcritical,0.18,0.3286335345031,0,1,251295.40625,0.664976402692124,1.42532592816224,1.42532592816224,0.557005942620777,2.64730827347514,251298.053558273
54.8,153.135241137395,0,-3,0,25,-25,156.714396525042,-153.135241137395,25,25,surface_ship_shallow_subcritical,0.18,0.3286335345031,0,1,251295.40625,0.657695863386417,1.41466687297459,1.41466687297459,0.551653265783345,2.62401600214436,251298.030266002
54.9,153.752721948432,0,-3,0,25,-25,157.317829588868,-153.752721948432,25,25,surface_ship_shallow_subcritical,0.18,0.3286335345031,0,1,251295.40625,0.65051825556104,1.40412353577657,1.40412353577657,0.546363221199209,2.60100501253682,251298.007255013
55,154.37020275947,0,-3,0,25,-25,157.921371257978,-154.37020275947,25,25,surface_ship_shallow_subcritical,0.18,0.3286335345031,0,1,251295.40625,0.643441825533646,1.39369430430365,1.39369430430365,0.541135012276163,2.57827114211346,251297.984521142
55.1,154.987683570508,0,-3,0,25,-25,158.525020291915,-154.987683570508,25,25,surface_ship_shallow_subcritical,0.18,0.3286335345031,0,1,251295.40625,0.636464853925848,1.38337759306167,1.38337759306167,0.53596785149524,2.55581029848275,251297.962060298
55.2,155.605164381546,0,-3,0,25,-25,159.128775468826,-155.605164381546,25,25,surface_ship_shallow_subcritical,0.18,0.3286335345031,0,1,251295.40625,0.629585654924087,1.37317184282715,1.37317184282715,0.530860960395423,2.53361845814666,251297.939868458
55.3,156.222645192584,0,-3,0,25,-25,159.732635585118,-156.222645192584,25,25,surface_ship_shallow_subcritical,0.18,0.3286335345031,0,1,251295.40625,0.622802575557251,1.36307552015753,1.36307552015753,0.52581356955294,2.51169166526772,251297.917941665
55.4,156.840126003622,0,-3,0,25,-25,160.336599455121,-156.840126003622,25,25,surface_ship_shallow_subcritical,0.18,0.3286335345031,0,1,251295.40625,0.616113994990661,1.35308711691096,1.35308711691096,0.520824918555444,2.49002603045707,251297.89627603
55.5,157.45760681466,0,-3,0,25,-25,160.940665910763,-157.45760681466,25,25,surface_ship_shallow_subcritical,0.18,0.3286335345031,0,1,251295.40625,0.609518323836086,1.34320514977556,1.34320514977556,0.51589425597144,2.46861772958309,251297.87486773
55.6,158.075087625698,0,-3,0,25,-25,161.544833801245,-158.075087625698,25,25,surface_ship_shallow_subcritical,0.18,0.3286335345031,0,1,251295.40625,0.603014003477401,1.33342815980801,1.33342815980801,0.511020839315244,2.44746300260066,251297.853713003
55.7,158.692568436736,0,-3,0,25,-25,162.149101992728,-158.692568436736,25,25,surface_ship_shallow_subcritical,0.18,0.3286335345031,0,1,251295.40625,0.596599505411564,1.32375471198123,1.32375471198123,0.506203935007777,2.42655815240058,251297.832808152
55.8,159.310049247773,0,-3,0,25,-25,162.753469368023,-159.310049247773,25,25,surface_ship_shallow_subcritical,0.18,0.3286335345031,0,1,251295.40625,0.590273330604542,1.31418339474097,1.31418339474097,0.501442818333466,2.40589954367898,251297.812149544
55.9,159.927530058811,0,-3,0,25,-25,163.357934826295,-159.927530058811,25,25,surface_ship_shallow_subcritical,0.18,0.3286335345031,0,1,251295.40625,0.584034008861873,1.3047128195712,1.3047128195712,0.496736773393531,2.3854836018266,251297.791733602
56,160.545010869849,0,-3,0,25,-25,163.962497282763,-160.545010869849,25,25,surface_ship_shallow_subcritical,0.18,0.3286335345031,0,1,251295.40625,0.577880098213512,1.29534162056808,1.29534162056808,0.492085093055889,2.36530681183748,251297.771556812
56.1,161.162491680887,0,-3,0,25,-25,164.567155668414,-161.162491680887,25,25,surface_ship_shallow_subcritical,0.18,0.3286335345031,0,1,251295.40625,0.571810184312654,1.28606845402243,1.28606845402243,0.487487078901932,2.34536571723701,251297.751615717
56.2,161.779972491925,0,-3,0,25,-25,165.171908929721,-161.779972491925,25,25,surface_ship_shallow_subcritical,0.18,0.3286335345031,0,1,251295.40625,0.565822879848199,1.27689199801031,1.27689199801031,0.482942041170401,2.32565691902891,251297.731906919
56.3,162.397453302963,0,-3,0,25,-25,165.776756028365,-162.397453302963,25,25,surface_ship_shallow_subcritical,0.18,0.3286335345031,0,1,251295.40625,0.559916823970561,1.26781095199193,1.26781095199193,0.478449298698557,2.30617707466104,251297.712427075
56.4,163.014934114001,0,-3,0,25,-25,166.381695940966,-163.014934114001,25,25,surface_ship_shallow_subcritical,0.18,0.3286335345031,0,1,251295.40625,0.554090681730501,1.2588240364183,1.2588240364183,0.474008178860875,2.28692289700968,251297.693172897
56.5,163.632414925039,0,-3,0,25,-25,166.986727658817,-163.632414925039,25,25,surface_ship_shallow_subcritical,0.18,0.3286335345031,0,1,251295.40625,0.548343143530706,1.24992999234584,1.24992999234584,0.469618017505448,2.26789115338199,251297.674141153
56.6,164.249895736077,0,-3,0,25,-25,167.591850187627,-164.249895736077,25,25,surface_ship_shallow_subcritical,0.18,0.3286335345031,0,1,251295.40625,0.542672924589792,1.24112758105852,1.24112758105852,0.465278158888262,2.24907866453657,251297.655328665
56.7,164.867376547114,0,-3,0,25,-25,168.197062547263,-164.867376547114,25,25,surface_ship_shallow_subcritical,0.18,0.3286335345031,0,1,251295.40625,0.537078764418472,1.23241558369754,1.23241558369754,0.460987955605562,2.23048230372157,251297.636732304
56.8,165.484857358152,0,-3,0,25,-25,168.802363771506,-165.484857358152,25,25,surface_ship_shallow_subcritical,0.18,0.3286335345031,0,1,251295.40625,0.531559426307585,1.22379280089835,1.22379280089835,0.456746768524428,2.21209899573036,251297.618348996
56.9,166.10233816919,0,-3,0,25,-25,169.407752907805,-166.10233816919,25,25,surface_ship_shallow_subcritical,0.18,0.3286335345031,0,1,251295.40625,0.526113696827733,1.21525805243484,1.21525805243484,0.452553966711741,2.19392571597432,251297.600175716
57,166.719818980228,0,-3,0,25,-25,170.013229017039,-166.719818980228,25,25,surface_ship_shallow_subcritical,0.18,0.3286335345031,0,1,251295.40625,0.520740385340229,1.20681017687063,1.20681017687063,0.448408927361689,2.17595948957255,251297.58220949
57.1,167.337299791266,0,-3,0,25,-25,170.618791173282,-167.337299791266,25,25,surface_ship_shallow_subcritical,0.18,0.3286335345031,0,1,251295.40625,0.515438323519127,1.19844803121717,1.19844803121717,0.444311035721944,2.15819739045824,251297.56444739
57.2,167.954780602304,0,-3,0,25,-25,171.224438463579,-167.954780602304,25,25,surface_ship_shallow_subcritical,0.18,0.3286335345031,0,1,251295.40625,0.510206364884041,1.19017049059873,1.19017049059873,0.440259685018643,2.14063654050142,251297.546886541
57.3,168.572261413342,0,-3,0,25,-25,171.830169987718,-168.572261413342,25,25,surface_ship_shallow_subcritical,0.18,0.3286335345031,0,1,251295.40625,0.505043384343533,1.18197644792394,1.18197644792394,0.436254276380305,2.12327410864778,251297.529524109
57.4,169.18974222438,0,-3,0,25,-25,172.43598485801,-169.18974222438,25,25,surface_ship_shallow_subcritical,0.18,0.3286335345031,0,1,251295.40625,0.499948277748795,1.17386481356386,1.17386481356386,0.432294218760805,2.10610731007346,251297.51235731
57.5,169.807223035417,0,-3,0,25,-25,173.041882199079,-169.807223035417,25,25,surface_ship_shallow_subcritical,0.18,0.3286335345031,0,1,251295.40625,0.494919961457412,1.16583451503639,1.16583451503639,0.428378928861502,2.0891334053553,251297.495383405
57.6,170.424703846455,0,-3,0,25,-25,173.647861147646,-170.424703846455,25,25,surface_ship_shallow_subcritical,0.18,0.3286335345031,0,1,251295.40625,0.489957371906944,1.15788449669697,1.15788449669697,0.424507831052645,2.07234969965656,251297.4785997
57.7,171.042184657493,0,-3,0,25,-25,174.253920852324,-171.042184657493,25,25,surface_ship_shallow_subcritical,0.18,0.3286335345031,0,1,251295.40625,0.48505946519812,1.15001371943532,1.15001371943532,0.420680357294149,2.05575354192759,251297.462003542
57.8,171.659665468531,0,-3,0,25,-25,174.86006047342,-171.659665468531,25,25,surface_ship_shallow_subcritical,0.18,0.3286335345031,0,1,251295.40625,0.480225216687402,1.14222116037824,1.14222116037824,0.416895947055836,2.03934232412148,251297.445592324
57.9,172.277146279569,0,-3,0,25,-25,175.466279182731,-172.277146279569,25,25,surface_ship_shallow_subcritical,0.18,0.3286335345031,0,1,251295.40625,0.475453620588704,1.13450581259819,1.13450581259819,0.413154047237229,2.02311348042412,251297.42936348
58,172.894627090607,0,-3,0,25,-25,176.072576163354,-172.894627090607,25,25,surface_ship_shallow_subcritical,0.18,0.3286335345031,0,1,251295.40625,0.470743689584067,1.1268666848277,1.1268666848277,0.409454112086992,2.00706448649875,251297.413314487
58.1,173.512107901645,0,-3,0,25,-25,176.678950609494,-173.512107901645,25,25,surface_ship_shallow_subcritical,0.18,0.3286335345031,0,1,251295.40625,0.466094454443042,1.11930280117932,1.11930280117932,0.405795603122082,1.99119285874444,251297.397442859
58.2,174.129588712683,0,-3,0,25,-25,177.285401726279,-174.129588712683,25,25,surface_ship_shallow_subcritical,0.18,0.3286335345031,0,1,251295.40625,0.46150496365063,1.11181320087115,1.11181320087115,0.402177989046707,1.97549615356849,251297.381746154
58.3,174.74706952372,0,-3,0,25,-25,177.891928729574,-174.74706952372,25,25,surface_ship_shallow_subcritical,0.18,0.3286335345031,0,1,251295.40625,0.456974283043521,1.10439693795775,1.10439693795775,0.398600745671129,1.9599719666724,251297.366221967
58.4,175.364550334758,0,-3,0,25,-25,178.498530845808,-175.364550334758,25,25,surface_ship_shallow_subcritical,0.18,0.3286335345031,0,1,251295.40625,0.452501495454482,1.09705308106627,1.09705308106627,0.395063355830424,1.94461793235117,251297.350867932
58.5,175.982031145796,0,-3,0,25,-25,179.105207311792,-175.982031145796,25,25,surface_ship_shallow_subcritical,0.18,0.3286335345031,0,1,251295.40625,0.448085700364681,1.08978071313786,1.08978071313786,0.391565309303214,1.92943172280575,251297.335681723
58.6,176.599511956834,0,-3,0,25,-25,179.71195737455,-176.599511956834,25,25,surface_ship_shallow_subcritical,0.18,0.3286335345031,0,1,251295.40625,0.443726013563763,1.08257893117408,1.08257893117408,0.388106102730468,1.91441104746831,251297.320661047
58.7,177.216992767872,0,-3,0,25,-25,180.31878029115,-177.216992767872,25,25,surface_ship_shallow_subcritical,0.18,0.3286335345031,0,1,251295.40625,0.439421566817499,1.07544684598829,1.07544684598829,0.384685239534401,1.89955365234019,251297.305803652
58.8,177.83447357891,0,-3,0,25,-25,180.925675328539,-177.83447357891,25,25,surface_ship_shallow_subcritical,0.18,0.3286335345031,0,1,251295.40625,0.435171507542829,1.06838358196193,1.06838358196193,0.381302229837537,1.88485731934229,251297.291107319
58.9,178.451954389948,0,-3,0,25,-25,181.532641763381,-178.451954389948,25,25,surface_ship_shallow_subcritical,0.18,0.3286335345031,0,1,251295.40625,0.430974998490122,1.06138827680548,1.06138827680548,0.377956590381979,1.87031986567759,251297.276569866
59,179.069435200986,0,-3,0,25,-25,182.139678881895,-179.069435200986,25,25,surface_ship_shallow_subcritical,0.18,0.3286335345031,0,1,251295.40625,0.426831217432496,1.05446008132424,1.05446008132424,0.374647844448939,1.85593914320567,251297.262189143
59.1,179.686916012024,0,-3,0,25,-25,182.746785979705,-179.686916012024,25,25,surface_ship_shallow_subcritical,0.18,0.3286335345031,0,1,251295.40625,0.422739356862007,1.04759815918847,1.04759815918847,0.371375521778555,1.84171303782903,251297.247963038
59.2,180.304396823061,0,-3,0,25,-25,183.353962361679,-180.304396823061,25,25,surface_ship_shallow_subcritical,0.18,0.3286335345031,0,1,251295.40625,0.418698623692579,1.04080168670821,1.04080168670821,0.368139158490049,1.82763946889084,251297.233889469
59.3,180.921877634099,0,-3,0,25,-25,183.961207341787,-180.921877634099,25,25,surface_ship_shallow_subcritical,0.18,0.3286335345031,0,1,251295.40625,0.414708238969483,1.03406985261233,1.03406985261233,0.364938297002264,1.81371638858407,251297.219966389
59.4,181.539358445137,0,-3,0,25,-25,184.568520242949,-181.539358445137,25,25,surface_ship_shallow_subcritical,0.18,0.3286335345031,0,1,251295.40625,0.410767437585241,1.02740185783192,1.02740185783192,0.361772485954596,1.79994178137176,251297.206191781
59.5,182.156839256175,0,-3,0,25,-25,185.175900396893,-182.156839256175,25,25,surface_ship_shallow_subcritical,0.18,0.3286335345031,0,1,251295.40625,0.406875468001784,1.02079691528792,1.02079691528792,0.358641280128382,1.78631366341808,251297.192563663
59.6,182.774320067213,0,-3,0,25,-25,185.783347144011,-182.774320067213,25,25,surface_ship_shallow_subcritical,0.18,0.3286335345031,0,1,251295.40625,0.403031591978723,1.01425424968281,1.01425424968281,0.355544240368745,1.77283008203027,251297.179080082
59.7,183.391800878251,0,-3,0,25,-25,186.390859833223,-183.391800878251,25,25,surface_ship_shallow_subcritical,0.18,0.3286335345031,0,1,251295.40625,0.399235084307595,1.00777309729634,1.00777309729634,0.352480933506946,1.75948911511088,251297.165739115
59.8,184.009281689289,0,-3,0,25,-25,186.998437821838,-184.009281689289,25,25,surface_ship_shallow_subcritical,0.18,0.3286335345031,0,1,251295.40625,0.395485232551942,1.00135270578523,1.00135270578523,0.349450932283256,1.74628887062043,251297.152538871
59.9,184.626762500327,0,-3,0,25,-25,187.606080475426,-184.626762500327,25,25,surface_ship_shallow_subcritical,0.18,0.3286335345031,0,1,251295.40625,0.391781336793072,0.994992333986724,0.994992333986724,0.346453815270375,1.73322748605017,251297.139477486
60,185.244243311364,0,-3,0,25,-25,188.213787167678,-185.244243311364,25,25,surface_ship_shallow_subcritical,0.18,0.3286335345031,0,1,251295.40625,0.388122709381406,0.988691251725894,0.988691251725894,0.343489166797427,1.72030312790473,251297.126553128
