time_s,target_x_m,target_y_m,target_z_m,sensor_x_m,sensor_y_m,sensor_z_m,distance_m,longitudinal_offset_m,lateral_offset_m,observation_depth_m,regime,length_froude_number,depth_froude_number,wave_attenuation,transition_weight,hydrostatic_pressure_pa,body_dynamic_pressure_pa,free_surface_correction_pressure_pa,wave_pressure_pa,seabed_correction_pressure_pa,dynamic_pressure_pa,total_gauge_pressure_pa
0,-61.7480811037882,0,-3,0,25,-25,70.1557233588251,61.7480811037882,25,25,surface_ship_low_speed,0.06,0.109544511501033,0,0,251295.40625,0.578426592021157,0.475926533829187,0,0.205804389777088,1.26015751562743,251296.666407516
0.1,-61.5422541667755,0,-3,0,25,-25,69.9746314597512,61.5422541667755,25,25,surface_ship_low_speed,0.06,0.109544511501033,0,0,251295.40625,0.581386678094896,0.47782512161948,0,0.203789430499957,1.26300123021433,251296.66925123
0.2,-61.3364272297629,0,-3,0,25,-25,69.7936766857285,61.3364272297629,25,25,surface_ship_low_speed,0.06,0.109544511501033,0,0,251295.40625,0.584355172116663,0.479721023409553,0,0.201740135544692,1.26581633107091,251296.672066331
0.3,-61.1306002927503,0,-3,0,25,-25,69.612860106104,61.1306002927503,25,25,surface_ship_low_speed,0.06,0.109544511501033,0,0,251295.40625,0.587331855486368,0.481613928926032,0,0.199656066418305,1.26860185083071,251296.674851851
0.4,-60.9247733557376,0,-3,0,25,-25,69.4321828005429,60.9247733557376,25,25,surface_ship_low_speed,0.06,0.109544511501033,0,0,251295.40625,0.59031650147599,0.483503520072255,0,0.19753678012696,1.27135680167521,251296.677606802
0.5,-60.718946418725,0,-3,0,25,-25,69.2516458591419,60.718946418725,25,25,surface_ship_low_speed,0.06,0.109544511501033,0,0,251295.40625,0.593308875023178,0.485389470771359,0,0.195381829160711,1.27408017495525,251296.680330175
0.6,-60.5131194817124,0,-3,0,25,-25,69.0712503825434,60.5131194817124,25,25,surface_ship_low_speed,0.06,0.109544511501033,0,0,251295.40625,0.596308732520309,0.487271446806771,0,0.193190761479263,1.27677094080634,251296.683020941
0.7,-60.3072925446998,0,-3,0,25,-25,68.8909974820513,60.3072925446998,25,25,surface_ship_low_speed,0.06,0.109544511501033,0,0,251295.40625,0.599315821598902,0.489149105660114,0,0.190963120498796,1.27942804775781,251296.685678048
0.8,-60.1014656076871,0,-3,0,25,-25,68.7108882797479,60.1014656076871,25,25,surface_ship_low_speed,0.06,0.109544511501033,0,0,251295.40625,0.602329880909304,0.491022096346458,0,0.188698445079912,1.28205042233567,251296.688300422
0.9,-59.8956386706745,0,-3,0,25,-25,68.5309239086122,59.8956386706745,25,25,surface_ship_low_speed,0.06,0.109544511501033,0,0,251295.40625,0.60535063989556,0.492890059246944,0,0.186396269516723,1.28463696865923,251296.690886969
1,-59.6898117336619,0,-3,0,25,-25,68.3511055126397,59.6898117336619,25,25,surface_ship_low_speed,0.06,0.109544511501033,0,0,251295.40625,0.608377818565388,0.494752625938714,0,0.184056123527135,1.28718656803124,251296.693436568
1.1,-59.4839847966493,0,-3,0,25,-25,68.171434246963,59.4839847966493,25,25,surface_ship_low_speed,0.06,0.109544511501033,0,0,251295.40625,0.611411127255158,0.496609419022158,0,0.181677532244391,1.28969807852171,251296.695948079
1.2,-59.2781578596366,0,-3,0,25,-25,67.9919112779748,59.2781578596366,25,25,surface_ship_low_speed,0.06,0.109544511501033,0,0,251295.40625,0.614450266389803,0.498460051945442,0,0.179260016209882,1.29217033454513,251296.698420335
1.3,-59.072330922624,0,-3,0,25,-25,67.8125377834512,59.072330922624,25,25,surface_ship_low_speed,0.06,0.109544511501033,0,0,251295.40625,0.617494926237545,0.500304128826311,0,0.176803091367306,1.29460214643116,251296.700852146
1.4,-58.8665039856114,0,-3,0,25,-25,67.633314952677,58.8665039856114,25,25,surface_ship_low_speed,0.06,0.109544511501033,0,0,251295.40625,0.620544786659386,0.502141244271124,0,0.174306269058222,1.29699229998873,251296.7032423
1.5,-58.6606770485987,0,-3,0,25,-25,67.4542439865721,58.6606770485987,25,25,surface_ship_low_speed,0.06,0.109544511501033,0,0,251295.40625,0.623599516853223,0.503970983191143,0,0.171769056019022,1.29933955606339,251296.705589556
1.6,-58.4548501115861,0,-3,0,25,-25,67.2753260978198,58.4548501115861,25,25,surface_ship_low_speed,0.06,0.109544511501033,0,0,251295.40625,0.626658775092541,0.505792920616021,0,0.169190954379401,1.30164265008796,251296.70789265
1.7,-58.2490231745735,0,-3,0,25,-25,67.0965625109961,58.2490231745735,25,25,surface_ship_low_speed,0.06,0.109544511501033,0,0,251295.40625,0.629722208459563,0.507606621504503,0,0.166571461662365,1.30390029162643,251296.710150292
1.8,-58.0431962375609,0,-3,0,25,-25,66.9179544627001,58.0431962375609,25,25,surface_ship_low_speed,0.06,0.109544511501033,0,0,251295.40625,0.632789452572778,0.50941164055231,0,0.163910070785825,1.30611116391091,251296.712361164
1.9,-57.8373693005482,0,-3,0,25,-25,66.7395032016871,57.8373693005482,25,25,surface_ship_low_speed,0.06,0.109544511501033,0,0,251295.40625,0.635860131308739,0.511207521997208,0,0.161206270065847,1.30827392337179,251296.714523923
2,-57.6315423635356,0,-3,0,25,-25,66.5612099890019,57.6315423635356,25,25,surface_ship_low_speed,0.06,0.109544511501033,0,0,251295.40625,0.638933856518058,0.512993799421234,0,0.158459543221594,1.31038719916089,251296.716637199
2.1,-57.425715426523,0,-3,0,25,-25,66.383076098114,57.425715426523,25,25,surface_ship_low_speed,0.06,0.109544511501033,0,0,251295.40625,0.64201022773549,0.514769995550094,0,0.155669369382034,1.31244959266762,251296.718699593
2.2,-57.2198884895104,0,-3,0,25,-25,66.205102815055,57.2198884895104,25,25,surface_ship_low_speed,0.06,0.109544511501033,0,0,251295.40625,0.645088831884006,0.516535622049701,0,0.15283522309446,1.31445967702817,251296.720709677
2.3,-57.0140615524977,0,-3,0,25,-25,66.0272914385559,57.0140615524977,25,25,surface_ship_low_speed,0.06,0.109544511501033,0,0,251295.40625,0.64816924297278,0.518290179319872,0,0.14995657433488,1.31641599662753,251296.722665997
2.4,-56.8082346154851,0,-3,0,25,-25,65.8496432801879,56.8082346154851,25,25,surface_ship_low_speed,0.06,0.109544511501033,0,0,251295.40625,0.651251021788981,0.520033156285157,0,0.14703288852036,1.3183170665945,251296.724567067
2.5,-56.6024076784725,0,-3,0,25,-25,65.6721596645032,56.6024076784725,25,25,surface_ship_low_speed,0.06,0.109544511501033,0,0,251295.40625,0.654333715583274,0.521764030182819,0,0.144063626523341,1.32016137228943,251296.726411372
2.6,-56.3965807414599,0,-3,0,25,-25,65.4948419291779,56.3965807414599,25,25,surface_ship_low_speed,0.06,0.109544511501033,0,0,251295.40625,0.657416857748949,0.523482266347959,0,0.141048244688028,1.32194736878494,251296.728197369
2.7,-56.1907538044472,0,-3,0,25,-25,65.3176914251568,56.1907538044472,25,25,surface_ship_low_speed,0.06,0.109544511501033,0,0,251295.40625,0.660499967494562,0.525187317995773,0,0.137986194848899,1.32367348033923,251296.72992348
2.8,-55.9849268674346,0,-3,0,25,-25,65.1407095167991,55.9849268674346,25,25,surface_ship_low_speed,0.06,0.109544511501033,0,0,251295.40625,0.663582549510025,0.526878626000983,0,0.134876924351404,1.32533809986241,251296.7315881
2.9,-55.779099930422,0,-3,0,25,-25,64.9638975820263,55.779099930422,25,25,surface_ship_low_speed,0.06,0.109544511501033,0,0,251295.40625,0.666664093626017,0.528555618674412,0,0.131719876074905,1.32693958837533,251296.733189588
3,-55.5732729934093,0,-3,0,25,-25,64.7872570124712,55.5732729934093,25,25,surface_ship_low_speed,0.06,0.109544511501033,0,0,251295.40625,0.669744074466647,0.530217711536731,0,0.128514488457958,1.32847627446134,251296.734726274
3.1,-55.3674460563967,0,-3,0,25,-25,64.610789213629,55.3674460563967,25,25,surface_ship_low_speed,0.06,0.109544511501033,0,0,251295.40625,0.672821951095272,0.531864307089394,0,0.12526019552596,1.32994645371062,251296.736196454
3.2,-55.1616191193841,0,-3,0,25,-25,64.4344956050096,55.1616191193841,25,25,surface_ship_low_speed,0.06,0.109544511501033,0,0,251295.40625,0.675897166653367,0.533494794582768,0,0.121956426921271,1.33134838815741,251296.737598388
3.3,-54.9557921823715,0,-3,0,25,-25,64.2583776202917,54.9557921823715,25,25,surface_ship_low_speed,0.06,0.109544511501033,0,0,251295.40625,0.678969147992372,0.535108549781482,0,0.118602607935861,1.33268030570972,251296.738930306
3.4,-54.7499652453588,0,-3,0,25,-25,64.0824367074786,54.7499652453588,25,25,surface_ship_low_speed,0.06,0.109544511501033,0,0,251295.40625,0.682037305298418,0.536704934727017,0,0.115198159546559,1.33394039957199,251296.7401904
3.5,-54.5441383083462,0,-3,0,25,-25,63.9066743290558,54.5441383083462,25,25,surface_ship_low_speed,0.06,0.109544511501033,0,0,251295.40625,0.68510103170984,0.538283297497557,0,0.111742498452968,1.33512682766037,251296.741376828
3.6,-54.3383113713336,0,-3,0,25,-25,63.7310919621498,54.3383113713336,25,25,surface_ship_low_speed,0.06,0.109544511501033,0,0,251295.40625,0.688159702927402,0.539842971965137,0,0.108235037118146,1.33623771201068,251296.742487712
3.7,-54.132484434321,0,-3,0,25,-25,63.5556910986892,54.132484434321,25,25,surface_ship_low_speed,0.06,0.109544511501033,0,0,251295.40625,0.691212676817138,0.541383277550114,0,0.104675183812094,1.33727113817935,251296.743521138
3.8,-53.9266574973083,0,-3,0,25,-25,63.3804732455667,53.9266574973083,25,25,surface_ship_low_speed,0.06,0.109544511501033,0,0,251295.40625,0.694259293005728,0.542903518973,0,0.101062342658161,1.33822515463689,251296.744475155
3.9,-53.7208305602957,0,-3,0,25,-25,63.2054399248039,53.7208305602957,25,25,surface_ship_low_speed,0.06,0.109544511501033,0,0,251295.40625,0.697298872468331,0.5444029860037,0,0.0973959136824111,1.33909777215444,251296.745347772
4,-53.5150036232831,0,-3,0,25,-25,63.0305926737168,53.5150036232831,25,25,surface_ship_low_speed,0.06,0.109544511501033,0,0,251295.40625,0.700330717108792,0.545880953208187,0,0.0936752928660697,1.33988696318305,251296.746136963
4.1,-53.3091766862704,0,-3,0,25,-25,62.8559330450833,53.3091766862704,25,25,surface_ship_low_speed,0.06,0.109544511501033,0,0,251295.40625,0.703354109332145,0.547336679692676,0,0.0898998722010906,1.34059066122591,251296.746840661
4.2,-53.1033497492578,0,-3,0,25,-25,62.6814626073132,53.1033497492578,25,25,surface_ship_low_speed,0.06,0.109544511501033,0,0,251295.40625,0.706368311609343,0.548769408845347,0,0.0860690397489494,1.34120676020364,251296.74745676
4.3,-52.8975228122452,0,-3,0,25,-25,62.5071829446185,52.8975228122452,25,25,surface_ship_low_speed,0.06,0.109544511501033,0,0,251295.40625,0.709372566034139,0.550178368075658,0,0.0821821797027462,1.34173311381254,251296.747983114
4.4,-52.6916958752326,0,-3,0,25,-25,62.3330956571868,52.6916958752326,25,25,surface_ship_low_speed,0.06,0.109544511501033,0,0,251295.40625,0.712366093872041,0.551562768551339,0,0.0782386724526847,1.34216753487606,251296.748417535
4.5,-52.4858689382199,0,-3,0,25,-25,62.159202361356,52.4858689382199,25,25,surface_ship_low_speed,0.06,0.109544511501033,0,0,251295.40625,0.715348095101305,0.552921804933104,0,0.0742378946550266,1.34250779468944,251296.748757795
4.6,-52.2800420012073,0,-3,0,25,-25,61.9855046897902,52.2800420012073,25,25,surface_ship_low_speed,0.06,0.109544511501033,0,0,251295.40625,0.718317747945862,0.554254655107183,0,0.0701792193046061,1.34275162235765,251296.749001622
4.7,-52.0742150641947,0,-3,0,25,-25,61.8120042916584,52.0742150641947,25,25,surface_ship_low_speed,0.06,0.109544511501033,0,0,251295.40625,0.721274208400155,0.555560479915716,0,0.0660620158109826,1.34289670412685,251296.749146704
4.8,-51.8683881271821,0,-3,0,25,-25,61.6387028328144,51.8683881271821,25,25,surface_ship_low_speed,0.06,0.109544511501033,0,0,251295.40625,0.724216609745825,0.556838422885136,0,0.0618856500783287,1.34294068270929,251296.749190683
4.9,-51.6625611901694,0,-3,0,25,-25,61.4656019959782,51.6625611901694,25,25,surface_ship_low_speed,0.06,0.109544511501033,0,0,251295.40625,0.727144062060179,0.558087609952586,0,0.0576494845891342,1.3428811566019,251296.749131157
5,-51.4567342531568,0,-3,0,25,-25,61.2927034809201,51.4567342531568,25,25,surface_ship_low_speed,0.06,0.109544511501033,0,0,251295.40625,0.730055651716429,0.559307149190505,0,0.0533528784918338,1.34271567939877,251296.748965679
5.1,-51.2509073161442,0,-3,0,25,-25,61.1200090046459,51.2509073161442,25,25,surface_ship_low_speed,0.06,0.109544511501033,0,0,251295.40625,0.73295044087562,0.560496130529454,0,0.0489951876924158,1.34244175909749,251296.748691759
5.2,-51.0450803791315,0,-3,0,25,-25,60.9475203015841,51.0450803791315,25,25,surface_ship_low_speed,0.06,0.109544511501033,0,0,251295.40625,0.735827466970262,0.561653625479314,0,0.0445757649501408,1.34205685739972,251296.748306857
5.3,-50.8392534421189,0,-3,0,25,-25,60.7752391237747,50.8392534421189,25,25,surface_ship_low_speed,0.06,0.109544511501033,0,0,251295.40625,0.738685742179601,0.562778686848955,0,0.0400939599774397,1.341558389006,251296.747808389
5.4,-50.6334265051063,0,-3,0,25,-25,60.6031672410609,50.6334265051063,25,25,surface_ship_low_speed,0.06,0.109544511501033,0,0,251295.40625,0.741524252896515,0.563870348464509,0,0.0355491195440887,1.34094372090511,251296.747193721
5.5,-50.4275995680937,0,-3,0,25,-25,60.4313064412809,50.4275995680937,25,25,surface_ship_low_speed,0.06,0.109544511501033,0,0,251295.40625,0.744341959186043,0.564927624886376,0,0.0309405875857642,1.34021017165818,251296.746460172
5.6,-50.221772631081,0,-3,0,25,-25,60.259658530463,50.221772631081,25,25,surface_ship_low_speed,0.06,0.109544511501033,0,0,251295.40625,0.747137794235512,0.565949511125092,0,0.0262677053170594,1.33935501067766,251296.745605011
5.7,-50.0159456940684,0,-3,0,25,-25,60.0882253330218,50.0159456940684,25,25,surface_ship_low_speed,0.06,0.109544511501033,0,0,251295.40625,0.749910663796275,0.566934982356225,0,0.0215298113490717,1.33837545750157,251296.744625458
5.8,-49.8101187570558,0,-3,0,25,-25,59.9170086919566,49.8101187570558,25,25,surface_ship_low_speed,0.06,0.109544511501033,0,0,251295.40625,0.752659445617066,0.567882993634431,0,0.0167262418116433,1.33726868106314,251296.743518681
5.9,-49.6042918200432,0,-3,0,25,-25,59.7460104690514,49.6042918200432,25,25,surface_ship_low_speed,0.06,0.109544511501033,0,0,251295.40625,0.755382988868999,0.568792479606844,0,0.0118563304803679,1.33603179895621,251296.742281799
6,-49.3984648830305,0,-3,0,25,-25,59.575232545077,49.3984648830305,25,25,surface_ship_low_speed,0.06,0.109544511501033,0,0,251295.40625,0.758080113562215,0.569662354225981,0,0.00691940890844989,1.33466187669665,251296.740911877
6.1,-49.1926379460179,0,-3,0,25,-25,59.4046768199946,49.1926379460179,25,25,surface_ship_low_speed,0.06,0.109544511501033,0,0,251295.40625,0.760749609954232,0.570491510462326,0,0.00191480656350995,1.33315592698007,251296.739405927
6.2,-48.9868110090053,0,-3,0,25,-25,59.2343452131616,48.9868110090053,25,25,surface_ship_low_speed,0.06,0.109544511501033,0,0,251295.40625,0.763390237950043,0.571278820016788,0,-0.00315814903054279,1.33151090893629,251296.737760909
6.3,-48.7809840719926,0,-3,0,25,-25,59.0642396635392,48.7809840719926,25,25,surface_ship_low_speed,0.06,0.109544511501033,0,0,251295.40625,0.766000726494001,0.572023133033258,0,-0.00830013214650072,1.32972372738076,251296.735973727
6.4,-48.57515713498,0,-3,0,25,-25,58.8943621299017,48.57515713498,25,25,surface_ship_low_speed,0.06,0.109544511501033,0,0,251295.40625,0.768579772953579,0.57272327781143,0,-0.0135118187015859,1.32779123206342,251296.734041232
6.5,-48.3693301979674,0,-3,0,25,-25,58.7247145910476,48.3693301979674,25,25,surface_ship_low_speed,0.06,0.109544511501033,0,0,251295.40625,0.771126042495079,0.573378060520156,0,-0.0187938860998398,1.3257102169154,251296.731960217
6.6,-48.1635032609548,0,-3,0,25,-25,58.5552990460129,48.1635032609548,25,25,surface_ship_low_speed,0.06,0.109544511501033,0,0,251295.40625,0.773638167451367,0.573986264911537,0,-0.0241470130690529,1.32347741929385,251296.729727419
6.7,-47.9576763239421,0,-3,0,25,-25,58.3861175142859,47.9576763239421,25,25,surface_ship_low_speed,0.06,0.109544511501033,0,0,251295.40625,0.77611474668177,0.574546652036003,0,-0.0295718794921498,1.32108951922562,251296.727339519
6.8,-47.7518493869295,0,-3,0,25,-25,58.2171720360239,47.7518493869295,25,25,surface_ship_low_speed,0.06,0.109544511501033,0,0,251295.40625,0.778554344924221,0.575057959958642,0,-0.0350691662329208,1.31854313864994,251296.724793139
6.9,-47.5460224499169,0,-3,0,25,-25,58.0484646722719,47.5460224499169,25,25,surface_ship_low_speed,0.06,0.109544511501033,0,0,251295.40625,0.780955492139813,0.575518903477044,0,-0.0406395549560075,1.31583484066085,251296.722084841
7,-47.3401955129043,0,-3,0,25,-25,57.8799975051831,47.3401955129043,25,25,surface_ship_low_speed,0.06,0.109544511501033,0,0,251295.40625,0.783316682849892,0.575928173840928,0,-0.0462837279410374,1.31296112874978,251296.719211129
7.1,-47.1343685758916,0,-3,0,25,-25,57.7117726382408,47.1343685758916,25,25,surface_ship_low_speed,0.06,0.109544511501033,0,0,251295.40625,0.785636375465874,0.576284438473874,0,-0.052002367890811,1.30991844604894,251296.716168446
7.2,-46.928541638879,0,-3,0,25,-25,57.5437921964828,46.928541638879,25,25,surface_ship_low_speed,0.06,0.109544511501033,0,0,251295.40625,0.787912991611944,0.576586340697433,0,-0.0577961577334359,1.30670317457594,251296.712953175
7.3,-46.7227147018664,0,-3,0,25,-25,57.3760583267272,46.7227147018664,25,25,surface_ship_low_speed,0.06,0.109544511501033,0,0,251295.40625,0.790144915440861,0.576832499457959,0,-0.0636657804183195,1.3033116344805,251296.709561634
7.4,-46.5168877648537,0,-3,0,25,-25,57.2085731977997,46.5168877648537,25,25,surface_ship_low_speed,0.06,0.109544511501033,0,0,251295.40625,0.792330492943083,0.57702150905649,0,-0.0696119187059163,1.29974008329366,251296.705990083
7.5,-46.3110608278411,0,-3,0,25,-25,57.0413390007633,46.3110608278411,25,25,surface_ship_low_speed,0.06,0.109544511501033,0,0,251295.40625,0.794468031249427,0.577151938882015,0,-0.0756352549511266,1.29598471518032,251296.702234715
7.6,-46.1052338908285,0,-3,0,25,-25,56.8743579491496,46.1052338908285,25,25,surface_ship_low_speed,0.06,0.109544511501033,0,0,251295.40625,0.796555797927561,0.577222333148519,0,-0.0817364708802626,1.29204166019582,251296.69829166
7.7,-45.8994069538159,0,-3,0,25,-25,56.7076322791915,45.8994069538159,25,25,surface_ship_low_speed,0.06,0.109544511501033,0,0,251295.40625,0.798592020272586,0.577231210636152,0,-0.0879162473614791,1.28790698354726,251296.694156984
7.8,-45.6935800168032,0,-3,0,25,-25,56.5411642500577,45.6935800168032,25,25,surface_ship_low_speed,0.06,0.109544511501033,0,0,251295.40625,0.800574884592005,0.577177064436937,0,-0.0941752641685651,1.28357668486038,251296.689826685
7.9,-45.4877530797906,0,-3,0,25,-25,56.3749561440894,45.4877530797906,25,25,surface_ship_low_speed,0.06,0.109544511501033,0,0,251295.40625,0.802502535485427,0.577058361705426,0,-0.10051419973802,1.27904669745283,251296.685296697
8,-45.281926142778,0,-3,0,25,-25,56.2090102670382,45.281926142778,25,25,surface_ship_low_speed,0.06,0.109544511501033,0,0,251295.40625,0.804373075119337,0.576873543414718,0,-0.10693373091931,1.27431288761475,251296.680562888
8.1,-45.0760992057654,0,-3,0,25,-25,56.0433289483057,45.0760992057654,25,25,surface_ship_low_speed,0.06,0.109544511501033,0,0,251295.40625,0.806184562497322,0.576621024118303,0,-0.113434532718214,1.26937105389741,251296.675621054
8.2,-44.8702722687527,0,-3,0,25,-25,55.8779145411852,44.8702722687527,25,25,surface_ship_low_speed,0.06,0.109544511501033,0,0,251295.40625,0.807935012726143,0.576299191718177,0,-0.120017278033177,1.26421692641114,251296.670466926
8.3,-44.6644453317401,0,-3,0,25,-25,55.7127694231044,44.6644453317401,25,25,surface_ship_low_speed,0.06,0.109544511501033,0,0,251295.40625,0.8096223962781,0.575906407239713,0,-0.126682637384566,1.25884616613325,251296.665096166
8.4,-44.4586183947275,0,-3,0,25,-25,55.5478959958701,44.4586183947275,25,25,surface_ship_low_speed,0.06,0.109544511501033,0,0,251295.40625,0.811244638250136,0.575441004613795,0,-0.13343127863677,1.25325436422716,251296.659504364
8.5,-44.2527914577148,0,-3,0,25,-25,55.3832966859143,44.2527914577148,25,25,surface_ship_low_speed,0.06,0.109544511501033,0,0,251295.40625,0.812799617620174,0.57490129046671,0,-0.140263866713026,1.24743704137386,251296.653687041
8.6,-44.0469645207022,0,-3,0,25,-25,55.2189739445419,44.0469645207022,25,25,surface_ship_low_speed,0.06,0.109544511501033,0,0,251295.40625,0.814285166501215,0.574285543918358,0,-0.147181063302917,1.24138964711666,251296.647639647
8.7,-43.8411375836896,0,-3,0,25,-25,55.0549302481803,43.8411375836896,25,25,surface_ship_low_speed,0.06,0.109544511501033,0,0,251295.40625,0.815699069393737,0.573592016389317,0,-0.154183526562451,1.2351075592206,251296.641357559
8.8,-43.635310646677,0,-3,0,25,-25,54.8911680986295,43.635310646677,25,25,surface_ship_low_speed,0.06,0.109544511501033,0,0,251295.40625,0.817039062437003,0.572818931417353,0,-0.161271910806634,1.22858608304772,251296.634836083
8.9,-43.4294837096643,0,-3,0,25,-25,54.7276900233145,43.4294837096643,25,25,surface_ship_low_speed,0.06,0.109544511501033,0,0,251295.40625,0.818302832659882,0.571964484483954,0,-0.168446866194481,1.22182045094936,251296.628070451
9,-43.2236567726517,0,-3,0,25,-25,54.564498575539,43.2236567726517,25,25,surface_ship_low_speed,0.06,0.109544511501033,0,0,251295.40625,0.819488017231855,0.571026842851521,0,-0.175709038406377,1.214805821677,251296.621055822
9.1,-43.0178298356391,0,-3,0,25,-25,54.40159633474,43.0178298356391,25,25,surface_ship_low_speed,0.06,0.109544511501033,0,0,251295.40625,0.820592202714906,0.570004145411848,0,-0.183059068313735,1.20753727981302,251296.61378728
9.2,-42.8120028986265,0,-3,0,25,-25,54.2389859067442,42.8120028986265,25,25,surface_ship_low_speed,0.06,0.109544511501033,0,0,251295.40625,0.821612924317028,0.568894502546543,0,-0.190497591640859,1.20000983522271,251296.606259835
9.3,-42.6061759616138,0,-3,0,25,-25,54.0766699240255,42.6061759616138,25,25,surface_ship_low_speed,0.06,0.109544511501033,0,0,251295.40625,0.822547665148127,0.567695996000085,0,-0.198025238618983,1.19221842252923,251296.598468423
9.4,-42.4003490246012,0,-3,0,25,-25,53.9146510459634,42.4003490246012,25,25,surface_ship_low_speed,0.06,0.109544511501033,0,0,251295.40625,0.823393855479151,0.566406678766218,0,-0.205642633632398,1.18415790061297,251296.590407901
9.5,-42.1945220875886,0,-3,0,25,-25,53.7529319591034,42.1945220875886,25,25,surface_ship_low_speed,0.06,0.109544511501033,0,0,251295.40625,0.824148872005307,0.565024574988397,0,-0.213350394856627,1.17582305213708,251296.582073052
9.6,-41.9886951505759,0,-3,0,25,-25,53.5915153774177,41.9886951505759,25,25,surface_ship_low_speed,0.06,0.109544511501033,0,0,251295.40625,0.824810037114274,0.563547679875053,0,-0.221149133888598,1.16720858310073,251296.573458583
9.7,-41.7828682135633,0,-3,0,25,-25,53.4304040425674,41.7828682135633,25,25,surface_ship_low_speed,0.06,0.109544511501033,0,0,251295.40625,0.825374618160381,0.56197395963045,0,-0.229039455368754,1.15830912242208,251296.564559122
9.8,-41.5770412765507,0,-3,0,25,-25,53.2696007241654,41.5770412765507,25,25,surface_ship_low_speed,0.06,0.109544511501033,0,0,251295.40625,0.825839826745753,0.560301351401914,0,-0.237021956595075,1.14911922155259,251296.555369222
9.9,-41.3712143395381,0,-3,0,25,-25,53.1091082200408,41.3712143395381,25,25,surface_ship_low_speed,0.06,0.109544511501033,0,0,251295.40625,0.826202818009479,0.558527763244277,0,-0.245097227128956,1.1396333541248,251296.545883354
10,-41.1653874025254,0,-3,0,25,-25,52.9489293565035,41.1653874025254,25,25,surface_ship_low_speed,0.06,0.109544511501033,0,0,251295.40625,0.826460689925932,0.556651074102383,0,-0.253265848392932,1.12984591563538,251296.536095916
10.1,-40.9595604655128,0,-3,0,25,-25,52.7890669886104,40.9595604655128,25,25,surface_ship_low_speed,0.06,0.109544511501033,0,0,251295.40625,0.826610482613388,0.5546691338125,0,-0.261528393260192,1.1197512231657,251296.526001223
10.2,-40.7537335285002,0,-3,0,25,-25,52.6295240004316,40.7537335285002,25,25,surface_ship_low_speed,0.06,0.109544511501033,0,0,251295.40625,0.826649177654179,0.552579763123584,0,-0.26988542563588,1.10934351514188,251296.515593515
10.3,-40.5479065914876,0,-3,0,25,-25,52.4703033053174,40.5479065914876,25,25,surface_ship_low_speed,0.06,0.109544511501033,0,0,251295.40625,0.82657369742765,0.550380753739256,0,-0.278337500030166,1.09861695113674,251296.504866951
10.4,-40.3420796544749,0,-3,0,25,-25,52.3114078461668,40.3420796544749,25,25,surface_ship_low_speed,0.06,0.109544511501033,0,0,251295.40625,0.826380904457275,0.548069868381507,0,-0.286885161123062,1.08756561171572,251296.493815612
10.5,-40.1362527174623,0,-3,0,25,-25,52.1528405956953,40.1362527174623,25,25,surface_ship_low_speed,0.06,0.109544511501033,0,0,251295.40625,0.826067600773312,0.545644840877049,0,-0.295528943320988,1.07618349832937,251296.482433498
10.6,-39.9304257804497,0,-3,0,25,-25,51.9946045567038,39.9304257804497,25,25,surface_ship_low_speed,0.06,0.109544511501033,0,0,251295.40625,0.825630527292479,0.543103376267335,0,-0.304269370305092,1.06446453325472,251296.470714533
10.7,-39.7245988434371,0,-3,0,25,-25,51.8367027623478,39.7245988434371,25,25,surface_ship_low_speed,0.06,0.109544511501033,0,0,251295.40625,0.825066363216172,0.540443150943285,0,-0.313106954571317,1.05240255958814,251296.45865256
10.8,-39.5187719064244,0,-3,0,25,-25,51.679138276407,39.5187719064244,25,25,surface_ship_low_speed,0.06,0.109544511501033,0,0,251295.40625,0.824371725448821,0.53766181280575,0,-0.322042196962248,1.03999134129232,251296.446241341
10.9,-39.3129449694118,0,-3,0,25,-25,51.5219141935546,39.3129449694118,25,25,surface_ship_low_speed,0.06,0.109544511501033,0,0,251295.40625,0.82354316803805,0.534756981452792,0,-0.331075586190748,1.02722456330009,251296.433474563
11,-39.1071180323992,0,-3,0,25,-25,51.3650336396269,39.1071180323992,25,25,surface_ship_low_speed,0.06,0.109544511501033,0,0,251295.40625,0.822577181638372,0.531726248394903,0,-0.340207598355414,1.01409583167786,251296.420345832
11.1,-38.9012910953865,0,-3,0,25,-25,51.2084997718933,38.9012910953865,25,25,surface_ship_low_speed,0.06,0.109544511501033,0,0,251295.40625,0.821470193000239,0.528567177299274,0,-0.3494386964479,1.00059867385161,251296.406848674
11.2,-38.6954641583739,0,-3,0,25,-25,51.0523157793258,38.6954641583739,25,25,surface_ship_low_speed,0.06,0.109544511501033,0,0,251295.40625,0.820218564486303,0.525277304264281,0,-0.358769329852123,0.986726538898461,251296.392976539
11.3,-38.4896372213613,0,-3,0,25,-25,50.8964848828679,38.4896372213613,25,25,surface_ship_low_speed,0.06,0.109544511501033,0,0,251295.40625,0.818818593616881,0.521854138125355,0,-0.368199933835457,0.972472797906779,251296.378722798
11.4,-38.2838102843487,0,-3,0,25,-25,50.7410103357038,38.2838102843487,25,25,surface_ship_low_speed,0.06,0.109544511501033,0,0,251295.40625,0.817266512646617,0.518295160793467,0,-0.377730929031914,0.957830744408171,251296.364080744
11.5,-38.077983347336,0,-3,0,25,-25,50.5858954235269,38.077983347336,25,25,surface_ship_low_speed,0.06,0.109544511501033,0,0,251295.40625,0.815558488174499,0.514597827627436,0,-0.38736272091743,0.942793594884506,251296.349043595
11.6,-37.8721564103234,0,-3,0,25,-25,50.4311434648075,37.8721564103234,25,25,surface_ship_low_speed,0.06,0.109544511501033,0,0,251295.40625,0.813690620789389,0.51075956784133,0,-0.397095699277317,0.927354489353403,251296.333604489
11.7,-37.6663294733108,0,-3,0,25,-25,50.2767578110602,37.6663294733108,25,25,surface_ship_low_speed,0.06,0.109544511501033,0,0,251295.40625,0.811658944753372,0.50677778494824,0,-0.406930237665962,0.91150649203565,251296.317756492
11.8,-37.4605025362982,0,-3,0,25,-25,50.1227418471097,37.4605025362982,25,25,surface_ship_low_speed,0.06,0.109544511501033,0,0,251295.40625,0.809459427725268,0.502649857241727,0,-0.416866692858892,0.895242592108103,251296.301492592
11.9,-37.2546755992855,0,-3,0,25,-25,49.9690989913566,37.2546755992855,25,25,surface_ship_low_speed,0.06,0.109544511501033,0,0,251295.40625,0.807087970526767,0.498373138316279,0,-0.426905404297293,0.878555704545753,251296.284805705
12,-37.0488486622729,0,-3,0,25,-25,49.8158326960415,37.0488486622729,25,25,surface_ship_low_speed,0.06,0.109544511501033,0,0,251295.40625,0.804540406953728,0.493944957628124,0,-0.437046693525115,0.861438671056736,251296.267688671
12.1,-36.8430217252603,0,-3,0,25,-25,49.6629464475075,36.8430217252603,25,25,surface_ship_low_speed,0.06,0.109544511501033,0,0,251295.40625,0.80181250363525,0.489362621097768,0,-0.447290863618888,0.843884261114129,251296.250134261
12.2,-36.6371947882476,0,-3,0,25,-25,49.510443766462,36.6371947882476,25,25,surface_ship_low_speed,0.06,0.109544511501033,0,0,251295.40625,0.798899959943252,0.484623411755669,0,-0.457638198610383,0.825885173088537,251296.232135173
12.3,-36.431367851235,0,-3,0,25,-25,49.3583282082365,36.431367851235,25,25,surface_ship_low_speed,0.06,0.109544511501033,0,0,251295.40625,0.795798407955354,0.479724590432439,0,-0.468088962902282,0.807434035485511,251296.213684035
12.4,-36.2255409142224,0,-3,0,25,-25,49.2066033630447,36.2255409142224,25,25,surface_ship_low_speed,0.06,0.109544511501033,0,0,251295.40625,0.792503412473976,0.474663396495031,0,-0.478643400677003,0.788523408292004,251296.194773408
12.5,-36.0197139772098,0,-3,0,25,-25,49.0552728562384,36.0197139772098,25,25,surface_ship_low_speed,0.06,0.109544511501033,0,0,251295.40625,0.78901047110463,0.469437048630342,0,-0.489301735298881,0.769145784436091,251296.175395784
12.6,-35.8138870401971,0,-3,0,25,-25,48.9043403485621,35.8138870401971,25,25,surface_ship_low_speed,0.06,0.109544511501033,0,0,251295.40625,0.785315014396518,0.464042745677719,0,-0.500064168709847,0.74929359136439,251296.155543591
12.7,-35.6080601031845,0,-3,0,25,-25,48.7538095364044,35.6080601031845,25,25,surface_ship_low_speed,0.06,0.109544511501033,0,0,251295.40625,0.781412406048602,0.458477667511845,0,-0.510930880818857,0.72895919274159,251296.135209193
12.8,-35.4022331661719,0,-3,0,25,-25,48.6036841520476,35.4022331661719,25,25,surface_ship_low_speed,0.06,0.109544511501033,0,0,251295.40625,0.777297943184443,0.452738975977498,0,-0.521902028885239,0.708134890276702,251296.11438489
12.9,-35.1964062291593,0,-3,0,25,-25,48.453967963914,35.1964062291593,25,25,surface_ship_low_speed,0.06,0.109544511501033,0,0,251295.40625,0.772966856699171,0.446823815877708,0,-0.532977746896203,0.686812925680677,251296.093062926
13,-34.9905792921466,0,-3,0,25,-25,48.3046647768101,34.9905792921466,25,25,surface_ship_low_speed,0.06,0.109544511501033,0,0,251295.40625,0.768414311682092,0.440729316016823,0,-0.544158144938748,0.664985482760167,251296.071235483
13.1,-34.784752355134,0,-3,0,25,-25,48.1557784321674,34.784752355134,25,25,surface_ship_low_speed,0.06,0.109544511501033,0,0,251295.40625,0.763635407918458,0.434452590300016,0,-0.555443308566212,0.642644689652262,251296.04889469
13.2,-34.5789254181214,0,-3,0,25,-25,48.0073128082795,34.5789254181214,25,25,surface_ship_low_speed,0.06,0.109544511501033,0,0,251295.40625,0.758625180474131,0.427990738890784,0,-0.566833298159737,0.619782621205178,251296.026032621
13.3,-34.3730984811087,0,-3,0,25,-25,47.8592718205365,34.3730984811087,25,25,surface_ship_low_speed,0.06,0.109544511501033,0,0,251295.40625,0.753378600366853,0.421340849427965,0,-0.578328148284914,0.596391301509904,251296.002641302
13.4,-34.1672715440961,0,-3,0,25,-25,47.711659421655,34.1672715440961,25,25,surface_ship_low_speed,0.06,0.109544511501033,0,0,251295.40625,0.747890575328021,0.414499998303827,0,-0.589927867043916,0.572462706587933,251295.978712707
13.5,-33.9614446070835,0,-3,0,25,-25,47.5644796019046,33.9614446070835,25,25,surface_ship_low_speed,0.06,0.109544511501033,0,0,251295.40625,0.742155950658908,0.407465252004783,0,-0.601632435423409,0.547988767240282,251295.954238767
13.6,-33.7556176700709,0,-3,0,25,-25,47.4177363893301,33.7556176700709,25,25,surface_ship_low_speed,0.06,0.109544511501033,0,0,251295.40625,0.736169510185405,0.400233668516258,0,-0.613441806638585,0.522961372063078,251295.929211372
13.7,-33.5497907330582,0,-3,0,25,-25,47.271433849969,33.5497907330582,25,25,surface_ship_low_speed,0.06,0.109544511501033,0,0,251295.40625,0.729925977315396,0.392802298793262,0,-0.62535590547362,0.497372370635038,251295.903622371
13.8,-33.3439637960456,0,-3,0,25,-25,47.125576088065,33.3439637960456,25,25,surface_ship_low_speed,0.06,0.109544511501033,0,0,251295.40625,0.723420016203045,0.385168188298202,0,-0.637374627618941,0.471213576882306,251295.877463577
13.9,-33.138136859033,0,-3,0,25,-25,46.9801672462753,33.138136859033,25,25,surface_ship_low_speed,0.06,0.109544511501033,0,0,251295.40625,0.716646233024302,0.377328378607435,0,-0.649497839005648,0.44447677262609,251295.850726773
14,-32.9323099220204,0,-3,0,25,-25,46.8352115058745,32.9323099220204,25,25,surface_ship_low_speed,0.06,0.109544511501033,0,0,251295.40625,0.709599177368022,0.369279909088089,0,-0.661725375137479,0.417153711318632,251295.823403711
14.1,-32.7264829850077,0,-3,0,25,-25,46.6907130869512,32.7264829850077,25,25,surface_ship_low_speed,0.06,0.109544511501033,0,0,251295.40625,0.702273343747245,0.361019818646626,0,-0.674057040420717,0.389236121973155,251295.795486122
14.2,-32.5206560479951,0,-3,0,25,-25,46.5466762486002,32.5206560479951,25,25,surface_ship_low_speed,0.06,0.109544511501033,0,0,251295.40625,0.694663173235172,0.352545147550624,0,-0.686492607492443,0.360715713293353,251295.766965713
14.3,-32.3148291109825,0,-3,0,25,-25,46.4031052891075,32.3148291109825,25,25,surface_ship_low_speed,0.06,0.109544511501033,0,0,251295.40625,0.686763055230513,0.343852939325211,0,-0.699031816547585,0.331584178008139,251295.737834178
14.4,-32.1090021739698,0,-3,0,25,-25,46.2600045461303,32.1090021739698,25,25,surface_ship_low_speed,0.06,0.109544511501033,0,0,251295.40625,0.678567329356938,0.334940242725572,0,-0.711674374665176,0.301833197417335,251295.708083197
14.5,-31.9031752369572,0,-3,0,25,-25,46.117378396869,31.9031752369572,25,25,surface_ship_low_speed,0.06,0.109544511501033,0,0,251295.40625,0.670070287501418,0.325804113786909,0,-0.724419955134313,0.271454446154015,251295.677704446
14.6,-31.6973482999446,0,-3,0,25,-25,45.975231258233,31.6973482999446,25,25,surface_ship_low_speed,0.06,0.109544511501033,0,0,251295.40625,0.661266175996333,0.316441617953182,0,-0.737268196780281,0.240439597169235,251295.646689597
14.7,-31.491521362932,0,-3,0,25,-25,45.8335675869989,31.491521362932,25,25,surface_ship_low_speed,0.06,0.109544511501033,0,0,251295.40625,0.652149197950251,0.306849832285959,0,-0.750218703291325,0.208780326944885,251295.615030327
14.8,-31.2856944259193,0,-3,0,25,-25,45.6923918799618,31.2856944259193,25,25,surface_ship_low_speed,0.06,0.109544511501033,0,0,251295.40625,0.642713515732361,0.297025847754597,0,-0.76327104254661,0.176468320940348,251295.582718321
14.9,-31.0798674889067,0,-3,0,25,-25,45.5517086740772,31.0798674889067,25,25,surface_ship_low_speed,0.06,0.109544511501033,0,0,251295.40625,0.63295325361557,0.286966771608984,0,-0.776424745945856,0.143495279278698,251295.549745279
15,-30.8740405518941,0,-3,0,25,-25,45.411522546596,30.8740405518941,25,25,surface_ship_low_speed,0.06,0.109544511501033,0,0,251295.40625,0.622862500583328,0.276669729835962,0,-0.789679307741233,0.109852922678057,251295.516102923
15.1,-30.6682136148815,0,-3,0,25,-25,45.2718381151903,30.6682136148815,25,25,surface_ship_low_speed,0.06,0.109544511501033,0,0,251295.40625,0.612435313305241,0.266131869700535,0,-0.803034184372042,0.0755329986337336,251295.481782999
15.2,-30.4623866778688,0,-3,0,25,-25,45.13266003807,30.4623866778688,25,25,surface_ship_low_speed,0.06,0.109544511501033,0,0,251295.40625,0.60166571928662,0.255350362372859,0,-0.816488793802775,0.0405272878567036,251295.446777288
15.3,-30.2565597408562,0,-3,0,25,-25,44.9939930140902,30.2565597408562,25,25,surface_ship_low_speed,0.06,0.109544511501033,0,0,251295.40625,0.590547720197024,0.244322405641955,0,-0.830042514865143,0.00482761097383577,251295.411077611
15.4,-30.0507328038436,0,-3,0,25,-25,44.8558417828492,30.0507328038436,25,25,surface_ship_low_speed,0.06,0.109544511501033,0,0,251295.40625,0.579075295382983,0.233045226717027,0,-0.843694686604679,-0.0315741645046685,251295.374675835
15.5,-29.8449058668309,0,-3,0,25,-25,44.7182111247756,29.8449058668309,25,25,surface_ship_low_speed,0.06,0.109544511501033,0,0,251295.40625,0.56724240556994,0.221516085117127,0,-0.857444607632547,-0.0686861169454798,251295.337563883
15.6,-29.6390789298183,0,-3,0,25,-25,44.5811058612054,29.6390789298183,25,25,surface_ship_low_speed,0.06,0.109544511501033,0,0,251295.40625,0.555042996758567,0.209732275649866,0,-0.871291535483186,-0.106516263074753,251295.299733737
15.7,-29.4332519928057,0,-3,0,25,-25,44.4445308544482,29.4332519928057,25,25,surface_ship_low_speed,0.06,0.109544511501033,0,0,251295.40625,0.542471004320465,0.197691131479755,0,-0.885234685978462,-0.145072550178242,251295.26117745
15.8,-29.2274250557931,0,-3,0,25,-25,44.3084910078418,29.2274250557931,25,25,surface_ship_low_speed,0.06,0.109544511501033,0,0,251295.40625,0.52952035729827,0.185390027286645,0,-0.899273232598985,-0.18436284801407,251295.221887152
15.9,-29.0215981187804,0,-3,0,25,-25,44.172991265795,29.0215981187804,25,25,surface_ship_low_speed,0.06,0.109544511501033,0,0,251295.40625,0.516184982915134,0.17282638251463,0,-0.913406305863291,-0.224394940433527,251295.18185506
16,-28.8157711817678,0,-3,0,25,-25,44.0380366138183,28.8157711817678,25,25,surface_ship_low_speed,0.06,0.109544511501033,0,0,251295.40625,0.502458811298424,0.159997664711659,0,-0.927632992715588,-0.265176516705505,251295.141073483
16.1,-28.6099442447552,0,-3,0,25,-25,43.9036320785422,28.6099442447552,25,25,surface_ship_low_speed,0.06,0.109544511501033,0,0,251295.40625,0.488335780422445,0.146901392959957,0,-0.941952335922781,-0.306715162540379,251295.099534837
16.2,-28.4041173077426,0,-3,0,25,-25,43.7697827277221,28.4041173077426,25,25,surface_ship_low_speed,0.06,0.109544511501033,0,0,251295.40625,0.473809841274867,0.133535141397269,0,-0.956363333481521,-0.349018350809385,251295.057231649
16.3,-28.1982903707299,0,-3,0,25,-25,43.6364936702297,28.1982903707299,25,25,surface_ship_low_speed,0.06,0.109544511501033,0,0,251295.40625,0.458874963251383,0.119896542828716,0,-0.970864938036008,-0.39209343195591,251295.014156568
16.4,-27.9924634337173,0,-3,0,25,-25,43.5037700560308,27.9924634337173,25,25,surface_ship_low_speed,0.06,0.109544511501033,0,0,251295.40625,0.443525139783033,0.105983292428993,0,-0.985456056307327,-0.435947624095301,251294.970302376
16.5,-27.7866364967047,0,-3,0,25,-25,43.3716170761479,27.7866364967047,25,25,surface_ship_low_speed,0.06,0.109544511501033,0,0,251295.40625,0.427754394200432,0.0917931515344002,0,-1.00013554853508,-0.480588002800249,251294.925661997
16.6,-27.580809559692,0,-3,0,25,-25,43.2400399626087,27.580809559692,25,25,surface_ship_low_speed,0.06,0.109544511501033,0,0,251295.40625,0.411556785838951,0.0773239515240976,0,-1.01490222793212,-0.526021490569067,251294.880228509
16.7,-27.3749826226794,0,-3,0,25,-25,43.109043988379,27.3749826226794,25,25,surface_ship_low_speed,0.06,0.109544511501033,0,0,251295.40625,0.394926416388725,0.062573597789739,0,-1.02975486015312,-0.572254845974661,251294.833995154
16.8,-27.1691556856668,0,-3,0,25,-25,42.9786344672792,27.1691556856668,25,25,surface_ship_low_speed,0.06,0.109544511501033,0,0,251295.40625,0.377857436493114,0.0475400737925089,0,-1.04469216277798,-0.619294652492352,251294.786955348
16.9,-26.9633287486542,0,-3,0,25,-25,42.8488167538848,26.9633287486542,25,25,surface_ship_low_speed,0.06,0.109544511501033,0,0,251295.40625,0.360344052598988,0.0322214452063616,0,-1.05971280481054,-0.66714730700519,251294.739102693
17,-26.7575018116415,0,-3,0,25,-25,42.7195962434104,26.7575018116415,25,25,surface_ship_low_speed,0.06,0.109544511501033,0,0,251295.40625,0.34238053406195,0.0166158641460647,0,-1.07481540619391,-0.715819007985892,251294.690430992
17.1,-26.5516748746289,0,-3,0,25,-25,42.5909783715754,26.5516748746289,25,25,surface_ship_low_speed,0.06,0.109544511501033,0,0,251295.40625,0.323961220509297,0.000721573478464514,0,-1.08999853734279,-0.765315743355028,251294.640934257
17.2,-26.3458479376163,0,-3,0,25,-25,42.4629686144528,26.3458479376163,25,25,surface_ship_low_speed,0.06,0.109544511501033,0,0,251295.40625,0.305080529463197,-0.0154630887848644,0,-1.105260718694,-0.81564327801567,251294.590606722
17.3,-26.1400210006037,0,-3,0,25,-25,42.3355724882988,26.1400210006037,25,25,surface_ship_low_speed,0.06,0.109544511501033,0,0,251295.40625,0.285732964226208,-0.0319396850156174,0,-1.12060042027586,-0.866807141065274,251294.539442859
17.4,-25.934194063591,0,-3,0,25,-25,42.2087955493639,25.934194063591,25,25,surface_ship_low_speed,0.06,0.109544511501033,0,0,251295.40625,0.265913122030866,-0.0487096734196838,0,-1.1360160612974,-0.918812612686214,251294.487437387
17.5,-25.7283671265784,0,-3,0,25,-25,42.0826433936843,25.7283671265784,25,25,surface_ship_low_speed,0.06,0.109544511501033,0,0,251295.40625,0.245615702454701,-0.0657744034135309,0,-1.15150600975821,-0.971664710717038,251294.434585289
17.6,-25.5225401895658,0,-3,0,25,-25,41.9571216568534,25.5225401895658,25,25,surface_ship_low_speed,0.06,0.109544511501033,0,0,251295.40625,0.22483551610153,-0.0831351109287966,0,-1.16706858207994,-1.0253681769072,251294.380881823
17.7,-25.3167132525531,0,-3,0,25,-25,41.8322360137729,25.3167132525531,25,25,surface_ship_low_speed,0.06,0.109544511501033,0,0,251295.40625,0.203567493549479,-0.100792913648152,0,-1.18270204276015,-1.07992746285882,251294.326322537
17.8,-25.1108863155405,0,-3,0,25,-25,41.7079921783823,25.1108863155405,25,25,surface_ship_low_speed,0.06,0.109544511501033,0,0,251295.40625,0.181806694565618,-0.118748806175709,0,-1.1984046040496,-1.1353467156597,251294.270903284
17.9,-24.9050593785279,0,-3,0,25,-25,41.5843959033674,24.9050593785279,25,25,surface_ship_low_speed,0.06,0.109544511501033,0,0,251295.40625,0.159548317586603,-0.137003655145555,0,-1.21417442565373,-1.19162976321268,251294.214620237
18,-24.6992324415153,0,-3,0,25,-25,41.4614529798462,24.6992324415153,25,25,surface_ship_low_speed,0.06,0.109544511501033,0,0,251295.40625,0.136787709464114,-0.155558194272285,0,-1.23000961445931,-1.24878009926748,251294.157469901
18.1,-24.4934055045026,0,-3,0,25,-25,41.3391692370323,24.4934055045026,25,25,surface_ship_low_speed,0.06,0.109544511501033,0,0,251295.40625,0.113520375473306,-0.174413019347652,0,-1.24590822428718,-1.30680086816152,251294.099449132
18.2,-24.28757856749,0,-3,0,25,-25,41.2175505418748,24.28757856749,25,25,surface_ship_low_speed,0.06,0.109544511501033,0,0,251295.40625,0.089741989581823,-0.193568583187812,0,-1.26186825567189,-1.36569484927788,251294.040555151
18.3,-24.0817516304774,0,-3,0,25,-25,41.0966027986742,24.0817516304774,25,25,surface_ship_low_speed,0.06,0.109544511501033,0,0,251295.40625,0.0654484049762665,-0.213025190535888,0,-1.27788765566927,-1.42546444122889,251293.980785559
18.4,-23.8759246934648,0,-3,0,25,-25,40.976331948675,23.8759246934648,25,25,surface_ship_low_speed,0.06,0.109544511501033,0,0,251295.40625,0.0406356648423169,-0.232782992924924,0,-1.29396431769271,-1.48611164577532,251293.920138354
18.5,-23.6700977564521,0,-3,0,25,-25,40.8567439696313,23.6700977564521,25,25,surface_ship_low_speed,0.06,0.109544511501033,0,0,251295.40625,0.0153000133939174,-0.252841983506611,0,-1.31009608137915,-1.54763805149184,251293.858611948
18.6,-23.4642708194395,0,-3,0,25,-25,40.737844875349,23.4642708194395,25,25,surface_ship_low_speed,0.06,0.109544511501033,0,0,251295.40625,-0.0105620928537863,-0.273201991851463,0,-1.32628073248556,-1.61004481719081,251293.796205183
18.7,-23.2584438824269,0,-3,0,25,-25,40.6196407152008,23.2584438824269,25,25,surface_ship_low_speed,0.06,0.109544511501033,0,0,251295.40625,-0.0369539735739438,-0.29386267872649,0,-1.34251600281695,-1.67333265511738,251293.732917345
18.8,-23.0526169454142,0,-3,0,25,-25,40.5021375736146,23.0526169454142,25,25,surface_ship_low_speed,0.06,0.109544511501033,0,0,251295.40625,-0.0638787128869107,-0.314823530856709,0,-1.35879957018665,-1.73750181393027,251293.668748186
18.9,-22.8467900084016,0,-3,0,25,-25,40.3853415695349,22.8467900084016,25,25,surface_ship_low_speed,0.06,0.109544511501033,0,0,251295.40625,-0.0913391473964837,-0.336083855677185,0,-1.37512905840981,-1.80255206148348,251293.603697939
19,-22.640963071389,0,-3,0,25,-25,40.2692588558568,22.640963071389,25,25,surface_ship_low_speed,0.06,0.109544511501033,0,0,251295.40625,-0.119337854012277,-0.357642776082641,0,-1.39150203733093,-1.86848266742585,251293.537767333
19.1,-22.4351361343764,0,-3,0,25,-25,40.1538956188313,22.4351361343764,25,25,surface_ship_low_speed,0.06,0.109544511501033,0,0,251295.40625,-0.147877137568004,-0.379499225181979,0,-1.40791602288637,-1.93529238563635,251293.470957614
19.2,-22.2293091973637,0,-3,0,25,-25,40.0392580774419,22.2293091973637,25,25,surface_ship_low_speed,0.06,0.109544511501033,0,0,251295.40625,-0.176959018246439,-0.401651941065457,0,-1.42436847720251,-2.0029794365144,251293.403270563
19.3,-22.0234822603511,0,-3,0,25,-25,39.9253524827521,22.0234822603511,25,25,surface_ship_low_speed,0.06,0.109544511501033,0,0,251295.40625,-0.206585218822829,-0.424099461592534,0,-1.44085680873061,-2.07154148914597,251293.334708511
19.4,-21.8176553233385,0,-3,0,25,-25,39.8121851172226,21.8176553233385,25,25,surface_ship_low_speed,0.06,0.109544511501033,0,0,251295.40625,-0.236757151739618,-0.446840119208806,0,-1.45737837241894,-2.14097564336737,251293.265274357
19.5,-21.6118283863259,0,-3,0,25,-25,39.6997622939987,21.6118283863259,25,25,surface_ship_low_speed,0.06,0.109544511501033,0,0,251295.40625,-0.267475906026413,-0.469872035800755,0,-1.47393046992317,-2.21127841175033,251293.194971588
19.6,-21.4060014493132,0,-3,0,25,-25,39.5880903561665,21.4060014493132,25,25,surface_ship_low_speed,0.06,0.109544511501033,0,0,251295.40625,-0.298742234080216,-0.493193117597369,0,-1.49051034985562,-2.2824457015332,251293.123804298
19.7,-21.2001745123006,0,-3,0,25,-25,39.4771756759776,21.2001745123006,25,25,surface_ship_low_speed,0.06,0.109544511501033,0,0,251295.40625,-0.330556538322136,-0.516801050128069,0,-1.5071152080743,-2.35447279652451,251293.051777203
19.8,-20.994347575288,0,-3,0,25,-25,39.3670246540426,20.994347575288,25,25,surface_ship_low_speed,0.06,0.109544511501033,0,0,251295.40625,-0.362918857747952,-0.540693293246657,0,-1.52374218801235,-2.42735433900696,251292.978895661
19.9,-20.7885206382754,0,-3,0,25,-25,39.2576437184913,20.7885206382754,25,25,surface_ship_low_speed,0.06,0.109544511501033,0,0,251295.40625,-0.395828854391023,-0.564867076231342,0,-1.54038838104854,-2.5010843116709,251292.905165688
20,-20.5826937012627,0,-3,0,25,-25,39.1490393241009,20.5826937012627,25,25,surface_ship_low_speed,0.06,0.109544511501033,0,0,251295.40625,-0.429285799717402,-0.589319392971257,0,-1.55705082691968,-2.57565601960834,251292.83059398
20.1,-20.3768667642501,0,-3,0,25,-25,39.0412179513908,20.3768667642501,25,25,surface_ship_low_speed,0.06,0.109544511501033,0,0,251295.40625,-0.463288560974068,-0.614046997250121,0,-1.57372651417544,-2.65106207239963,251292.755187928
20.2,-20.1710398272375,0,-3,0,25,-25,38.9341861056835,20.1710398272375,25,25,surface_ship_low_speed,0.06,0.109544511501033,0,0,251295.40625,-0.497835587512595,-0.639046398138053,0,-1.59041238067628,-2.72729436632692,251292.678955634
20.3,-19.9652128902248,0,-3,0,25,-25,38.8279503161318,19.9652128902248,25,25,surface_ship_low_speed,0.06,0.109544511501033,0,0,251295.40625,-0.532924897111728,-0.664313855502832,0,-1.60710531413504,-2.8043440667496,251292.601905933
20.4,-19.7593859532122,0,-3,0,25,-25,38.7225171347112,19.7593859532122,25,25,surface_ship_low_speed,0.06,0.109544511501033,0,0,251295.40625,-0.568554062323663,-0.689845375652132,0,-1.62380215270278,-2.88220159067858,251292.524048409
20.5,-19.5535590161996,0,-3,0,25,-25,38.6178931351776,19.5535590161996,25,25,surface_ship_low_speed,0.06,0.109544511501033,0,0,251295.40625,-0.604720196870097,-0.715636707118593,0,-1.64049968559939,-2.96085658958809,251292.44539341
20.6,-19.347732079187,0,-3,0,25,-25,38.5140849119903,19.347732079187,25,25,surface_ship_low_speed,0.06,0.109544511501033,0,0,251295.40625,-0.641419942115349,-0.741683336599758,0,-1.65719465378944,-3.04029793250455,251292.365952067
20.7,-19.1419051421743,0,-3,0,25,-25,38.4110990791985,19.1419051421743,25,25,surface_ship_low_speed,0.06,0.109544511501033,0,0,251295.40625,-0.678649453645192,-0.767980485065219,0,-1.67388375070374,-3.12051368941415,251292.285736311
20.8,-18.9360782051617,0,-3,0,25,-25,38.3089422692927,18.9360782051617,25,25,surface_ship_low_speed,0.06,0.109544511501033,0,0,251295.40625,-0.716404387981257,-0.794523104043479,0,-1.69056362300704,-3.20149111503178,251292.204758885
20.9,-18.7302512681491,0,-3,0,25,-25,38.2076211320202,18.7302512681491,25,25,surface_ship_low_speed,0.06,0.109544511501033,0,0,251295.40625,-0.754679889462093,-0.821305872101218,0,-1.70723087141221,-3.28321663297552,251292.123033367
21,-18.5244243311365,0,-3,0,25,-25,38.1071423331637,18.5244243311365,25,25,surface_ship_low_speed,0.06,0.109544511501033,0,0,251295.40625,-0.793470577323296,-0.848323191527897,0,-1.7238820515412,-3.3656758203924,251292.04057418
21.1,-18.3185973941238,0,-3,0,25,-25,38.0075125532835,18.3185973941238,25,25,surface_ship_low_speed,0.06,0.109544511501033,0,0,251295.40625,-0.832770533010215,-0.875569185238688,0,-1.74051367483323,-3.44885339308213,251291.957396607
21.2,-18.1127704571112,0,-3,0,25,-25,37.9087384864229,18.1127704571112,25,25,surface_ship_low_speed,0.06,0.109544511501033,0,0,251295.40625,-0.872573287757994,-0.903037693908922,0,-1.75712220950013,-3.53273319116705,251291.873516809
21.3,-17.9069435200986,0,-3,0,25,-25,37.8108268387773,17.9069435200986,25,25,surface_ship_low_speed,0.06,0.109544511501033,0,0,251295.40625,-0.912871810474851,-0.930722273353299,0,-1.77370408152945,-3.6172981653576,251291.788951835
21.4,-17.7011165830859,0,-3,0,25,-25,37.7137843273252,17.7011165830859,25,25,surface_ship_low_speed,0.06,0.109544511501033,0,0,251295.40625,-0.953658495965531,-0.958616192163194,0,-1.79025567573505,-3.70253036386377,251291.703719636
21.5,-17.4952896460733,0,-3,0,25,-25,37.617617678423,17.4952896460733,25,25,surface_ship_low_speed,0.06,0.109544511501033,0,0,251295.40625,-0.994925153533021,-0.986712429615424,0,-1.80677333685555,-3.788410920004,251291.61783908
21.6,-17.2894627090607,0,-3,0,25,-25,37.5223336263618,17.2894627090607,25,25,surface_ship_low_speed,0.06,0.109544511501033,0,0,251295.40625,-1.0366629959975,-1.01500367386586,0,-1.82325337070065,-3.87492004056402,251291.531329959
21.7,-17.0836357720481,0,-3,0,25,-25,37.4279389118877,17.0836357720481,25,25,surface_ship_low_speed,0.06,0.109544511501033,0,0,251295.40625,-1.07886262917255,-1.04348232044124,0,-1.83969204534513,-3.96203699495892,251291.444213005
21.8,-16.8778088350354,0,-3,0,25,-25,37.3344402806845,16.8778088350354,25,25,surface_ship_low_speed,0.06,0.109544511501033,0,0,251295.40625,-1.12151404183939,-1.07214047104247,0,-1.85608559237064,-4.04974010525249,251291.356509895
21.9,-16.6719818980228,0,-3,0,25,-25,37.2418444818191,16.6719818980228,25,25,surface_ship_low_speed,0.06,0.109544511501033,0,0,251295.40625,-1.16460659626075,-1.10096993267259,0,-1.87243020815513,-4.13800673708847,251291.268243263
22,-16.4661549610102,0,-3,0,25,-25,37.1501582661501,16.4661549610102,25,25,surface_ship_low_speed,0.06,0.109544511501033,0,0,251295.40625,-1.20812901927678,-1.12996221710259,0,-1.88872205520965,-4.22681329158902,251291.179436708
22.1,-16.2603280239975,0,-3,0,25,-25,37.0593883846995,16.2603280239975,25,25,surface_ship_low_speed,0.06,0.109544511501033,0,0,251295.40625,-1.25206939402579,-1.15910854068777,0,-1.90495726356235,-4.31613519827591,251291.090114802
22.2,-16.0545010869849,0,-3,0,25,-25,36.9695415869875,16.0545010869849,25,25,surface_ship_low_speed,0.06,0.109544511501033,0,0,251295.40625,-1.29641515233326,-1.18839982454756,0,-1.92113193218939,-4.40594690907021,251291.000303091
22.3,-15.8486741499723,0,-3,0,25,-25,36.8806246193309,15.8486741499723,25,25,surface_ship_low_speed,0.06,0.109544511501033,0,0,251295.40625,-1.34115306781306,-1.21782669512101,0,-1.9372421304923,-4.49622189342637,251290.910028107
22.4,-15.6428472129597,0,-3,0,25,-25,36.7926442231052,15.6428472129597,25,25,surface_ship_low_speed,0.06,0.109544511501033,0,0,251295.40625,-1.38626924972479,-1.2473794851103,0,-1.95328389982157,-4.58693263465665,251290.819317365
22.5,-15.437020275947,0,-3,0,25,-25,36.7056071329708,15.437020275947,25,25,surface_ship_low_speed,0.06,0.109544511501033,0,0,251295.40625,-1.43174913763165,-1.27704823482389,0,-1.96925325504566,-4.6780506275012,251290.728199373
22.6,-15.2311933389344,0,-3,0,25,-25,36.6195200750638,15.2311933389344,25,25,surface_ship_low_speed,0.06,0.109544511501033,0,0,251295.40625,-1.47757749690304,-1.30682269393081,0,-1.98514618616528,-4.76954637699913,251290.636703623
22.7,-15.0253664019218,0,-3,0,25,-25,36.5343897651514,15.0253664019218,25,25,surface_ship_low_speed,0.06,0.109544511501033,0,0,251295.40625,-1.52373841510603,-1.33669232363706,0,-2.00095865997196,-4.86138939871505,251290.544860601
22.8,-14.8195394649092,0,-3,0,25,-25,36.4502229067533,14.8195394649092,25,25,surface_ship_low_speed,0.06,0.109544511501033,0,0,251295.40625,-1.57021529932968,-1.3666462992946,0,-2.01668662175045,-4.95354822037473,251290.45270178
22.9,-14.6137125278965,0,-3,0,25,-25,36.3670261892281,14.6137125278965,25,25,surface_ship_low_speed,0.06,0.109544511501033,0,0,251295.40625,-1.61699087448564,-1.39667351345287,0,-2.03232599702415,-5.04599038496266,251290.360259615
23,-14.4078855908839,0,-3,0,25,-25,36.2848062858271,14.4078855908839,25,25,surface_ship_low_speed,0.06,0.109544511501033,0,0,251295.40625,-1.66404718262784,-1.42676257936239,0,-2.04787269334275,-5.13868245533299,251290.267567545
23.1,-14.2020586538713,0,-3,0,25,-25,36.2035698517149,14.2020586538713,25,25,surface_ship_low_speed,0.06,0.109544511501033,0,0,251295.40625,-1.71136558333367,-1.456901834939,0,-2.06332260211114,-5.23159002038381,251290.17465998
23.2,-13.9962317168587,0,-3,0,25,-25,36.1233235219574,13.9962317168587,25,25,surface_ship_low_speed,0.06,0.109544511501033,0,0,251295.40625,-1.75892675518757,-1.48707934719698,0,-2.07867160045882,-5.32467770284337,251290.081572297
23.3,-13.790404779846,0,-3,0,25,-25,36.0440739094792,13.790404779846,25,25,surface_ship_low_speed,0.06,0.109544511501033,0,0,251295.40625,-1.80671069840739,-1.51728291715851,0,-2.0939155531486,-5.4179091687145,251289.988340831
23.4,-13.5845778428334,0,-3,0,25,-25,35.96582760299,13.5845778428334,25,25,surface_ship_low_speed,0.06,0.109544511501033,0,0,251295.40625,-1.8546967386523,-1.54750008524586,0,-2.10905031452361,-5.51124713842178,251289.895002862
23.5,-13.3787509058208,0,-3,0,25,-25,35.8885911648814,13.3787509058208,25,25,surface_ship_low_speed,0.06,0.109544511501033,0,0,251295.40625,-1.90286353204953,-1.57771813716241,0,-2.12407173049156,-5.60465339970349,251289.8015966
23.6,-13.1729239688081,0,-3,0,25,-25,35.8123711290945,13.1729239688081,25,25,surface_ship_low_speed,0.06,0.109544511501033,0,0,251295.40625,-1.95118907147572,-1.60792411026716,0,-2.13897564054476,-5.69808882228764,251289.708161178
23.7,-12.9670970317955,0,-3,0,25,-25,35.7371739989608,12.9670970317955,25,25,surface_ship_low_speed,0.06,0.109544511501033,0,0,251295.40625,-1.9996506941267,-1.63810480044706,0,-2.15375787981505,-5.79151337438881,251289.614736626
23.8,-12.7612700947829,0,-3,0,25,-25,35.6630062450153,12.7612700947829,25,25,surface_ship_low_speed,0.06,0.109544511501033,0,0,251295.40625,-2.04822509040742,-1.66824676949002,0,-2.16841428116183,-5.88488614105926,251289.521363859
23.9,-12.5554431577703,0,-3,0,25,-25,35.5898743027845,12.5554431577703,25,25,surface_ship_low_speed,0.06,0.109544511501033,0,0,251295.40625,-2.09688831417148,-1.69833635296074,0,-2.18294067729215,-5.97816534442438,251289.428084656
24,-12.3496162207576,0,-3,0,25,-25,35.51778457055,12.3496162207576,25,25,surface_ship_low_speed,0.06,0.109544511501033,0,0,251295.40625,-2.14561579433737,-1.72835966858061,0,-2.19733290291121,-6.07130836582919,251289.334941634
24.1,-12.143789283745,0,-3,0,25,-25,35.4467434070889,12.143789283745,25,25,surface_ship_low_speed,0.06,0.109544511501033,0,0,251295.40625,-2.19438234790557,-1.75830262511129,0,-2.21158679690179,-6.16427176991865,251289.24197823
24.2,-11.9379623467324,0,-3,0,25,-25,35.3767571293922,11.9379623467324,25,25,surface_ship_low_speed,0.06,0.109544511501033,0,0,251295.40625,-2.24316219439821,-1.78815093174127,0,-2.22569820453092,-6.2570113306704,251289.149238669
24.3,-11.7321354097197,0,-3,0,25,-25,35.3078320103628,11.7321354097197,25,25,surface_ship_low_speed,0.06,0.109544511501033,0,0,251295.40625,-2.29192897173934,-1.81789010797266,0,-2.23966297968237,-6.34948205939437,251289.056767941
24.4,-11.5263084727071,0,-3,0,25,-25,35.2399742764946,11.5263084727071,25,25,surface_ship_low_speed,0.06,0.109544511501033,0,0,251295.40625,-2.34065575359126,-1.84750549400511,0,-2.25347698711289,-6.44163823470927,251288.964611765
24.5,-11.3204815356945,0,-3,0,25,-25,35.1731901055335,11.3204815356945,25,25,surface_ship_low_speed,0.06,0.109544511501033,0,0,251295.40625,-2.38931506815816,-1.87698226161194,0,-2.26713610473079,-6.5334334345009,251288.872816566
24.6,-11.1146545986819,0,-3,0,25,-25,35.107485624123,11.1146545986819,25,25,surface_ship_low_speed,0.06,0.109544511501033,0,0,251295.40625,-2.43787891846535,-1.90630542550255,0,-2.28063622589471,-6.62482056986261,251288.78142943
24.7,-10.9088276616692,0,-3,0,25,-25,35.0428669054346,10.9088276616692,25,25,surface_ship_low_speed,0.06,0.109544511501033,0,0,251295.40625,-2.486318804118,-1.93545985516392,0,-2.29397326173095,-6.71575192101287,251288.690498079
24.8,-10.7030007246566,0,-3,0,25,-25,34.9793399667861,10.7030007246566,25,25,surface_ship_low_speed,0.06,0.109544511501033,0,0,251295.40625,-2.53460574453963,-1.96443028717274,0,-2.30714314346726,-6.80617917517964,251288.600070825
24.9,-10.497173787644,0,-3,0,25,-25,34.9169107672486,10.497173787644,25,25,surface_ship_low_speed,0.06,0.109544511501033,0,0,251295.40625,-2.58271030368627,-1.99320133796818,0,-2.32014182478111,-6.89605346643555,251288.510196534
25,-10.2913468506314,0,-3,0,25,-25,34.8555852052436,10.2913468506314,25,25,surface_ship_low_speed,0.06,0.109544511501033,0,0,251295.40625,-2.63060261622782,-2.02175751707422,0,-2.33296528416049,-6.98532541746253,251288.420924583
25.1,-10.0855199136187,0,-3,0,25,-25,34.7953691161338,10.0855199136187,25,25,surface_ship_low_speed,0.06,0.109544511501033,0,0,251295.40625,-2.67825241518396,-2.05008324075913,0,-2.34560952727506,-7.07394518321816,251288.332304817
25.2,-9.87969297660611,0,-3,0,25,-25,34.736268269807,9.87969297660611,25,25,surface_ship_low_speed,0.06,0.109544511501033,0,0,251295.40625,-2.72562906099701,-2.078162846118,0,-2.35807058935557,-7.16186249647058,251288.244387504
25.3,-9.67386603959348,0,-3,0,25,-25,34.6782883682572,9.67386603959348,25,25,surface_ship_low_speed,0.06,0.109544511501033,0,0,251295.40625,-2.77270157201964,-2.10598060556343,0,-2.37034453757928,-7.24902671516236,251288.157223285
25.4,-9.46803910258085,0,-3,0,25,-25,34.6214350431637,9.46803910258085,25,25,surface_ship_low_speed,0.06,0.109544511501033,0,0,251295.40625,-2.81943865639055,-2.13352074170752,0,-2.38242747345941,-7.33538687155749,251288.070863128
25.5,-9.26221216556822,0,-3,0,25,-25,34.5657138534705,9.26221216556822,25,25,surface_ship_low_speed,0.06,0.109544511501033,0,0,251295.40625,-2.86580874526619,-2.16076744261762,0,-2.39431553523599,-7.4208917231198,251287.985358277
25.6,-9.05638522855559,0,-3,0,25,-25,34.5111302829681,9.05638522855559,25,25,surface_ship_low_speed,0.06,0.109544511501033,0,0,251295.40625,-2.91178002737178,-2.18770487742627,0,-2.40600490026617,-7.50548980506422,251287.900760195
25.7,-8.85055829154297,0,-3,0,25,-25,34.45768973788,8.85055829154297,25,25,surface_ship_low_speed,0.06,0.109544511501033,0,0,251295.40625,-2.95732048482986,-2.21431721227513,0,-2.41749178741152,-7.58912948451652,251287.817120515
25.8,-8.64473135453034,0,-3,0,25,-25,34.4053975444551,8.64473135453034,25,25,surface_ship_low_speed,0.06,0.109544511501033,0,0,251295.40625,-3.00239793021956,-2.24058862657092,0,-2.42877245941994,-7.67175901621041,251287.734490984
25.9,-8.43890441751772,0,-3,0,25,-25,34.3542589465702,8.43890441751772,25,25,surface_ship_low_speed,0.06,0.109544511501033,0,0,251295.40625,-3.04698004481464,-2.26650332953029,0,-2.43984322529987,-7.7533265996448,251287.6529234
26,-8.23307748050509,0,-3,0,25,-25,34.3042791033422,8.23307748050509,25,25,surface_ship_low_speed,0.06,0.109544511501033,0,0,251295.40625,-3.0910344179437,-2.29204557698956,0,-2.45070044268451,-7.83378043761777,251287.572469562
26.1,-8.02725054349246,0,-3,0,25,-25,34.2554630867545,8.02725054349246,25,25,surface_ship_low_speed,0.06,0.109544511501033,0,0,251295.40625,-3.13452858741054,-2.31719968845347,0,-2.46134052018335,-7.91306879604735,251287.493181204
26.2,-7.82142360647983,0,-3,0,25,-25,34.2078158792987,7.82142360647983,25,25,surface_ship_low_speed,0.06,0.109544511501033,0,0,251295.40625,-3.17743008090795,-2.34195006435673,0,-2.47175991971892,-7.9911400649836,251287.415109935
26.3,-7.6155966694672,0,-3,0,25,-25,34.161342371634,7.6155966694672,25,25,surface_ship_low_speed,0.06,0.109544511501033,0,0,251295.40625,-3.21970645835364,-2.36628120351034,0,-2.48195515884612,-8.0679428207101,251287.338307179
26.4,-7.40976973245458,0,-3,0,25,-25,34.1160473602673,7.40976973245458,25,25,surface_ship_low_speed,0.06,0.109544511501033,0,0,251295.40625,-3.26132535507174,-2.39017772070407,0,-2.49192281305173,-8.14342588882754,251287.262824111
26.5,-7.20394279544195,0,-3,0,25,-25,34.0719355452548,7.20394279544195,25,25,surface_ship_low_speed,0.06,0.109544511501033,0,0,251295.40625,-3.3022545257393,-2.4136243644353,0,-2.50165951803168,-8.21753840820627,251287.188711592
26.6,-6.99811585842932,0,-3,0,25,-25,34.0290115279301,6.99811585842932,25,25,surface_ship_low_speed,0.06,0.109544511501033,0,0,251295.40625,-3.34246188901245,-2.43660603473351,0,-2.51116197194365,-8.29022989568961,251287.116020104
26.7,-6.7922889214167,0,-3,0,25,-25,33.9872798086578,6.7922889214167,25,25,surface_ship_low_speed,0.06,0.109544511501033,0,0,251295.40625,-3.38191557274286,-2.45910780104901,0,-2.52042693763247,-8.36145031142435,251287.044799689
26.8,-6.58646198440407,0,-3,0,25,-25,33.9467447846182,6.58646198440407,25,25,surface_ship_low_speed,0.06,0.109544511501033,0,0,251295.40625,-3.42058395969094,-2.48111492017347,0,-2.52945124482598,-8.43115012469038,251286.975099875
26.9,-6.38063504739144,0,-3,0,25,-25,33.9074107476227,6.38063504739144,25,25,surface_ship_low_speed,0.06,0.109544511501033,0,0,251295.40625,-3.45843573363858,-2.50261285415922,0,-2.53823179229888,-8.49928038009669,251286.90696962
27,-6.17480811037881,0,-3,0,25,-25,33.869281881965,6.17480811037881,25,25,surface_ship_low_speed,0.06,0.109544511501033,0,0,251295.40625,-3.49543992580077,-2.5235872882039,0,-2.54676555000221,-8.56579276400688,251286.840457236
27.1,-5.96898117336619,0,-3,0,25,-25,33.8323622623074,5.96898117336619,25,25,surface_ship_low_speed,0.06,0.109544511501033,0,0,251295.40625,-3.53156596143188,-2.54402414846594,0,-2.55504956115591,-8.63063967105373,251286.775610329
27.2,-5.76315423635356,0,-3,0,25,-25,33.7966558516076,5.76315423635356,25,25,surface_ship_low_speed,0.06,0.109544511501033,0,0,251295.40625,-3.56678370651994,-2.56390961977655,0,-2.56308094430239,-8.69377427059889,251286.712475729
27.3,-5.55732729934093,0,-3,0,25,-25,33.7621664990859,5.55732729934093,25,25,surface_ship_low_speed,0.06,0.109544511501033,0,0,251295.40625,-3.60106351445909,-2.58323016321315,0,-2.57085689531842,-8.75515057299066,251286.651099427
27.4,-5.35150036232831,0,-3,0,25,-25,33.7288979382369,5.35150036232831,25,25,surface_ship_low_speed,0.06,0.109544511501033,0,0,251295.40625,-3.63437627258862,-2.60197253349883,0,-2.57837468938335,-8.8147234954708,251286.591526505
27.5,-5.14567342531568,0,-3,0,25,-25,33.6968537848862,5.14567342531568,25,25,surface_ship_low_speed,0.06,0.109544511501033,0,0,251295.40625,-3.66669344848478,-2.62012379619281,0,-2.5856316829011,-8.87244892757869,251286.533801072
27.6,-4.93984648830305,0,-3,0,25,-25,33.6660375352966,4.93984648830305,25,25,surface_ship_low_speed,0.06,0.109544511501033,0,0,251295.40625,-3.69798713589013,-2.63767134463607,0,-2.59262531537399,-8.92828379590019,251286.477966204
27.7,-4.73401955129043,0,-3,0,25,-25,33.6364525643237,4.73401955129043,25,25,surface_ship_low_speed,0.06,0.109544511501033,0,0,251295.40625,-3.72823010016417,-2.65460291661703,0,-2.59935311122587,-8.98218612800708,251286.424063872
27.8,-4.5281926142778,0,-3,0,25,-25,33.6081021236249,4.5281926142778,25,25,surface_ship_low_speed,0.06,0.109544511501033,0,0,251295.40625,-3.75739582313819,-2.67090661072192,0,-2.60581268157276,-9.03411511543286,251286.372134885
27.9,-4.32236567726518,0,-3,0,25,-25,33.5809893399227,4.32236567726518,25,25,surface_ship_low_speed,0.06,0.109544511501033,0,0,251295.40625,-3.78545854725686,-2.68657090233481,0,-2.61200172593857,-9.08403117553023,251286.322218824
28,-4.11653874025254,0,-3,0,25,-25,33.5551172133253,4.11653874025254,25,25,surface_ship_low_speed,0.06,0.109544511501033,0,0,251295.40625,-3.81239331888971,-2.70158465925286,0,-2.61791803391413,-9.1318960120567,251286.274353988
28.1,-3.91071180323991,0,-3,0,25,-25,33.5304886157062,3.91071180323991,25,25,surface_ship_low_speed,0.06,0.109544511501033,0,0,251295.40625,-3.8381760306957,-2.71593715688244,0,-2.62355948675738,-9.17767267433552,251286.228577326
28.2,-3.70488486622729,0,-3,0,25,-25,33.5071062891441,3.70488486622729,25,25,surface_ship_low_speed,0.06,0.109544511501033,0,0,251295.40625,-3.8627834629255,-2.72961809298272,0,-2.62892405893284,-9.22132561484106,251286.184924385
28.3,-3.49905792921466,0,-3,0,25,-25,33.4849728444268,3.49905792921466,25,25,surface_ship_low_speed,0.06,0.109544511501033,0,0,251295.40625,-3.88619332354742,-2.74261760192386,0,-2.63400981958852,-9.2628207450598,251286.143429255
28.4,-3.29323099220204,0,-3,0,25,-25,33.4640907596187,3.29323099220204,25,25,surface_ship_low_speed,0.06,0.109544511501033,0,0,251295.40625,-3.90838428708513,-2.75492626842763,0,-2.63881493396841,-9.30212548948117,251286.104124511
28.5,-3.08740405518941,0,-3,0,25,-25,33.4444623786958,3.08740405518941,25,25,surface_ship_low_speed,0.06,0.109544511501033,0,0,251295.40625,-3.92933603205737,-2.76653514075948,0,-2.643337664759,-9.33920883757585,251286.067041162
28.6,-2.88157711817678,0,-3,0,25,-25,33.4260899102483,2.88157711817678,25,25,surface_ship_low_speed,0.06,0.109544511501033,0,0,251295.40625,-3.94902927691312,-2.77743574334184,0,-2.64757637336785,-9.37404139362281,251286.032208606
28.7,-2.67575018116415,0,-3,0,25,-25,33.4089754262533,2.67575018116415,25,25,surface_ship_low_speed,0.06,0.109544511501033,0,0,251295.40625,-3.96744581435871,-2.78762008875954,0,-2.65152952113309,-9.40659542425135,251285.999654576
28.8,-2.46992324415152,0,-3,0,25,-25,33.3931208609198,2.46992324415152,25,25,surface_ship_low_speed,0.06,0.109544511501033,0,0,251295.40625,-3.98456854397735,-2.79708068912977,0,-2.65519567046189,-9.43684490356902,251285.969405096
28.9,-2.2640963071389,0,-3,0,25,-25,33.3785280096052,2.2640963071389,25,25,surface_ship_low_speed,0.06,0.109544511501033,0,0,251295.40625,-4.00038150304545,-2.80581056680977,0,-2.65857348589688,-9.4647655557521,251285.941484444
29,-2.05826937012628,0,-3,0,25,-25,33.3651985278074,2.05826937012628,25,25,surface_ship_low_speed,0.06,0.109544511501033,0,0,251295.40625,-4.01486989545505,-2.81380326441744,0,-2.66166173510895,-9.49033489498144,251285.915915105
29.1,-1.85244243311364,0,-3,0,25,-25,33.3531339302321,1.85244243311364,25,25,surface_ship_low_speed,0.06,0.109544511501033,0,0,251295.40625,-4.02802011865642,-2.821052854141,0,-2.66445928981526,-9.51353226261268,251285.892717737
29.2,-1.64661549610102,0,-3,0,25,-25,33.3423355899373,1.64661549610102,25,25,surface_ship_low_speed,0.06,0.109544511501033,0,0,251295.40625,-4.03981978854026,-2.82755394631576,0,-2.66696512662143,-9.53433886147745,251285.871911139
29.3,-1.44078855908839,0,-3,0,25,-25,33.3328047375555,1.44078855908839,25,25,surface_ship_low_speed,0.06,0.109544511501033,0,0,251295.40625,-4.05025776218483,-2.83330169724762,0,-2.66917832778663,-9.55273778721908,251285.853512213
29.4,-1.23496162207577,0,-3,0,25,-25,33.324542460595,1.23496162207577,25,25,surface_ship_low_speed,0.06,0.109544511501033,0,0,251295.40625,-4.05932415839924,-2.83829181626448,0,-2.67109808191082,-9.56871405657454,251285.837535943
29.5,-1.02913468506313,0,-3,0,25,-25,33.3175497028218,1.02913468506313,25,25,surface_ship_low_speed,0.06,0.109544511501033,0,0,251295.40625,-4.06701037600054,-2.84252057197872,0,-2.67272368454318,-9.58225463252244,251285.823995367
29.6,-0.823307748050503,0,-3,0,25,-25,33.3118272637212,0.823307748050503,25,25,surface_ship_low_speed,0.06,0.109544511501033,0,0,251295.40625,-4.0733091097689,-2.84598479774572,0,-2.67405453871098,-9.5933484462256,251285.812901554
29.7,-0.617480811037886,0,-3,0,25,-25,33.3073757980421,0.617480811037886,25,25,surface_ship_low_speed,0.06,0.109544511501033,0,0,251295.40625,-4.07821436403211,-2.84868189630513,0,-2.67509015536818,-9.60198641570542,251285.804263584
29.8,-0.411653874025255,0,-3,0,25,-25,33.3041958154224,0.411653874025255,25,25,surface_ship_low_speed,0.06,0.109544511501033,0,0,251295.40625,-4.08172146383773,-2.85060984359375,0,-2.67583015376329,-9.60816146119477,251285.798088539
29.9,-0.205826937012631,0,-3,0,25,-25,33.3022876800979,0.205826937012631,25,25,surface_ship_low_speed,0.06,0.109544511501033,0,0,251295.40625,-4.0838270636784,-2.85176719172078,0,-2.67627426172593,-9.61186851712511,251285.794381483
30,0,0,-3,0,25,-25,33.3016516106934,0,25,25,surface_ship_low_speed,0.06,0.109544511501033,0,0,251295.40625,-4.08452915374359,-2.85215307109814,0,-2.67642231587184,-9.61310454071358,251285.793145459
30.1,0.205826937012631,0,-3,0,25,-25,33.3022876800979,-0.205826937012631,25,25,surface_ship_low_speed,0.06,0.109544511501033,0,0,251295.40625,-4.0838270636784,-2.85176719172078,0,-2.67627426172593,-9.61186851712511,251285.794381483
30.2,0.411653874025255,0,-3,0,25,-25,33.3041958154224,-0.411653874025255,25,25,surface_ship_low_speed,0.06,0.109544511501033,0,0,251295.40625,-4.08172146383773,-2.85060984359375,0,-2.67583015376329,-9.60816146119477,251285.798088539
30.3,0.617480811037886,0,-3,0,25,-25,33.3073757980421,-0.617480811037886,25,25,surface_ship_low_speed,0.06,0.109544511501033,0,0,251295.40625,-4.07821436403211,-2.84868189630513,0,-2.67509015536818,-9.60198641570542,251285.804263584
30.4,0.823307748050503,0,-3,0,25,-25,33.3118272637212,-0.823307748050503,25,25,surface_ship_low_speed,0.06,0.109544511501033,0,0,251295.40625,-4.0733091097689,-2.84598479774572,0,-2.67405453871098,-9.5933484462256,251285.812901554
30.5,1.02913468506313,0,-3,0,25,-25,33.3175497028218,-1.02913468506313,25,25,surface_ship_low_speed,0.06,0.109544511501033,0,0,251295.40625,-4.06701037600054,-2.84252057197872,0,-2.67272368454318,-9.58225463252244,251285.823995367
30.6,1.23496162207577,0,-3,0,25,-25,33.324542460595,-1.23496162207577,25,25,surface_ship_low_speed,0.06,0.109544511501033,0,0,251295.40625,-4.05932415839924,-2.83829181626448,0,-2.67109808191082,-9.56871405657454,251285.837535943
30.7,1.44078855908839,0,-3,0,25,-25,33.3328047375555,-1.44078855908839,25,25,surface_ship_low_speed,0.06,0.109544511501033,0,0,251295.40625,-4.05025776218483,-2.83330169724762,0,-2.66917832778663,-9.55273778721908,251285.853512213
30.8,1.64661549610102,0,-3,0,25,-25,33.3423355899373,-1.64661549610102,25,25,surface_ship_low_speed,0.06,0.109544511501033,0,0,251295.40625,-4.03981978854026,-2.82755394631576,0,-2.66696512662143,-9.53433886147745,251285.871911139
30.9,1.85244243311364,0,-3,0,25,-25,33.3531339302321,-1.85244243311364,25,25,surface_ship_low_speed,0.06,0.109544511501033,0,0,251295.40625,-4.02802011865642,-2.821052854141,0,-2.66445928981526,-9.51353226261268,251285.892717737
31,2.05826937012628,0,-3,0,25,-25,33.3651985278074,-2.05826937012628,25,25,surface_ship_low_speed,0.06,0.109544511501033,0,0,251295.40625,-4.01486989545505,-2.81380326441744,0,-2.66166173510895,-9.49033489498144,251285.915915105
31.1,2.26409630713891,0,-3,0,25,-25,33.3785280096052,-2.26409630713891,25,25,surface_ship_low_speed,0.06,0.109544511501033,0,0,251295.40625,-4.00038150304545,-2.80581056680977,0,-2.65857348589688,-9.4647655557521,251285.941484444
31.2,2.46992324415152,0,-3,0,25,-25,33.3931208609198,-2.46992324415152,25,25,surface_ship_low_speed,0.06,0.109544511501033,0,0,251295.40625,-3.98456854397735,-2.79708068912977,0,-2.65519567046189,-9.43684490356902,251285.969405096
31.3,2.67575018116415,0,-3,0,25,-25,33.4089754262533,-2.67575018116415,25,25,surface_ship_low_speed,0.06,0.109544511501033,0,0,251295.40625,-3.96744581435871,-2.78762008875954,0,-2.65152952113309,-9.40659542425135,251285.999654576
31.4,2.88157711817677,0,-3,0,25,-25,33.4260899102483,-2.88157711817677,25,25,surface_ship_low_speed,0.06,0.109544511501033,0,0,251295.40625,-3.94902927691312,-2.77743574334184,0,-2.64757637336785,-9.37404139362281,251286.032208606
31.5,3.0874040551894,0,-3,0,25,-25,33.4444623786958,-3.0874040551894,25,25,surface_ship_low_speed,0.06,0.109544511501033,0,0,251295.40625,-3.92933603205737,-2.76653514075948,0,-2.643337664759,-9.33920883757585,251286.067041162
31.6,3.29323099220203,0,-3,0,25,-25,33.4640907596187,-3.29323099220203,25,25,surface_ship_low_speed,0.06,0.109544511501033,0,0,251295.40625,-3.90838428708513,-2.75492626842763,0,-2.63881493396841,-9.30212548948118,251286.104124511
31.7,3.49905792921466,0,-3,0,25,-25,33.4849728444268,-3.49905792921466,25,25,surface_ship_low_speed,0.06,0.109544511501033,0,0,251295.40625,-3.88619332354742,-2.74261760192386,0,-2.63400981958852,-9.2628207450598,251286.143429255
31.8,3.7048848662273,0,-3,0,25,-25,33.5071062891441,-3.7048848662273,25,25,surface_ship_low_speed,0.06,0.109544511501033,0,0,251295.40625,-3.8627834629255,-2.72961809298272,0,-2.62892405893284,-9.22132561484106,251286.184924385
31.9,3.91071180323991,0,-3,0,25,-25,33.5304886157062,-3.91071180323991,25,25,surface_ship_low_speed,0.06,0.109544511501033,0,0,251295.40625,-3.8381760306957,-2.71593715688244,0,-2.62355948675738,-9.17767267433552,251286.228577326
32,4.11653874025254,0,-3,0,25,-25,33.5551172133253,-4.11653874025254,25,25,surface_ship_low_speed,0.06,0.109544511501033,0,0,251295.40625,-3.81239331888971,-2.70158465925286,0,-2.61791803391413,-9.1318960120567,251286.274353988
32.1,4.32236567726518,0,-3,0,25,-25,33.5809893399227,-4.32236567726518,25,25,surface_ship_low_speed,0.06,0.109544511501033,0,0,251295.40625,-3.78545854725686,-2.68657090233481,0,-2.61200172593857,-9.08403117553023,251286.322218824
32.2,4.52819261427781,0,-3,0,25,-25,33.6081021236249,-4.52819261427781,25,25,surface_ship_low_speed,0.06,0.109544511501033,0,0,251295.40625,-3.75739582313819,-2.67090661072192,0,-2.60581268157276,-9.03411511543286,251286.372134885
32.3,4.73401955129042,0,-3,0,25,-25,33.6364525643237,-4.73401955129042,25,25,surface_ship_low_speed,0.06,0.109544511501033,0,0,251295.40625,-3.72823010016418,-2.65460291661703,0,-2.59935311122587,-8.98218612800708,251286.424063872
32.4,4.93984648830305,0,-3,0,25,-25,33.6660375352966,-4.93984648830305,25,25,surface_ship_low_speed,0.06,0.109544511501033,0,0,251295.40625,-3.69798713589012,-2.63767134463607,0,-2.59262531537399,-8.92828379590018,251286.477966204
32.5,5.14567342531569,0,-3,0,25,-25,33.6968537848862,-5.14567342531569,25,25,surface_ship_low_speed,0.06,0.109544511501033,0,0,251295.40625,-3.66669344848478,-2.62012379619281,0,-2.5856316829011,-8.87244892757869,251286.533801072
32.6,5.35150036232832,0,-3,0,25,-25,33.7288979382369,-5.35150036232832,25,25,surface_ship_low_speed,0.06,0.109544511501033,0,0,251295.40625,-3.63437627258862,-2.60197253349883,0,-2.57837468938335,-8.8147234954708,251286.591526505
32.7,5.55732729934093,0,-3,0,25,-25,33.7621664990859,-5.55732729934093,25,25,surface_ship_low_speed,0.06,0.109544511501033,0,0,251295.40625,-3.60106351445909,-2.58323016321315,0,-2.57085689531842,-8.75515057299066,251286.651099427
32.8,5.76315423635355,0,-3,0,25,-25,33.7966558516076,-5.76315423635355,25,25,surface_ship_low_speed,0.06,0.109544511501033,0,0,251295.40625,-3.56678370651994,-2.56390961977656,0,-2.56308094430239,-8.69377427059889,251286.712475729
32.9,5.96898117336618,0,-3,0,25,-25,33.8323622623074,-5.96898117336618,25,25,surface_ship_low_speed,0.06,0.109544511501033,0,0,251295.40625,-3.53156596143188,-2.54402414846594,0,-2.55504956115591,-8.63063967105373,251286.775610329
33,6.17480811037881,0,-3,0,25,-25,33.869281881965,-6.17480811037881,25,25,surface_ship_low_speed,0.06,0.109544511501033,0,0,251295.40625,-3.49543992580077,-2.5235872882039,0,-2.54676555000221,-8.56579276400688,251286.840457236
33.1,6.38063504739144,0,-3,0,25,-25,33.9074107476227,-6.38063504739144,25,25,surface_ship_low_speed,0.06,0.109544511501033,0,0,251295.40625,-3.45843573363858,-2.50261285415922,0,-2.53823179229888,-8.49928038009669,251286.90696962
33.2,6.58646198440407,0,-3,0,25,-25,33.9467447846182,-6.58646198440407,25,25,surface_ship_low_speed,0.06,0.109544511501033,0,0,251295.40625,-3.42058395969094,-2.48111492017347,0,-2.52945124482598,-8.43115012469038,251286.975099875
33.3,6.79228892141669,0,-3,0,25,-25,33.9872798086578,-6.79228892141669,25,25,surface_ship_low_speed,0.06,0.109544511501033,0,0,251295.40625,-3.38191557274287,-2.45910780104901,0,-2.52042693763247,-8.36145031142435,251287.044799689
33.4,6.99811585842932,0,-3,0,25,-25,34.0290115279301,-6.99811585842932,25,25,surface_ship_low_speed,0.06,0.109544511501033,0,0,251295.40625,-3.34246188901245,-2.43660603473351,0,-2.51116197194365,-8.29022989568961,251287.116020104
33.5,7.20394279544195,0,-3,0,25,-25,34.0719355452548,-7.20394279544195,25,25,surface_ship_low_speed,0.06,0.109544511501033,0,0,251295.40625,-3.3022545257393,-2.4136243644353,0,-2.50165951803168,-8.21753840820627,251287.188711592
33.6,7.40976973245458,0,-3,0,25,-25,34.1160473602673,-7.40976973245458,25,25,surface_ship_low_speed,0.06,0.109544511501033,0,0,251295.40625,-3.26132535507174,-2.39017772070407,0,-2.49192281305173,-8.14342588882754,251287.262824111
33.7,7.61559666946722,0,-3,0,25,-25,34.1613423716341,-7.61559666946722,25,25,surface_ship_low_speed,0.06,0.109544511501033,0,0,251295.40625,-3.21970645835364,-2.36628120351034,0,-2.48195515884612,-8.0679428207101,251287.338307179
33.8,7.82142360647983,0,-3,0,25,-25,34.2078158792987,-7.82142360647983,25,25,surface_ship_low_speed,0.06,0.109544511501033,0,0,251295.40625,-3.17743008090795,-2.34195006435673,0,-2.47175991971892,-7.9911400649836,251287.415109935
33.9,8.02725054349246,0,-3,0,25,-25,34.2554630867545,-8.02725054349246,25,25,surface_ship_low_speed,0.06,0.109544511501033,0,0,251295.40625,-3.13452858741054,-2.31719968845347,0,-2.46134052018335,-7.91306879604735,251287.493181204
34,8.23307748050508,0,-3,0,25,-25,34.3042791033422,-8.23307748050508,25,25,surface_ship_low_speed,0.06,0.109544511501033,0,0,251295.40625,-3.09103441794371,-2.29204557698956,0,-2.45070044268451,-7.83378043761777,251287.572469562
34.1,8.43890441751771,0,-3,0,25,-25,34.3542589465702,-8.43890441751771,25,25,surface_ship_low_speed,0.06,0.109544511501033,0,0,251295.40625,-3.04698004481464,-2.26650332953029,0,-2.43984322529987,-7.7533265996448,251287.6529234
34.2,8.64473135453034,0,-3,0,25,-25,34.4053975444551,-8.64473135453034,25,25,surface_ship_low_speed,0.06,0.109544511501033,0,0,251295.40625,-3.00239793021956,-2.24058862657092,0,-2.42877245941994,-7.67175901621041,251287.734490984
34.3,8.85055829154296,0,-3,0,25,-25,34.45768973788,-8.85055829154296,25,25,surface_ship_low_speed,0.06,0.109544511501033,0,0,251295.40625,-2.95732048482987,-2.21431721227514,0,-2.41749178741152,-7.58912948451653,251287.817120515
34.4,9.05638522855559,0,-3,0,25,-25,34.5111302829681,-9.05638522855559,25,25,surface_ship_low_speed,0.06,0.109544511501033,0,0,251295.40625,-2.91178002737178,-2.18770487742627,0,-2.40600490026617,-7.50548980506422,251287.900760195
34.5,9.26221216556822,0,-3,0,25,-25,34.5657138534705,-9.26221216556822,25,25,surface_ship_low_speed,0.06,0.109544511501033,0,0,251295.40625,-2.86580874526619,-2.16076744261762,0,-2.39431553523599,-7.4208917231198,251287.985358277
34.6,9.46803910258085,0,-3,0,25,-25,34.6214350431637,-9.46803910258085,25,25,surface_ship_low_speed,0.06,0.109544511501033,0,0,251295.40625,-2.81943865639055,-2.13352074170752,0,-2.38242747345941,-7.33538687155749,251288.070863128
34.7,9.67386603959348,0,-3,0,25,-25,34.6782883682572,-9.67386603959348,25,25,surface_ship_low_speed,0.06,0.109544511501033,0,0,251295.40625,-2.77270157201964,-2.10598060556343,0,-2.37034453757928,-7.24902671516235,251288.157223285
34.8,9.8796929766061,0,-3,0,25,-25,34.736268269807,-9.8796929766061,25,25,surface_ship_low_speed,0.06,0.109544511501033,0,0,251295.40625,-2.72562906099701,-2.07816284611801,0,-2.35807058935557,-7.16186249647058,251288.244387504
34.9,10.0855199136187,0,-3,0,25,-25,34.7953691161338,-10.0855199136187,25,25,surface_ship_low_speed,0.06,0.109544511501033,0,0,251295.40625,-2.67825241518396,-2.05008324075913,0,-2.34560952727506,-7.07394518321816,251288.332304817
35,10.2913468506314,0,-3,0,25,-25,34.8555852052436,-10.2913468506314,25,25,surface_ship_low_speed,0.06,0.109544511501033,0,0,251295.40625,-2.63060261622782,-2.02175751707422,0,-2.33296528416049,-6.98532541746253,251288.420924583
35.1,10.497173787644,0,-3,0,25,-25,34.9169107672486,-10.497173787644,25,25,surface_ship_low_speed,0.06,0.109544511501033,0,0,251295.40625,-2.58271030368627,-1.99320133796818,0,-2.32014182478111,-6.89605346643555,251288.510196534
35.2,10.7030007246566,0,-3,0,25,-25,34.9793399667861,-10.7030007246566,25,25,surface_ship_low_speed,0.06,0.109544511501033,0,0,251295.40625,-2.53460574453963,-1.96443028717274,0,-2.30714314346726,-6.80617917517963,251288.600070825
35.3,10.9088276616692,0,-3,0,25,-25,35.0428669054346,-10.9088276616692,25,25,surface_ship_low_speed,0.06,0.109544511501033,0,0,251295.40625,-2.486318804118,-1.93545985516392,0,-2.29397326173095,-6.71575192101287,251288.690498079
35.4,11.1146545986819,0,-3,0,25,-25,35.107485624123,-11.1146545986819,25,25,surface_ship_low_speed,0.06,0.109544511501033,0,0,251295.40625,-2.43787891846535,-1.90630542550255,0,-2.28063622589471,-6.62482056986261,251288.78142943
35.5,11.3204815356945,0,-3,0,25,-25,35.1731901055335,-11.3204815356945,25,25,surface_ship_low_speed,0.06,0.109544511501033,0,0,251295.40625,-2.38931506815817,-1.87698226161195,0,-2.26713610473079,-6.5334334345009,251288.872816566
35.6,11.5263084727071,0,-3,0,25,-25,35.2399742764946,-11.5263084727071,25,25,surface_ship_low_speed,0.06,0.109544511501033,0,0,251295.40625,-2.34065575359126,-1.84750549400511,0,-2.25347698711289,-6.44163823470927,251288.964611765
35.7,11.7321354097198,0,-3,0,25,-25,35.3078320103628,-11.7321354097198,25,25,surface_ship_low_speed,0.06,0.109544511501033,0,0,251295.40625,-2.29192897173934,-1.81789010797265,0,-2.23966297968237,-6.34948205939437,251289.056767941
35.8,11.9379623467324,0,-3,0,25,-25,35.3767571293922,-11.9379623467324,25,25,surface_ship_low_speed,0.06,0.109544511501033,0,0,251295.40625,-2.24316219439821,-1.78815093174127,0,-2.22569820453092,-6.2570113306704,251289.149238669
35.9,12.143789283745,0,-3,0,25,-25,35.4467434070889,-12.143789283745,25,25,surface_ship_low_speed,0.06,0.109544511501033,0,0,251295.40625,-2.19438234790557,-1.75830262511129,0,-2.21158679690179,-6.16427176991865,251289.24197823
36,12.3496162207576,0,-3,0,25,-25,35.51778457055,-12.3496162207576,25,25,surface_ship_low_speed,0.06,0.109544511501033,0,0,251295.40625,-2.14561579433737,-1.72835966858061,0,-2.19733290291121,-6.07130836582919,251289.334941634
36.1,12.5554431577703,0,-3,0,25,-25,35.5898743027845,-12.5554431577703,25,25,surface_ship_low_speed,0.06,0.109544511501033,0,0,251295.40625,-2.09688831417148,-1.69833635296074,0,-2.18294067729215,-5.97816534442438,251289.428084656
36.2,12.7612700947829,0,-3,0,25,-25,35.6630062450153,-12.7612700947829,25,25,surface_ship_low_speed,0.06,0.109544511501033,0,0,251295.40625,-2.04822509040741,-1.66824676949002,0,-2.16841428116183,-5.88488614105926,251289.521363859
36.3,12.9670970317955,0,-3,0,25,-25,35.7371739989608,-12.9670970317955,25,25,surface_ship_low_speed,0.06,0.109544511501033,0,0,251295.40625,-1.9996506941267,-1.63810480044707,0,-2.15375787981505,-5.79151337438882,251289.614736626
36.4,13.1729239688081,0,-3,0,25,-25,35.8123711290945,-13.1729239688081,25,25,surface_ship_low_speed,0.06,0.109544511501033,0,0,251295.40625,-1.95118907147572,-1.60792411026716,0,-2.13897564054476,-5.69808882228764,251289.708161178
36.5,13.3787509058208,0,-3,0,25,-25,35.8885911648814,-13.3787509058208,25,25,surface_ship_low_speed,0.06,0.109544511501033,0,0,251295.40625,-1.90286353204953,-1.5777181371624,0,-2.12407173049156,-5.60465339970349,251289.8015966
36.6,13.5845778428334,0,-3,0,25,-25,35.96582760299,-13.5845778428334,25,25,surface_ship_low_speed,0.06,0.109544511501033,0,0,251295.40625,-1.8546967386523,-1.54750008524586,0,-2.10905031452361,-5.51124713842178,251289.895002862
36.7,13.790404779846,0,-3,0,25,-25,36.0440739094792,-13.790404779846,25,25,surface_ship_low_speed,0.06,0.109544511501033,0,0,251295.40625,-1.80671069840739,-1.51728291715851,0,-2.0939155531486,-5.4179091687145,251289.988340831
36.8,13.9962317168586,0,-3,0,25,-25,36.1233235219574,-13.9962317168586,25,25,surface_ship_low_speed,0.06,0.109544511501033,0,0,251295.40625,-1.75892675518757,-1.48707934719699,0,-2.07867160045882,-5.32467770284338,251290.081572297
36.9,14.2020586538713,0,-3,0,25,-25,36.2035698517149,-14.2020586538713,25,25,surface_ship_low_speed,0.06,0.109544511501033,0,0,251295.40625,-1.71136558333367,-1.456901834939,0,-2.06332260211114,-5.23159002038381,251290.17465998
37,14.4078855908839,0,-3,0,25,-25,36.2848062858271,-14.4078855908839,25,25,surface_ship_low_speed,0.06,0.109544511501033,0,0,251295.40625,-1.66404718262784,-1.42676257936239,0,-2.04787269334275,-5.13868245533299,251290.267567545
37.1,14.6137125278965,0,-3,0,25,-25,36.3670261892281,-14.6137125278965,25,25,surface_ship_low_speed,0.06,0.109544511501033,0,0,251295.40625,-1.61699087448564,-1.39667351345287,0,-2.03232599702415,-5.04599038496266,251290.360259615
37.2,14.8195394649092,0,-3,0,25,-25,36.4502229067533,-14.8195394649092,25,25,surface_ship_low_speed,0.06,0.109544511501033,0,0,251295.40625,-1.57021529932968,-1.36664629929459,0,-2.01668662175045,-4.95354822037473,251290.45270178
37.3,15.0253664019218,0,-3,0,25,-25,36.5343897651514,-15.0253664019218,25,25,surface_ship_low_speed,0.06,0.109544511501033,0,0,251295.40625,-1.52373841510603,-1.33669232363706,0,-2.00095865997196,-4.86138939871505,251290.544860601
37.4,15.2311933389344,0,-3,0,25,-25,36.6195200750638,-15.2311933389344,25,25,surface_ship_low_speed,0.06,0.109544511501033,0,0,251295.40625,-1.47757749690304,-1.30682269393081,0,-1.98514618616528,-4.76954637699913,251290.636703623
37.5,15.437020275947,0,-3,0,25,-25,36.7056071329708,-15.437020275947,25,25,surface_ship_low_speed,0.06,0.109544511501033,0,0,251295.40625,-1.43174913763165,-1.27704823482389,0,-1.96925325504566,-4.6780506275012,251290.728199373
37.6,15.6428472129597,0,-3,0,25,-25,36.7926442231052,-15.6428472129597,25,25,surface_ship_low_speed,0.06,0.109544511501033,0,0,251295.40625,-1.38626924972479,-1.2473794851103,0,-1.95328389982157,-4.58693263465665,251290.819317365
37.7,15.8486741499723,0,-3,0,25,-25,36.880624619331,-15.8486741499723,25,25,surface_ship_low_speed,0.06,0.109544511501033,0,0,251295.40625,-1.34115306781306,-1.217826695121,0,-1.9372421304923,-4.49622189342637,251290.910028107
37.8,16.0545010869849,0,-3,0,25,-25,36.9695415869875,-16.0545010869849,25,25,surface_ship_low_speed,0.06,0.109544511501033,0,0,251295.40625,-1.29641515233326,-1.18839982454756,0,-1.92113193218939,-4.40594690907021,251291.000303091
37.9,16.2603280239976,0,-3,0,25,-25,37.0593883846995,-16.2603280239976,25,25,surface_ship_low_speed,0.06,0.109544511501033,0,0,251295.40625,-1.25206939402579,-1.15910854068777,0,-1.90495726356235,-4.31613519827591,251291.090114802
38,16.4661549610102,0,-3,0,25,-25,37.1501582661501,-16.4661549610102,25,25,surface_ship_low_speed,0.06,0.109544511501033,0,0,251295.40625,-1.20812901927678,-1.12996221710259,0,-1.88872205520965,-4.22681329158902,251291.179436708
38.1,16.6719818980228,0,-3,0,25,-25,37.2418444818191,-16.6719818980228,25,25,surface_ship_low_speed,0.06,0.109544511501033,0,0,251295.40625,-1.16460659626075,-1.10096993267259,0,-1.87243020815513,-4.13800673708847,251291.268243263
38.2,16.8778088350354,0,-3,0,25,-25,37.3344402806845,-16.8778088350354,25,25,surface_ship_low_speed,0.06,0.109544511501033,0,0,251295.40625,-1.12151404183939,-1.07214047104247,0,-1.85608559237064,-4.04974010525249,251291.356509895
38.3,17.083635772048,0,-3,0,25,-25,37.4279389118877,-17.083635772048,25,25,surface_ship_low_speed,0.06,0.109544511501033,0,0,251295.40625,-1.07886262917256,-1.04348232044125,0,-1.83969204534513,-3.96203699495893,251291.444213005
38.4,17.2894627090607,0,-3,0,25,-25,37.5223336263618,-17.2894627090607,25,25,surface_ship_low_speed,0.06,0.109544511501033,0,0,251295.40625,-1.0366629959975,-1.01500367386586,0,-1.82325337070065,-3.87492004056402,251291.531329959
38.5,17.4952896460733,0,-3,0,25,-25,37.617617678423,-17.4952896460733,25,25,surface_ship_low_speed,0.06,0.109544511501033,0,0,251295.40625,-0.994925153533021,-0.986712429615424,0,-1.80677333685555,-3.788410920004,251291.61783908
38.6,17.7011165830859,0,-3,0,25,-25,37.7137843273252,-17.7011165830859,25,25,surface_ship_low_speed,0.06,0.109544511501033,0,0,251295.40625,-0.953658495965531,-0.958616192163194,0,-1.79025567573505,-3.70253036386377,251291.703719636
38.7,17.9069435200986,0,-3,0,25,-25,37.8108268387773,-17.9069435200986,25,25,surface_ship_low_speed,0.06,0.109544511501033,0,0,251295.40625,-0.91287181047485,-0.930722273353298,0,-1.77370408152945,-3.6172981653576,251291.788951835
38.8,18.1127704571112,0,-3,0,25,-25,37.9087384864229,-18.1127704571112,25,25,surface_ship_low_speed,0.06,0.109544511501033,0,0,251295.40625,-0.872573287757996,-0.903037693908923,0,-1.75712220950013,-3.53273319116705,251291.873516809
38.9,18.3185973941238,0,-3,0,25,-25,38.0075125532835,-18.3185973941238,25,25,surface_ship_low_speed,0.06,0.109544511501033,0,0,251295.40625,-0.832770533010215,-0.875569185238688,0,-1.74051367483323,-3.44885339308213,251291.957396607
39,18.5244243311365,0,-3,0,25,-25,38.1071423331637,-18.5244243311365,25,25,surface_ship_low_speed,0.06,0.109544511501033,0,0,251295.40625,-0.793470577323296,-0.848323191527897,0,-1.7238820515412,-3.3656758203924,251292.04057418
39.1,18.7302512681491,0,-3,0,25,-25,38.2076211320203,-18.7302512681491,25,25,surface_ship_low_speed,0.06,0.109544511501033,0,0,251295.40625,-0.754679889462092,-0.821305872101217,0,-1.70723087141221,-3.28321663297552,251292.123033367
39.2,18.9360782051617,0,-3,0,25,-25,38.3089422692927,-18.9360782051617,25,25,surface_ship_low_speed,0.06,0.109544511501033,0,0,251295.40625,-0.716404387981254,-0.794523104043477,0,-1.69056362300704,-3.20149111503178,251292.204758885
39.3,19.1419051421743,0,-3,0,25,-25,38.4110990791985,-19.1419051421743,25,25,surface_ship_low_speed,0.06,0.109544511501033,0,0,251295.40625,-0.678649453645192,-0.767980485065219,0,-1.67388375070374,-3.12051368941415,251292.285736311
39.4,19.3477320791869,0,-3,0,25,-25,38.5140849119903,-19.3477320791869,25,25,surface_ship_low_speed,0.06,0.109544511501033,0,0,251295.40625,-0.64141994211535,-0.741683336599759,0,-1.65719465378944,-3.04029793250455,251292.365952067
39.5,19.5535590161996,0,-3,0,25,-25,38.6178931351776,-19.5535590161996,25,25,surface_ship_low_speed,0.06,0.109544511501033,0,0,251295.40625,-0.604720196870098,-0.715636707118594,0,-1.6404996855994,-2.96085658958809,251292.44539341
39.6,19.7593859532122,0,-3,0,25,-25,38.7225171347112,-19.7593859532122,25,25,surface_ship_low_speed,0.06,0.109544511501033,0,0,251295.40625,-0.568554062323664,-0.689845375652133,0,-1.62380215270278,-2.88220159067858,251292.524048409
39.7,19.9652128902248,0,-3,0,25,-25,38.8279503161318,-19.9652128902248,25,25,surface_ship_low_speed,0.06,0.109544511501033,0,0,251295.40625,-0.532924897111726,-0.664313855502831,0,-1.60710531413504,-2.8043440667496,251292.601905933
39.8,20.1710398272375,0,-3,0,25,-25,38.9341861056835,-20.1710398272375,25,25,surface_ship_low_speed,0.06,0.109544511501033,0,0,251295.40625,-0.497835587512596,-0.639046398138054,0,-1.59041238067628,-2.72729436632693,251292.678955634
39.9,20.3768667642501,0,-3,0,25,-25,39.0412179513908,-20.3768667642501,25,25,surface_ship_low_speed,0.06,0.109544511501033,0,0,251295.40625,-0.463288560974068,-0.614046997250121,0,-1.57372651417544,-2.65106207239963,251292.755187928
40,20.5826937012627,0,-3,0,25,-25,39.1490393241009,-20.5826937012627,25,25,surface_ship_low_speed,0.06,0.109544511501033,0,0,251295.40625,-0.429285799717402,-0.589319392971257,0,-1.55705082691968,-2.57565601960834,251292.83059398
40.1,20.7885206382754,0,-3,0,25,-25,39.2576437184913,-20.7885206382754,25,25,surface_ship_low_speed,0.06,0.109544511501033,0,0,251295.40625,-0.395828854391023,-0.564867076231342,0,-1.54038838104854,-2.5010843116709,251292.905165688
40.2,20.994347575288,0,-3,0,25,-25,39.3670246540426,-20.994347575288,25,25,surface_ship_low_speed,0.06,0.109544511501033,0,0,251295.40625,-0.362918857747951,-0.540693293246656,0,-1.52374218801235,-2.42735433900696,251292.978895661
40.3,21.2001745123006,0,-3,0,25,-25,39.4771756759776,-21.2001745123006,25,25,surface_ship_low_speed,0.06,0.109544511501033,0,0,251295.40625,-0.330556538322137,-0.51680105012807,0,-1.5071152080743,-2.35447279652451,251293.051777203
40.4,21.4060014493132,0,-3,0,25,-25,39.5880903561665,-21.4060014493132,25,25,surface_ship_low_speed,0.06,0.109544511501033,0,0,251295.40625,-0.298742234080214,-0.493193117597368,0,-1.49051034985561,-2.2824457015332,251293.123804298
40.5,21.6118283863259,0,-3,0,25,-25,39.6997622939987,-21.6118283863259,25,25,surface_ship_low_speed,0.06,0.109544511501033,0,0,251295.40625,-0.267475906026412,-0.469872035800754,0,-1.47393046992316,-2.21127841175033,251293.194971588
40.6,21.8176553233385,0,-3,0,25,-25,39.8121851172226,-21.8176553233385,25,25,surface_ship_low_speed,0.06,0.109544511501033,0,0,251295.40625,-0.236757151739617,-0.446840119208806,0,-1.45737837241894,-2.14097564336736,251293.265274357
40.7,22.0234822603511,0,-3,0,25,-25,39.9253524827521,-22.0234822603511,25,25,surface_ship_low_speed,0.06,0.109544511501033,0,0,251295.40625,-0.206585218822829,-0.424099461592534,0,-1.44085680873061,-2.07154148914597,251293.334708511
40.8,22.2293091973637,0,-3,0,25,-25,40.0392580774419,-22.2293091973637,25,25,surface_ship_low_speed,0.06,0.109544511501033,0,0,251295.40625,-0.176959018246441,-0.401651941065458,0,-1.42436847720251,-2.00297943651441,251293.403270563
40.9,22.4351361343764,0,-3,0,25,-25,40.1538956188313,-22.4351361343764,25,25,surface_ship_low_speed,0.06,0.109544511501033,0,0,251295.40625,-0.147877137568005,-0.37949922518198,0,-1.40791602288637,-1.93529238563635,251293.470957614
41,22.640963071389,0,-3,0,25,-25,40.2692588558568,-22.640963071389,25,25,surface_ship_low_speed,0.06,0.109544511501033,0,0,251295.40625,-0.119337854012277,-0.357642776082641,0,-1.39150203733093,-1.86848266742585,251293.537767333
41.1,22.8467900084016,0,-3,0,25,-25,40.3853415695349,-22.8467900084016,25,25,surface_ship_low_speed,0.06,0.109544511501033,0,0,251295.40625,-0.0913391473964837,-0.336083855677185,0,-1.37512905840981,-1.80255206148348,251293.603697939
41.2,23.0526169454143,0,-3,0,25,-25,40.5021375736146,-23.0526169454143,25,25,surface_ship_low_speed,0.06,0.109544511501033,0,0,251295.40625,-0.0638787128869106,-0.314823530856708,0,-1.35879957018665,-1.73750181393027,251293.668748186
41.3,23.2584438824269,0,-3,0,25,-25,40.6196407152008,-23.2584438824269,25,25,surface_ship_low_speed,0.06,0.109544511501033,0,0,251295.40625,-0.036953973573945,-0.29386267872649,0,-1.34251600281695,-1.67333265511738,251293.732917345
41.4,23.4642708194395,0,-3,0,25,-25,40.737844875349,-23.4642708194395,25,25,surface_ship_low_speed,0.06,0.109544511501033,0,0,251295.40625,-0.0105620928537863,-0.273201991851463,0,-1.32628073248556,-1.61004481719081,251293.796205183
41.5,23.6700977564521,0,-3,0,25,-25,40.8567439696313,-23.6700977564521,25,25,surface_ship_low_speed,0.06,0.109544511501033,0,0,251295.40625,0.0153000133939174,-0.252841983506611,0,-1.31009608137915,-1.54763805149184,251293.858611948
41.6,23.8759246934648,0,-3,0,25,-25,40.976331948675,-23.8759246934648,25,25,surface_ship_low_speed,0.06,0.109544511501033,0,0,251295.40625,0.0406356648423169,-0.232782992924924,0,-1.29396431769271,-1.48611164577532,251293.920138354
41.7,24.0817516304774,0,-3,0,25,-25,41.0966027986743,-24.0817516304774,25,25,surface_ship_low_speed,0.06,0.109544511501033,0,0,251295.40625,0.0654484049762683,-0.213025190535887,0,-1.27788765566927,-1.42546444122888,251293.980785559
41.8,24.28757856749,0,-3,0,25,-25,41.2175505418748,-24.28757856749,25,25,surface_ship_low_speed,0.06,0.109544511501033,0,0,251295.40625,0.089741989581823,-0.193568583187812,0,-1.26186825567189,-1.36569484927788,251294.040555151
41.9,24.4934055045026,0,-3,0,25,-25,41.3391692370323,-24.4934055045026,25,25,surface_ship_low_speed,0.06,0.109544511501033,0,0,251295.40625,0.113520375473307,-0.174413019347652,0,-1.24590822428718,-1.30680086816152,251294.099449132
42,24.6992324415153,0,-3,0,25,-25,41.4614529798462,-24.6992324415153,25,25,surface_ship_low_speed,0.06,0.109544511501033,0,0,251295.40625,0.136787709464113,-0.155558194272286,0,-1.23000961445931,-1.24878009926749,251294.157469901
42.1,24.9050593785279,0,-3,0,25,-25,41.5843959033674,-24.9050593785279,25,25,surface_ship_low_speed,0.06,0.109544511501033,0,0,251295.40625,0.159548317586602,-0.137003655145556,0,-1.21417442565373,-1.19162976321269,251294.214620237
42.2,25.1108863155405,0,-3,0,25,-25,41.7079921783823,-25.1108863155405,25,25,surface_ship_low_speed,0.06,0.109544511501033,0,0,251295.40625,0.181806694565618,-0.118748806175709,0,-1.1984046040496,-1.1353467156597,251294.270903284
42.3,25.3167132525531,0,-3,0,25,-25,41.8322360137729,-25.3167132525531,25,25,surface_ship_low_speed,0.06,0.109544511501033,0,0,251295.40625,0.203567493549478,-0.100792913648153,0,-1.18270204276015,-1.07992746285883,251294.326322537
42.4,25.5225401895658,0,-3,0,25,-25,41.9571216568534,-25.5225401895658,25,25,surface_ship_low_speed,0.06,0.109544511501033,0,0,251295.40625,0.22483551610153,-0.0831351109287966,0,-1.16706858207994,-1.0253681769072,251294.380881823
42.5,25.7283671265784,0,-3,0,25,-25,42.0826433936843,-25.7283671265784,25,25,surface_ship_low_speed,0.06,0.109544511501033,0,0,251295.40625,0.245615702454701,-0.0657744034135309,0,-1.15150600975821,-0.971664710717038,251294.434585289
42.6,25.934194063591,0,-3,0,25,-25,42.2087955493639,-25.934194063591,25,25,surface_ship_low_speed,0.06,0.109544511501033,0,0,251295.40625,0.265913122030866,-0.0487096734196838,0,-1.1360160612974,-0.918812612686214,251294.487437387
42.7,26.1400210006037,0,-3,0,25,-25,42.3355724882988,-26.1400210006037,25,25,surface_ship_low_speed,0.06,0.109544511501033,0,0,251295.40625,0.285732964226208,-0.0319396850156168,0,-1.12060042027586,-0.866807141065273,251294.539442859
42.8,26.3458479376163,0,-3,0,25,-25,42.4629686144528,-26.3458479376163,25,25,surface_ship_low_speed,0.06,0.109544511501033,0,0,251295.40625,0.305080529463197,-0.0154630887848653,0,-1.105260718694,-0.815643278015672,251294.590606722
42.9,26.5516748746289,0,-3,0,25,-25,42.5909783715754,-26.5516748746289,25,25,surface_ship_low_speed,0.06,0.109544511501033,0,0,251295.40625,0.323961220509297,0.000721573478464514,0,-1.08999853734279,-0.765315743355028,251294.640934257
43,26.7575018116415,0,-3,0,25,-25,42.7195962434104,-26.7575018116415,25,25,surface_ship_low_speed,0.06,0.109544511501033,0,0,251295.40625,0.34238053406195,0.0166158641460647,0,-1.07481540619391,-0.715819007985892,251294.690430992
43.1,26.9633287486542,0,-3,0,25,-25,42.8488167538848,-26.9633287486542,25,25,surface_ship_low_speed,0.06,0.109544511501033,0,0,251295.40625,0.360344052598989,0.0322214452063616,0,-1.05971280481054,-0.667147307005189,251294.739102693
43.2,27.1691556856668,0,-3,0,25,-25,42.9786344672792,-27.1691556856668,25,25,surface_ship_low_speed,0.06,0.109544511501033,0,0,251295.40625,0.377857436493115,0.0475400737925103,0,-1.04469216277797,-0.619294652492349,251294.786955348
43.3,27.3749826226794,0,-3,0,25,-25,43.109043988379,-27.3749826226794,25,25,surface_ship_low_speed,0.06,0.109544511501033,0,0,251295.40625,0.394926416388725,0.062573597789739,0,-1.02975486015312,-0.572254845974661,251294.833995154
43.4,27.580809559692,0,-3,0,25,-25,43.2400399626087,-27.580809559692,25,25,surface_ship_low_speed,0.06,0.109544511501033,0,0,251295.40625,0.411556785838949,0.0773239515240966,0,-1.01490222793212,-0.52602149056907,251294.880228509
43.5,27.7866364967047,0,-3,0,25,-25,43.3716170761478,-27.7866364967047,25,25,surface_ship_low_speed,0.06,0.109544511501033,0,0,251295.40625,0.427754394200431,0.0917931515343999,0,-1.00013554853508,-0.480588002800251,251294.925661997
43.6,27.9924634337173,0,-3,0,25,-25,43.5037700560308,-27.9924634337173,25,25,surface_ship_low_speed,0.06,0.109544511501033,0,0,251295.40625,0.443525139783033,0.105983292428992,0,-0.985456056307327,-0.435947624095302,251294.970302376
43.7,28.1982903707299,0,-3,0,25,-25,43.6364936702297,-28.1982903707299,25,25,surface_ship_low_speed,0.06,0.109544511501033,0,0,251295.40625,0.458874963251383,0.119896542828716,0,-0.970864938036008,-0.392093431955909,251295.014156568
43.8,28.4041173077425,0,-3,0,25,-25,43.7697827277221,-28.4041173077425,25,25,surface_ship_low_speed,0.06,0.109544511501033,0,0,251295.40625,0.473809841274867,0.133535141397268,0,-0.956363333481521,-0.349018350809386,251295.057231649
43.9,28.6099442447552,0,-3,0,25,-25,43.9036320785422,-28.6099442447552,25,25,surface_ship_low_speed,0.06,0.109544511501033,0,0,251295.40625,0.488335780422445,0.146901392959957,0,-0.941952335922781,-0.306715162540379,251295.099534837
44,28.8157711817678,0,-3,0,25,-25,44.0380366138183,-28.8157711817678,25,25,surface_ship_low_speed,0.06,0.109544511501033,0,0,251295.40625,0.502458811298424,0.159997664711659,0,-0.927632992715588,-0.265176516705505,251295.141073483
44.1,29.0215981187804,0,-3,0,25,-25,44.172991265795,-29.0215981187804,25,25,surface_ship_low_speed,0.06,0.109544511501033,0,0,251295.40625,0.516184982915135,0.172826382514631,0,-0.913406305863291,-0.224394940433525,251295.18185506
44.2,29.2274250557931,0,-3,0,25,-25,44.3084910078418,-29.2274250557931,25,25,surface_ship_low_speed,0.06,0.109544511501033,0,0,251295.40625,0.529520357298271,0.185390027286646,0,-0.899273232598984,-0.184362848014067,251295.221887152
44.3,29.4332519928057,0,-3,0,25,-25,44.4445308544482,-29.4332519928057,25,25,surface_ship_low_speed,0.06,0.109544511501033,0,0,251295.40625,0.542471004320464,0.197691131479755,0,-0.885234685978462,-0.145072550178244,251295.26117745
44.4,29.6390789298183,0,-3,0,25,-25,44.5811058612054,-29.6390789298183,25,25,surface_ship_low_speed,0.06,0.109544511501033,0,0,251295.40625,0.555042996758567,0.209732275649866,0,-0.871291535483186,-0.106516263074753,251295.299733737
44.5,29.8449058668309,0,-3,0,25,-25,44.7182111247756,-29.8449058668309,25,25,surface_ship_low_speed,0.06,0.109544511501033,0,0,251295.40625,0.56724240556994,0.221516085117128,0,-0.857444607632546,-0.0686861169454788,251295.337563883
44.6,30.0507328038436,0,-3,0,25,-25,44.8558417828492,-30.0507328038436,25,25,surface_ship_low_speed,0.06,0.109544511501033,0,0,251295.40625,0.579075295382984,0.233045226717029,0,-0.843694686604678,-0.0315741645046661,251295.374675835
44.7,30.2565597408562,0,-3,0,25,-25,44.9939930140902,-30.2565597408562,25,25,surface_ship_low_speed,0.06,0.109544511501033,0,0,251295.40625,0.590547720197024,0.244322405641955,0,-0.830042514865143,0.00482761097383577,251295.411077611
44.8,30.4623866778688,0,-3,0,25,-25,45.13266003807,-30.4623866778688,25,25,surface_ship_low_speed,0.06,0.109544511501033,0,0,251295.40625,0.601665719286619,0.255350362372858,0,-0.816488793802776,0.0405272878567009,251295.446777288
44.9,30.6682136148814,0,-3,0,25,-25,45.2718381151903,-30.6682136148814,25,25,surface_ship_low_speed,0.06,0.109544511501033,0,0,251295.40625,0.612435313305241,0.266131869700536,0,-0.803034184372043,0.075532998633734,251295.481782999
45,30.8740405518941,0,-3,0,25,-25,45.411522546596,-30.8740405518941,25,25,surface_ship_low_speed,0.06,0.109544511501033,0,0,251295.40625,0.622862500583327,0.276669729835962,0,-0.789679307741233,0.109852922678056,251295.516102923
45.1,31.0798674889067,0,-3,0,25,-25,45.5517086740772,-31.0798674889067,25,25,surface_ship_low_speed,0.06,0.109544511501033,0,0,251295.40625,0.63295325361557,0.286966771608984,0,-0.776424745945856,0.143495279278698,251295.549745279
45.2,31.2856944259193,0,-3,0,25,-25,45.6923918799618,-31.2856944259193,25,25,surface_ship_low_speed,0.06,0.109544511501033,0,0,251295.40625,0.642713515732361,0.297025847754597,0,-0.763271042546609,0.176468320940349,251295.582718321
45.3,31.491521362932,0,-3,0,25,-25,45.8335675869989,-31.491521362932,25,25,surface_ship_low_speed,0.06,0.109544511501033,0,0,251295.40625,0.652149197950252,0.306849832285959,0,-0.750218703291326,0.208780326944885,251295.615030327
45.4,31.6973482999446,0,-3,0,25,-25,45.9752312582329,-31.6973482999446,25,25,surface_ship_low_speed,0.06,0.109544511501033,0,0,251295.40625,0.661266175996334,0.316441617953183,0,-0.737268196780281,0.240439597169236,251295.646689597
45.5,31.9031752369572,0,-3,0,25,-25,46.117378396869,-31.9031752369572,25,25,surface_ship_low_speed,0.06,0.109544511501033,0,0,251295.40625,0.670070287501418,0.325804113786909,0,-0.724419955134313,0.271454446154015,251295.677704446
45.6,32.1090021739698,0,-3,0,25,-25,46.2600045461303,-32.1090021739698,25,25,surface_ship_low_speed,0.06,0.109544511501033,0,0,251295.40625,0.678567329356938,0.334940242725573,0,-0.711674374665175,0.301833197417336,251295.708083197
45.7,32.3148291109825,0,-3,0,25,-25,46.4031052891075,-32.3148291109825,25,25,surface_ship_low_speed,0.06,0.109544511501033,0,0,251295.40625,0.686763055230514,0.343852939325211,0,-0.699031816547584,0.331584178008141,251295.737834178
45.8,32.5206560479951,0,-3,0,25,-25,46.5466762486002,-32.5206560479951,25,25,surface_ship_low_speed,0.06,0.109544511501033,0,0,251295.40625,0.694663173235172,0.352545147550624,0,-0.686492607492443,0.360715713293353,251295.766965713
45.9,32.7264829850077,0,-3,0,25,-25,46.6907130869512,-32.7264829850077,25,25,surface_ship_low_speed,0.06,0.109544511501033,0,0,251295.40625,0.702273343747246,0.361019818646626,0,-0.674057040420716,0.389236121973156,251295.795486122
46,32.9323099220204,0,-3,0,25,-25,46.8352115058745,-32.9323099220204,25,25,surface_ship_low_speed,0.06,0.109544511501033,0,0,251295.40625,0.709599177368023,0.369279909088089,0,-0.661725375137479,0.417153711318633,251295.823403711
46.1,33.138136859033,0,-3,0,25,-25,46.9801672462753,-33.138136859033,25,25,surface_ship_low_speed,0.06,0.109544511501033,0,0,251295.40625,0.716646233024303,0.377328378607435,0,-0.649497839005648,0.44447677262609,251295.850726773
46.2,33.3439637960456,0,-3,0,25,-25,47.125576088065,-33.3439637960456,25,25,surface_ship_low_speed,0.06,0.109544511501033,0,0,251295.40625,0.723420016203047,0.385168188298202,0,-0.637374627618941,0.471213576882308,251295.877463577
46.3,33.5497907330582,0,-3,0,25,-25,47.271433849969,-33.5497907330582,25,25,surface_ship_low_speed,0.06,0.109544511501033,0,0,251295.40625,0.729925977315395,0.392802298793262,0,-0.62535590547362,0.497372370635036,251295.903622371
46.4,33.7556176700709,0,-3,0,25,-25,47.4177363893301,-33.7556176700709,25,25,surface_ship_low_speed,0.06,0.109544511501033,0,0,251295.40625,0.736169510185405,0.400233668516257,0,-0.613441806638585,0.522961372063077,251295.929211372
46.5,33.9614446070835,0,-3,0,25,-25,47.5644796019046,-33.9614446070835,25,25,surface_ship_low_speed,0.06,0.109544511501033,0,0,251295.40625,0.742155950658908,0.407465252004783,0,-0.601632435423409,0.547988767240282,251295.954238767
46.6,34.1672715440961,0,-3,0,25,-25,47.711659421655,-34.1672715440961,25,25,surface_ship_low_speed,0.06,0.109544511501033,0,0,251295.40625,0.747890575328021,0.414499998303828,0,-0.589927867043915,0.572462706587933,251295.978712707
46.7,34.3730984811087,0,-3,0,25,-25,47.8592718205365,-34.3730984811087,25,25,surface_ship_low_speed,0.06,0.109544511501033,0,0,251295.40625,0.753378600366854,0.421340849427965,0,-0.578328148284914,0.596391301509905,251296.002641302
46.8,34.5789254181214,0,-3,0,25,-25,48.0073128082795,-34.5789254181214,25,25,surface_ship_low_speed,0.06,0.109544511501033,0,0,251295.40625,0.758625180474131,0.427990738890784,0,-0.566833298159738,0.619782621205177,251296.026032621
46.9,34.784752355134,0,-3,0,25,-25,48.1557784321674,-34.784752355134,25,25,surface_ship_low_speed,0.06,0.109544511501033,0,0,251295.40625,0.763635407918458,0.434452590300016,0,-0.555443308566212,0.642644689652262,251296.04889469
47,34.9905792921466,0,-3,0,25,-25,48.3046647768101,-34.9905792921466,25,25,surface_ship_low_speed,0.06,0.109544511501033,0,0,251295.40625,0.768414311682092,0.440729316016823,0,-0.544158144938747,0.664985482760167,251296.071235483
47.1,35.1964062291593,0,-3,0,25,-25,48.453967963914,-35.1964062291593,25,25,surface_ship_low_speed,0.06,0.109544511501033,0,0,251295.40625,0.772966856699173,0.446823815877709,0,-0.532977746896202,0.686812925680679,251296.093062926
47.2,35.4022331661719,0,-3,0,25,-25,48.6036841520476,-35.4022331661719,25,25,surface_ship_low_speed,0.06,0.109544511501033,0,0,251295.40625,0.777297943184443,0.452738975977499,0,-0.521902028885238,0.708134890276704,251296.11438489
47.3,35.6080601031845,0,-3,0,25,-25,48.7538095364044,-35.6080601031845,25,25,surface_ship_low_speed,0.06,0.109544511501033,0,0,251295.40625,0.781412406048602,0.458477667511845,0,-0.510930880818857,0.72895919274159,251296.135209193
47.4,35.8138870401971,0,-3,0,25,-25,48.9043403485621,-35.8138870401971,25,25,surface_ship_low_speed,0.06,0.109544511501033,0,0,251295.40625,0.785315014396519,0.464042745677719,0,-0.500064168709848,0.749293591364389,251296.155543591
47.5,36.0197139772098,0,-3,0,25,-25,49.0552728562384,-36.0197139772098,25,25,surface_ship_low_speed,0.06,0.109544511501033,0,0,251295.40625,0.78901047110463,0.469437048630342,0,-0.489301735298881,0.76914578443609,251296.175395784
47.6,36.2255409142224,0,-3,0,25,-25,49.2066033630447,-36.2255409142224,25,25,surface_ship_low_speed,0.06,0.109544511501033,0,0,251295.40625,0.792503412473976,0.474663396495031,0,-0.478643400677003,0.788523408292004,251296.194773408
47.7,36.431367851235,0,-3,0,25,-25,49.3583282082366,-36.431367851235,25,25,surface_ship_low_speed,0.06,0.109544511501033,0,0,251295.40625,0.795798407955353,0.479724590432439,0,-0.468088962902281,0.807434035485511,251296.213684035
47.8,36.6371947882476,0,-3,0,25,-25,49.510443766462,-36.6371947882476,25,25,surface_ship_low_speed,0.06,0.109544511501033,0,0,251295.40625,0.798899959943251,0.484623411755669,0,-0.457638198610384,0.825885173088536,251296.232135173
47.9,36.8430217252603,0,-3,0,25,-25,49.6629464475075,-36.8430217252603,25,25,surface_ship_low_speed,0.06,0.109544511501033,0,0,251295.40625,0.801812503635249,0.489362621097768,0,-0.447290863618888,0.843884261114128,251296.250134261
48,37.0488486622729,0,-3,0,25,-25,49.8158326960415,-37.0488486622729,25,25,surface_ship_low_speed,0.06,0.109544511501033,0,0,251295.40625,0.804540406953728,0.493944957628124,0,-0.437046693525115,0.861438671056736,251296.267688671
48.1,37.2546755992855,0,-3,0,25,-25,49.9690989913567,-37.2546755992855,25,25,surface_ship_low_speed,0.06,0.109544511501033,0,0,251295.40625,0.807087970526766,0.498373138316279,0,-0.426905404297293,0.878555704545753,251296.284805705
48.2,37.4605025362982,0,-3,0,25,-25,50.1227418471097,-37.4605025362982,25,25,surface_ship_low_speed,0.06,0.109544511501033,0,0,251295.40625,0.809459427725268,0.502649857241727,0,-0.416866692858891,0.895242592108104,251296.301492592
48.3,37.6663294733108,0,-3,0,25,-25,50.2767578110602,-37.6663294733108,25,25,surface_ship_low_speed,0.06,0.109544511501033,0,0,251295.40625,0.811658944753372,0.50677778494824,0,-0.406930237665962,0.91150649203565,251296.317756492
48.4,37.8721564103234,0,-3,0,25,-25,50.4311434648075,-37.8721564103234,25,25,surface_ship_low_speed,0.06,0.109544511501033,0,0,251295.40625,0.813690620789389,0.51075956784133,0,-0.397095699277317,0.927354489353403,251296.333604489
48.5,38.077983347336,0,-3,0,25,-25,50.5858954235269,-38.077983347336,25,25,surface_ship_low_speed,0.06,0.109544511501033,0,0,251295.40625,0.815558488174499,0.514597827627437,0,-0.38736272091743,0.942793594884505,251296.349043595
48.6,38.2838102843487,0,-3,0,25,-25,50.7410103357038,-38.2838102843487,25,25,surface_ship_low_speed,0.06,0.109544511501033,0,0,251295.40625,0.817266512646617,0.518295160793467,0,-0.377730929031913,0.957830744408171,251296.364080744
48.7,38.4896372213613,0,-3,0,25,-25,50.8964848828679,-38.4896372213613,25,25,surface_ship_low_speed,0.06,0.109544511501033,0,0,251295.40625,0.818818593616881,0.521854138125355,0,-0.368199933835457,0.972472797906779,251296.378722798
48.8,38.6954641583739,0,-3,0,25,-25,51.0523157793258,-38.6954641583739,25,25,surface_ship_low_speed,0.06,0.109544511501033,0,0,251295.40625,0.820218564486303,0.525277304264281,0,-0.358769329852124,0.986726538898461,251296.392976539
48.9,38.9012910953865,0,-3,0,25,-25,51.2084997718933,-38.9012910953865,25,25,surface_ship_low_speed,0.06,0.109544511501033,0,0,251295.40625,0.821470193000238,0.528567177299275,0,-0.3494386964479,1.00059867385161,251296.406848674
49,39.1071180323992,0,-3,0,25,-25,51.3650336396269,-39.1071180323992,25,25,surface_ship_low_speed,0.06,0.109544511501033,0,0,251295.40625,0.822577181638373,0.531726248394903,0,-0.340207598355414,1.01409583167786,251296.420345832
49.1,39.3129449694118,0,-3,0,25,-25,51.5219141935546,-39.3129449694118,25,25,surface_ship_low_speed,0.06,0.109544511501033,0,0,251295.40625,0.82354316803805,0.534756981452792,0,-0.331075586190748,1.02722456330009,251296.433474563
49.2,39.5187719064244,0,-3,0,25,-25,51.6791382764071,-39.5187719064244,25,25,surface_ship_low_speed,0.06,0.109544511501033,0,0,251295.40625,0.824371725448821,0.53766181280575,0,-0.322042196962247,1.03999134129232,251296.446241341
49.3,39.724598843437,0,-3,0,25,-25,51.8367027623478,-39.724598843437,25,25,surface_ship_low_speed,0.06,0.109544511501033,0,0,251295.40625,0.825066363216172,0.540443150943285,0,-0.313106954571317,1.05240255958814,251296.45865256
49.4,39.9304257804497,0,-3,0,25,-25,51.9946045567038,-39.9304257804497,25,25,surface_ship_low_speed,0.06,0.109544511501033,0,0,251295.40625,0.825630527292479,0.543103376267334,0,-0.304269370305092,1.06446453325472,251296.470714533
49.5,40.1362527174623,0,-3,0,25,-25,52.1528405956953,-40.1362527174623,25,25,surface_ship_low_speed,0.06,0.109544511501033,0,0,251295.40625,0.826067600773312,0.545644840877049,0,-0.295528943320988,1.07618349832937,251296.482433498
49.6,40.3420796544749,0,-3,0,25,-25,52.3114078461668,-40.3420796544749,25,25,surface_ship_low_speed,0.06,0.109544511501033,0,0,251295.40625,0.826380904457275,0.548069868381508,0,-0.286885161123061,1.08756561171572,251296.493815612
49.7,40.5479065914876,0,-3,0,25,-25,52.4703033053174,-40.5479065914876,25,25,surface_ship_low_speed,0.06,0.109544511501033,0,0,251295.40625,0.826573697427651,0.550380753739256,0,-0.278337500030166,1.09861695113674,251296.504866951
49.8,40.7537335285002,0,-3,0,25,-25,52.6295240004315,-40.7537335285002,25,25,surface_ship_low_speed,0.06,0.109544511501033,0,0,251295.40625,0.826649177654179,0.552579763123583,0,-0.26988542563588,1.10934351514188,251296.515593515
49.9,40.9595604655128,0,-3,0,25,-25,52.7890669886104,-40.9595604655128,25,25,surface_ship_low_speed,0.06,0.109544511501033,0,0,251295.40625,0.826610482613388,0.5546691338125,0,-0.261528393260192,1.1197512231657,251296.526001223
50,41.1653874025254,0,-3,0,25,-25,52.9489293565035,-41.1653874025254,25,25,surface_ship_low_speed,0.06,0.109544511501033,0,0,251295.40625,0.826460689925932,0.556651074102382,0,-0.253265848392933,1.12984591563538,251296.536095916
50.1,41.3712143395381,0,-3,0,25,-25,53.1091082200408,-41.3712143395381,25,25,surface_ship_low_speed,0.06,0.109544511501033,0,0,251295.40625,0.826202818009479,0.558527763244277,0,-0.245097227128956,1.1396333541248,251296.545883354
50.2,41.5770412765507,0,-3,0,25,-25,53.2696007241654,-41.5770412765507,25,25,surface_ship_low_speed,0.06,0.109544511501033,0,0,251295.40625,0.825839826745754,0.560301351401914,0,-0.237021956595075,1.14911922155259,251296.555369222
50.3,41.7828682135633,0,-3,0,25,-25,53.4304040425674,-41.7828682135633,25,25,surface_ship_low_speed,0.06,0.109544511501033,0,0,251295.40625,0.825374618160382,0.56197395963045,0,-0.229039455368755,1.15830912242208,251296.564559122
50.4,41.9886951505759,0,-3,0,25,-25,53.5915153774177,-41.9886951505759,25,25,surface_ship_low_speed,0.06,0.109544511501033,0,0,251295.40625,0.824810037114274,0.563547679875053,0,-0.221149133888599,1.16720858310073,251296.573458583
50.5,42.1945220875886,0,-3,0,25,-25,53.7529319591034,-42.1945220875886,25,25,surface_ship_low_speed,0.06,0.109544511501033,0,0,251295.40625,0.824148872005307,0.565024574988397,0,-0.213350394856627,1.17582305213708,251296.582073052
50.6,42.4003490246012,0,-3,0,25,-25,53.9146510459634,-42.4003490246012,25,25,surface_ship_low_speed,0.06,0.109544511501033,0,0,251295.40625,0.823393855479151,0.566406678766218,0,-0.205642633632398,1.18415790061297,251296.590407901
50.7,42.6061759616138,0,-3,0,25,-25,54.0766699240255,-42.6061759616138,25,25,surface_ship_low_speed,0.06,0.109544511501033,0,0,251295.40625,0.822547665148127,0.567695996000085,0,-0.198025238618983,1.19221842252923,251296.598468423
50.8,42.8120028986265,0,-3,0,25,-25,54.2389859067442,-42.8120028986265,25,25,surface_ship_low_speed,0.06,0.109544511501033,0,0,251295.40625,0.821612924317029,0.568894502546543,0,-0.19049759164086,1.20000983522271,251296.606259835
50.9,43.0178298356391,0,-3,0,25,-25,54.40159633474,-43.0178298356391,25,25,surface_ship_low_speed,0.06,0.109544511501033,0,0,251295.40625,0.820592202714906,0.570004145411848,0,-0.183059068313735,1.20753727981302,251296.61378728
51,43.2236567726517,0,-3,0,25,-25,54.564498575539,-43.2236567726517,25,25,surface_ship_low_speed,0.06,0.109544511501033,0,0,251295.40625,0.819488017231855,0.571026842851521,0,-0.175709038406377,1.214805821677,251296.621055822
51.1,43.4294837096643,0,-3,0,25,-25,54.7276900233145,-43.4294837096643,25,25,surface_ship_low_speed,0.06,0.109544511501033,0,0,251295.40625,0.818302832659881,0.571964484483954,0,-0.16844686619448,1.22182045094936,251296.628070451
51.2,43.635310646677,0,-3,0,25,-25,54.8911680986295,-43.635310646677,25,25,surface_ship_low_speed,0.06,0.109544511501033,0,0,251295.40625,0.817039062437003,0.572818931417353,0,-0.161271910806633,1.22858608304772,251296.634836083
51.3,43.8411375836896,0,-3,0,25,-25,55.0549302481803,-43.8411375836896,25,25,surface_ship_low_speed,0.06,0.109544511501033,0,0,251295.40625,0.815699069393737,0.573592016389317,0,-0.154183526562451,1.2351075592206,251296.641357559
51.4,44.0469645207022,0,-3,0,25,-25,55.2189739445419,-44.0469645207022,25,25,surface_ship_low_speed,0.06,0.109544511501033,0,0,251295.40625,0.814285166501215,0.574285543918358,0,-0.147181063302917,1.24138964711666,251296.647639647
51.5,44.2527914577148,0,-3,0,25,-25,55.3832966859142,-44.2527914577148,25,25,surface_ship_low_speed,0.06,0.109544511501033,0,0,251295.40625,0.812799617620174,0.57490129046671,0,-0.140263866713026,1.24743704137386,251296.653687041
51.6,44.4586183947275,0,-3,0,25,-25,55.5478959958701,-44.4586183947275,25,25,surface_ship_low_speed,0.06,0.109544511501033,0,0,251295.40625,0.811244638250136,0.575441004613795,0,-0.13343127863677,1.25325436422716,251296.659504364
51.7,44.6644453317401,0,-3,0,25,-25,55.7127694231044,-44.6644453317401,25,25,surface_ship_low_speed,0.06,0.109544511501033,0,0,251295.40625,0.8096223962781,0.575906407239713,0,-0.126682637384566,1.25884616613325,251296.665096166
51.8,44.8702722687527,0,-3,0,25,-25,55.8779145411852,-44.8702722687527,25,25,surface_ship_low_speed,0.06,0.109544511501033,0,0,251295.40625,0.807935012726142,0.576299191718176,0,-0.120017278033177,1.26421692641114,251296.670466926
51.9,45.0760992057654,0,-3,0,25,-25,56.0433289483057,-45.0760992057654,25,25,surface_ship_low_speed,0.06,0.109544511501033,0,0,251295.40625,0.806184562497322,0.576621024118303,0,-0.113434532718215,1.26937105389741,251296.675621054
52,45.281926142778,0,-3,0,25,-25,56.2090102670382,-45.281926142778,25,25,surface_ship_low_speed,0.06,0.109544511501033,0,0,251295.40625,0.804373075119337,0.576873543414718,0,-0.10693373091931,1.27431288761475,251296.680562888
52.1,45.4877530797906,0,-3,0,25,-25,56.3749561440894,-45.4877530797906,25,25,surface_ship_low_speed,0.06,0.109544511501033,0,0,251295.40625,0.802502535485427,0.577058361705426,0,-0.10051419973802,1.27904669745283,251296.685296697
52.2,45.6935800168032,0,-3,0,25,-25,56.5411642500577,-45.6935800168032,25,25,surface_ship_low_speed,0.06,0.109544511501033,0,0,251295.40625,0.800574884592005,0.577177064436938,0,-0.0941752641685649,1.28357668486038,251296.689826685
52.3,45.8994069538159,0,-3,0,25,-25,56.7076322791915,-45.8994069538159,25,25,surface_ship_low_speed,0.06,0.109544511501033,0,0,251295.40625,0.798592020272586,0.577231210636152,0,-0.0879162473614791,1.28790698354726,251296.694156984
52.4,46.1052338908285,0,-3,0,25,-25,56.8743579491496,-46.1052338908285,25,25,surface_ship_low_speed,0.06,0.109544511501033,0,0,251295.40625,0.796555797927561,0.577222333148519,0,-0.0817364708802626,1.29204166019582,251296.69829166
52.5,46.3110608278411,0,-3,0,25,-25,57.0413390007633,-46.3110608278411,25,25,surface_ship_low_speed,0.06,0.109544511501033,0,0,251295.40625,0.794468031249426,0.577151938882015,0,-0.075635254951126,1.29598471518031,251296.702234715
52.6,46.5168877648538,0,-3,0,25,-25,57.2085731977997,-46.5168877648538,25,25,surface_ship_low_speed,0.06,0.109544511501033,0,0,251295.40625,0.792330492943083,0.57702150905649,0,-0.0696119187059159,1.29974008329366,251296.705990083
52.7,46.7227147018664,0,-3,0,25,-25,57.3760583267272,-46.7227147018664,25,25,surface_ship_low_speed,0.06,0.109544511501033,0,0,251295.40625,0.790144915440861,0.576832499457959,0,-0.0636657804183195,1.3033116344805,251296.709561634
52.8,46.928541638879,0,-3,0,25,-25,57.5437921964828,-46.928541638879,25,25,surface_ship_low_speed,0.06,0.109544511501033,0,0,251295.40625,0.787912991611943,0.576586340697433,0,-0.0577961577334355,1.30670317457594,251296.712953175
52.9,47.1343685758916,0,-3,0,25,-25,57.7117726382408,-47.1343685758916,25,25,surface_ship_low_speed,0.06,0.109544511501033,0,0,251295.40625,0.785636375465874,0.576284438473874,0,-0.0520023678908114,1.30991844604894,251296.716168446
53,47.3401955129043,0,-3,0,25,-25,57.8799975051831,-47.3401955129043,25,25,surface_ship_low_speed,0.06,0.109544511501033,0,0,251295.40625,0.783316682849892,0.575928173840928,0,-0.0462837279410375,1.31296112874978,251296.719211129
53.1,47.5460224499169,0,-3,0,25,-25,58.0484646722719,-47.5460224499169,25,25,surface_ship_low_speed,0.06,0.109544511501033,0,0,251295.40625,0.780955492139813,0.575518903477044,0,-0.0406395549560075,1.31583484066085,251296.722084841
53.2,47.7518493869295,0,-3,0,25,-25,58.2171720360239,-47.7518493869295,25,25,surface_ship_low_speed,0.06,0.109544511501033,0,0,251295.40625,0.778554344924222,0.575057959958643,0,-0.0350691662329206,1.31854313864994,251296.724793139
53.3,47.9576763239421,0,-3,0,25,-25,58.3861175142859,-47.9576763239421,25,25,surface_ship_low_speed,0.06,0.109544511501033,0,0,251295.40625,0.776114746681771,0.574546652036003,0,-0.0295718794921498,1.32108951922562,251296.727339519
53.4,48.1635032609548,0,-3,0,25,-25,58.5552990460129,-48.1635032609548,25,25,surface_ship_low_speed,0.06,0.109544511501033,0,0,251295.40625,0.773638167451367,0.573986264911537,0,-0.0241470130690531,1.32347741929385,251296.729727419
53.5,48.3693301979674,0,-3,0,25,-25,58.7247145910476,-48.3693301979674,25,25,surface_ship_low_speed,0.06,0.109544511501033,0,0,251295.40625,0.771126042495079,0.573378060520156,0,-0.0187938860998398,1.3257102169154,251296.731960217
53.6,48.57515713498,0,-3,0,25,-25,58.8943621299017,-48.57515713498,25,25,surface_ship_low_speed,0.06,0.109544511501033,0,0,251295.40625,0.76857977295358,0.57272327781143,0,-0.0135118187015857,1.32779123206342,251296.734041232
53.7,48.7809840719927,0,-3,0,25,-25,59.0642396635392,-48.7809840719927,25,25,surface_ship_low_speed,0.06,0.109544511501033,0,0,251295.40625,0.766000726494,0.572023133033258,0,-0.00830013214650027,1.32972372738076,251296.735973727
53.8,48.9868110090053,0,-3,0,25,-25,59.2343452131616,-48.9868110090053,25,25,surface_ship_low_speed,0.06,0.109544511501033,0,0,251295.40625,0.763390237950043,0.571278820016788,0,-0.00315814903054279,1.33151090893629,251296.737760909
53.9,49.1926379460179,0,-3,0,25,-25,59.4046768199946,-49.1926379460179,25,25,surface_ship_low_speed,0.06,0.109544511501033,0,0,251295.40625,0.760749609954232,0.570491510462326,0,0.00191480656350995,1.33315592698007,251296.739405927
54,49.3984648830305,0,-3,0,25,-25,59.575232545077,-49.3984648830305,25,25,surface_ship_low_speed,0.06,0.109544511501033,0,0,251295.40625,0.758080113562214,0.569662354225981,0,0.00691940890844978,1.33466187669665,251296.740911877
54.1,49.6042918200432,0,-3,0,25,-25,59.7460104690514,-49.6042918200432,25,25,surface_ship_low_speed,0.06,0.109544511501033,0,0,251295.40625,0.755382988868999,0.568792479606844,0,0.0118563304803679,1.33603179895621,251296.742281799
54.2,49.8101187570558,0,-3,0,25,-25,59.9170086919566,-49.8101187570558,25,25,surface_ship_low_speed,0.06,0.109544511501033,0,0,251295.40625,0.752659445617066,0.567882993634431,0,0.0167262418116433,1.33726868106314,251296.743518681
54.3,50.0159456940684,0,-3,0,25,-25,60.0882253330218,-50.0159456940684,25,25,surface_ship_low_speed,0.06,0.109544511501033,0,0,251295.40625,0.749910663796275,0.566934982356226,0,0.0215298113490714,1.33837545750157,251296.744625458
54.4,50.221772631081,0,-3,0,25,-25,60.259658530463,-50.221772631081,25,25,surface_ship_low_speed,0.06,0.109544511501033,0,0,251295.40625,0.747137794235513,0.565949511125092,0,0.0262677053170598,1.33935501067766,251296.745605011
54.5,50.4275995680937,0,-3,0,25,-25,60.4313064412809,-50.4275995680937,25,25,surface_ship_low_speed,0.06,0.109544511501033,0,0,251295.40625,0.744341959186043,0.564927624886376,0,0.0309405875857642,1.34021017165818,251296.746460172
54.6,50.6334265051063,0,-3,0,25,-25,60.6031672410609,-50.6334265051063,25,25,surface_ship_low_speed,0.06,0.109544511501033,0,0,251295.40625,0.741524252896515,0.563870348464509,0,0.0355491195440886,1.34094372090511,251296.747193721
54.7,50.8392534421189,0,-3,0,25,-25,60.7752391237747,-50.8392534421189,25,25,surface_ship_low_speed,0.06,0.109544511501033,0,0,251295.40625,0.738685742179601,0.562778686848955,0,0.0400939599774395,1.341558389006,251296.747808389
54.8,51.0450803791315,0,-3,0,25,-25,60.947520301584,-51.0450803791315,25,25,surface_ship_low_speed,0.06,0.109544511501033,0,0,251295.40625,0.735827466970263,0.561653625479314,0,0.0445757649501412,1.34205685739972,251296.748306857
54.9,51.2509073161442,0,-3,0,25,-25,61.1200090046459,-51.2509073161442,25,25,surface_ship_low_speed,0.06,0.109544511501033,0,0,251295.40625,0.73295044087562,0.560496130529454,0,0.0489951876924158,1.34244175909749,251296.748691759
55,51.4567342531568,0,-3,0,25,-25,61.2927034809201,-51.4567342531568,25,25,surface_ship_low_speed,0.06,0.109544511501033,0,0,251295.40625,0.730055651716428,0.559307149190505,0,0.0533528784918339,1.34271567939877,251296.748965679
55.1,51.6625611901694,0,-3,0,25,-25,61.4656019959782,-51.6625611901694,25,25,surface_ship_low_speed,0.06,0.109544511501033,0,0,251295.40625,0.727144062060179,0.558087609952586,0,0.0576494845891342,1.3428811566019,251296.749131157
55.2,51.8683881271821,0,-3,0,25,-25,61.6387028328144,-51.8683881271821,25,25,surface_ship_low_speed,0.06,0.109544511501033,0,0,251295.40625,0.724216609745824,0.556838422885136,0,0.0618856500783279,1.34294068270929,251296.749190683
55.3,52.0742150641947,0,-3,0,25,-25,61.8120042916584,-52.0742150641947,25,25,surface_ship_low_speed,0.06,0.109544511501033,0,0,251295.40625,0.721274208400155,0.555560479915716,0,0.0660620158109826,1.34289670412685,251296.749146704
55.4,52.2800420012073,0,-3,0,25,-25,61.9855046897902,-52.2800420012073,25,25,surface_ship_low_speed,0.06,0.109544511501033,0,0,251295.40625,0.718317747945862,0.554254655107183,0,0.0701792193046056,1.34275162235765,251296.749001622
55.5,52.4858689382199,0,-3,0,25,-25,62.159202361356,-52.4858689382199,25,25,surface_ship_low_speed,0.06,0.109544511501033,0,0,251295.40625,0.715348095101306,0.552921804933105,0,0.0742378946550266,1.34250779468944,251296.748757795
55.6,52.6916958752326,0,-3,0,25,-25,62.3330956571868,-52.6916958752326,25,25,surface_ship_low_speed,0.06,0.109544511501033,0,0,251295.40625,0.712366093872041,0.551562768551339,0,0.0782386724526847,1.34216753487606,251296.748417535
55.7,52.8975228122452,0,-3,0,25,-25,62.5071829446185,-52.8975228122452,25,25,surface_ship_low_speed,0.06,0.109544511501033,0,0,251295.40625,0.709372566034139,0.550178368075658,0,0.0821821797027462,1.34173311381254,251296.747983114
55.8,53.1033497492578,0,-3,0,25,-25,62.6814626073132,-53.1033497492578,25,25,surface_ship_low_speed,0.06,0.109544511501033,0,0,251295.40625,0.706368311609344,0.548769408845347,0,0.0860690397489489,1.34120676020364,251296.74745676
55.9,53.3091766862704,0,-3,0,25,-25,62.8559330450833,-53.3091766862704,25,25,surface_ship_low_speed,0.06,0.109544511501033,0,0,251295.40625,0.703354109332145,0.547336679692677,0,0.0898998722010905,1.34059066122591,251296.746840661
56,53.5150036232831,0,-3,0,25,-25,63.0305926737168,-53.5150036232831,25,25,surface_ship_low_speed,0.06,0.109544511501033,0,0,251295.40625,0.700330717108792,0.545880953208187,0,0.0936752928660697,1.33988696318305,251296.746136963
56.1,53.7208305602957,0,-3,0,25,-25,63.2054399248039,-53.7208305602957,25,25,surface_ship_low_speed,0.06,0.109544511501033,0,0,251295.40625,0.697298872468331,0.5444029860037,0,0.0973959136824113,1.33909777215444,251296.745347772
56.2,53.9266574973083,0,-3,0,25,-25,63.3804732455667,-53.9266574973083,25,25,surface_ship_low_speed,0.06,0.109544511501033,0,0,251295.40625,0.694259293005728,0.542903518973,0,0.10106234265816,1.33822515463689,251296.744475155
56.3,54.132484434321,0,-3,0,25,-25,63.5556910986892,-54.132484434321,25,25,surface_ship_low_speed,0.06,0.109544511501033,0,0,251295.40625,0.691212676817138,0.541383277550114,0,0.104675183812094,1.33727113817935,251296.743521138
56.4,54.3383113713336,0,-3,0,25,-25,63.7310919621498,-54.3383113713336,25,25,surface_ship_low_speed,0.06,0.109544511501033,0,0,251295.40625,0.688159702927402,0.539842971965137,0,0.108235037118146,1.33623771201068,251296.742487712
56.5,54.5441383083462,0,-3,0,25,-25,63.9066743290558,-54.5441383083462,25,25,surface_ship_low_speed,0.06,0.109544511501033,0,0,251295.40625,0.685101031709839,0.538283297497558,0,0.111742498452969,1.33512682766037,251296.741376828
56.6,54.7499652453588,0,-3,0,25,-25,64.0824367074786,-54.7499652453588,25,25,surface_ship_low_speed,0.06,0.109544511501033,0,0,251295.40625,0.682037305298417,0.536704934727017,0,0.115198159546559,1.33394039957199,251296.7401904
56.7,54.9557921823715,0,-3,0,25,-25,64.2583776202917,-54.9557921823715,25,25,surface_ship_low_speed,0.06,0.109544511501033,0,0,251295.40625,0.678969147992372,0.535108549781482,0,0.118602607935861,1.33268030570972,251296.738930306
56.8,55.1616191193841,0,-3,0,25,-25,64.4344956050096,-55.1616191193841,25,25,surface_ship_low_speed,0.06,0.109544511501033,0,0,251295.40625,0.675897166653366,0.533494794582768,0,0.121956426921271,1.3313483881574,251296.737598388
56.9,55.3674460563967,0,-3,0,25,-25,64.610789213629,-55.3674460563967,25,25,surface_ship_low_speed,0.06,0.109544511501033,0,0,251295.40625,0.672821951095271,0.531864307089394,0,0.125260195525959,1.32994645371063,251296.736196454
57,55.5732729934093,0,-3,0,25,-25,64.7872570124712,-55.5732729934093,25,25,surface_ship_low_speed,0.06,0.109544511501033,0,0,251295.40625,0.669744074466646,0.530217711536731,0,0.128514488457957,1.32847627446133,251296.734726274
57.1,55.779099930422,0,-3,0,25,-25,64.9638975820263,-55.779099930422,25,25,surface_ship_low_speed,0.06,0.109544511501033,0,0,251295.40625,0.666664093626017,0.528555618674412,0,0.131719876074905,1.32693958837533,251296.733189588
57.2,55.9849268674346,0,-3,0,25,-25,65.1407095167991,-55.9849268674346,25,25,surface_ship_low_speed,0.06,0.109544511501033,0,0,251295.40625,0.663582549510024,0.526878626000983,0,0.134876924351403,1.32533809986241,251296.7315881
57.3,56.1907538044472,0,-3,0,25,-25,65.3176914251568,-56.1907538044472,25,25,surface_ship_low_speed,0.06,0.109544511501033,0,0,251295.40625,0.660499967494562,0.525187317995772,0,0.137986194848899,1.32367348033923,251296.72992348
57.4,56.3965807414599,0,-3,0,25,-25,65.4948419291779,-56.3965807414599,25,25,surface_ship_low_speed,0.06,0.109544511501033,0,0,251295.40625,0.657416857748949,0.523482266347959,0,0.141048244688028,1.32194736878494,251296.728197369
57.5,56.6024076784725,0,-3,0,25,-25,65.6721596645032,-56.6024076784725,25,25,surface_ship_low_speed,0.06,0.109544511501033,0,0,251295.40625,0.654333715583274,0.521764030182819,0,0.144063626523341,1.32016137228943,251296.726411372
57.6,56.8082346154851,0,-3,0,25,-25,65.8496432801879,-56.8082346154851,25,25,surface_ship_low_speed,0.06,0.109544511501033,0,0,251295.40625,0.65125102178898,0.520033156285157,0,0.147032888520361,1.3183170665945,251296.724567067
57.7,57.0140615524977,0,-3,0,25,-25,66.0272914385559,-57.0140615524977,25,25,surface_ship_low_speed,0.06,0.109544511501033,0,0,251295.40625,0.648169242972779,0.518290179319872,0,0.149956574334881,1.31641599662753,251296.722665997
57.8,57.2198884895104,0,-3,0,25,-25,66.205102815055,-57.2198884895104,25,25,surface_ship_low_speed,0.06,0.109544511501033,0,0,251295.40625,0.645088831884006,0.516535622049701,0,0.15283522309446,1.31445967702817,251296.720709677
57.9,57.425715426523,0,-3,0,25,-25,66.383076098114,-57.425715426523,25,25,surface_ship_low_speed,0.06,0.109544511501033,0,0,251295.40625,0.64201022773549,0.514769995550093,0,0.155669369382034,1.31244959266762,251296.718699593
58,57.6315423635356,0,-3,0,25,-25,66.5612099890019,-57.6315423635356,25,25,surface_ship_low_speed,0.06,0.109544511501033,0,0,251295.40625,0.638933856518058,0.512993799421233,0,0.158459543221594,1.31038719916089,251296.716637199
58.1,57.8373693005482,0,-3,0,25,-25,66.7395032016871,-57.8373693005482,25,25,surface_ship_low_speed,0.06,0.109544511501033,0,0,251295.40625,0.635860131308739,0.511207521997207,0,0.161206270065847,1.30827392337179,251296.714523923
58.2,58.0431962375609,0,-3,0,25,-25,66.9179544627001,-58.0431962375609,25,25,surface_ship_low_speed,0.06,0.109544511501033,0,0,251295.40625,0.632789452572778,0.50941164055231,0,0.163910070785825,1.30611116391091,251296.712361164
58.3,58.2490231745735,0,-3,0,25,-25,67.096562510996,-58.2490231745735,25,25,surface_ship_low_speed,0.06,0.109544511501033,0,0,251295.40625,0.629722208459564,0.507606621504503,0,0.166571461662364,1.30390029162643,251296.710150292
58.4,58.4548501115861,0,-3,0,25,-25,67.2753260978198,-58.4548501115861,25,25,surface_ship_low_speed,0.06,0.109544511501033,0,0,251295.40625,0.626658775092541,0.505792920616021,0,0.169190954379401,1.30164265008796,251296.70789265
58.5,58.6606770485987,0,-3,0,25,-25,67.4542439865721,-58.6606770485987,25,25,surface_ship_low_speed,0.06,0.109544511501033,0,0,251295.40625,0.623599516853223,0.503970983191143,0,0.171769056019022,1.29933955606339,251296.705589556
58.6,58.8665039856114,0,-3,0,25,-25,67.633314952677,-58.8665039856114,25,25,surface_ship_low_speed,0.06,0.109544511501033,0,0,251295.40625,0.620544786659386,0.502141244271124,0,0.174306269058222,1.29699229998873,251296.7032423
58.7,59.072330922624,0,-3,0,25,-25,67.8125377834512,-59.072330922624,25,25,surface_ship_low_speed,0.06,0.109544511501033,0,0,251295.40625,0.617494926237545,0.50030412882631,0,0.176803091367306,1.29460214643116,251296.700852146
58.8,59.2781578596366,0,-3,0,25,-25,67.9919112779748,-59.2781578596366,25,25,surface_ship_low_speed,0.06,0.109544511501033,0,0,251295.40625,0.614450266389803,0.498460051945443,0,0.179260016209881,1.29217033454513,251296.698420335
58.9,59.4839847966493,0,-3,0,25,-25,68.171434246963,-59.4839847966493,25,25,surface_ship_low_speed,0.06,0.109544511501033,0,0,251295.40625,0.611411127255158,0.496609419022158,0,0.181677532244391,1.28969807852171,251296.695948079
59,59.6898117336619,0,-3,0,25,-25,68.3511055126397,-59.6898117336619,25,25,surface_ship_low_speed,0.06,0.109544511501033,0,0,251295.40625,0.608377818565388,0.494752625938714,0,0.184056123527136,1.28718656803124,251296.693436568
59.1,59.8956386706745,0,-3,0,25,-25,68.5309239086122,-59.8956386706745,25,25,surface_ship_low_speed,0.06,0.109544511501033,0,0,251295.40625,0.60535063989556,0.492890059246944,0,0.186396269516723,1.28463696865923,251296.690886969
59.2,60.1014656076872,0,-3,0,25,-25,68.7108882797479,-60.1014656076872,25,25,surface_ship_low_speed,0.06,0.109544511501033,0,0,251295.40625,0.602329880909304,0.491022096346458,0,0.188698445079912,1.28205042233567,251296.688300422
59.3,60.3072925446998,0,-3,0,25,-25,68.8909974820513,-60.3072925446998,25,25,surface_ship_low_speed,0.06,0.109544511501033,0,0,251295.40625,0.599315821598902,0.489149105660114,0,0.190963120498796,1.27942804775781,251296.685678048
59.4,60.5131194817124,0,-3,0,25,-25,69.0712503825434,-60.5131194817124,25,25,surface_ship_low_speed,0.06,0.109544511501033,0,0,251295.40625,0.596308732520309,0.487271446806771,0,0.193190761479263,1.27677094080634,251296.683020941
59.5,60.718946418725,0,-3,0,25,-25,69.2516458591419,-60.718946418725,25,25,surface_ship_low_speed,0.06,0.109544511501033,0,0,251295.40625,0.593308875023178,0.485389470771358,0,0.195381829160711,1.27408017495525,251296.680330175
59.6,60.9247733557376,0,-3,0,25,-25,69.4321828005429,-60.9247733557376,25,25,surface_ship_low_speed,0.06,0.109544511501033,0,0,251295.40625,0.59031650147599,0.483503520072255,0,0.19753678012696,1.27135680167521,251296.677606802
59.7,61.1306002927503,0,-3,0,25,-25,69.612860106104,-61.1306002927503,25,25,surface_ship_low_speed,0.06,0.109544511501033,0,0,251295.40625,0.587331855486368,0.481613928926032,0,0.199656066418305,1.26860185083071,251296.674851851
59.8,61.3364272297629,0,-3,0,25,-25,69.7936766857285,-61.3364272297629,25,25,surface_ship_low_speed,0.06,0.109544511501033,0,0,251295.40625,0.584355172116663,0.479721023409553,0,0.201740135544692,1.26581633107091,251296.672066331
59.9,61.5422541667755,0,-3,0,25,-25,69.9746314597512,-61.5422541667755,25,25,surface_ship_low_speed,0.06,0.109544511501033,0,0,251295.40625,0.581386678094896,0.477825121619481,0,0.203789430499958,1.26300123021433,251296.66925123
60,61.7480811037882,0,-3,0,25,-25,70.1557233588251,-61.7480811037882,25,25,surface_ship_low_speed,0.06,0.109544511501033,0,0,251295.40625,0.578426592021157,0.475926533829187,0,0.205804389777088,1.26015751562743,251296.666407516
