time_s,target_x_m,target_y_m,target_z_m,sensor_x_m,sensor_y_m,sensor_z_m,distance_m,longitudinal_offset_m,lateral_offset_m,observation_depth_m,regime,length_froude_number,depth_froude_number,wave_attenuation,transition_weight,hydrostatic_pressure_pa,body_dynamic_pressure_pa,free_surface_correction_pressure_pa,wave_pressure_pa,seabed_correction_pressure_pa,dynamic_pressure_pa,total_gauge_pressure_pa
0,-102.913468506314,0,-3,0,25,-25,108.167379555946,102.913468506314,25,25,surface_ship_transition,0.1,0.182574185835055,0,0.5,251295.40625,0.568035443620157,0.718549198451565,0.455935242275484,0.582719742036702,1.86930438410842,251297.275554384
0.1,-102.570423611293,0,-3,0,25,-25,107.841048769937,102.570423611293,25,25,surface_ship_transition,0.1,0.182574185835055,0,0.5,251295.40625,0.572631904527375,0.723082756918352,0.458472426939425,0.584552348702228,1.88026701014795,251297.28651701
0.2,-102.227378716272,0,-3,0,25,-25,107.514822044219,102.227378716272,25,25,surface_ship_transition,0.1,0.182574185835055,0,0.5,251295.40625,0.577274046017718,0.727653457261766,0.461028843483221,0.586384159578184,1.89131166285767,251297.297561663
0.3,-101.88433382125,0,-3,0,25,-25,107.188700328906,101.88433382125,25,25,surface_ship_transition,0.1,0.182574185835055,0,0.5,251295.40625,0.581962366577578,0.732261622652539,0.463604655790974,0.58821493424449,1.90243892347461,251297.308688923
0.4,-101.541288926229,0,-3,0,25,-25,106.862684585406,101.541288926229,25,25,surface_ship_transition,0.1,0.182574185835055,0,0.5,251295.40625,0.586697369658004,0.736907578058196,0.466200028833387,0.590044425161336,1.91364937287754,251297.319899373
0.5,-101.198244031208,0,-3,0,25,-25,106.53677578658,101.198244031208,25,25,surface_ship_transition,0.1,0.182574185835055,0,0.5,251295.40625,0.591479563685913,0.741591650200841,0.468815128656119,0.591872377487439,1.92494359137419,251297.331193591
0.6,-100.855199136187,0,-3,0,25,-25,106.210974916908,100.855199136187,25,25,surface_ship_transition,0.1,0.182574185835055,0,0.5,251295.40625,0.596309462073278,0.74631416751218,0.471450122367109,0.593698528893873,1.93632215847933,251297.342572158
0.7,-100.512154241166,0,-3,0,25,-25,105.885282972659,100.512154241166,25,25,surface_ship_transition,0.1,0.182574185835055,0,0.5,251295.40625,0.601187583224166,0.751075460085674,0.474105178122839,0.59552260937339,1.94778565268323,251297.354035653
0.8,-100.169109346145,0,-3,0,25,-25,105.559700962062,100.169109346145,25,25,surface_ship_transition,0.1,0.182574185835055,0,0.5,251295.40625,0.606114450539507,0.75587585962571,0.476780465113467,0.59734434104511,1.95933465121033,251297.365584651
0.9,-99.8260644511242,0,-3,0,25,-25,105.234229905483,99.8260644511242,25,25,surface_ship_transition,0.1,0.182574185835055,0,0.5,251295.40625,0.611090592419484,0.760715699393658,0.479476153546801,0.5991634379545,1.97096972976764,251297.37721973
1,-99.4830195561031,0,-3,0,25,-25,104.908870835597,99.4830195561031,25,25,surface_ship_transition,0.1,0.182574185835055,0,0.5,251295.40625,0.616116542263392,0.765595314150686,0.482192414631047,0.600979605868522,1.9826914622826,251297.388941462
1.1,-99.1399746610821,0,-3,0,25,-25,104.583624797575,99.1399746610821,25,25,surface_ship_transition,0.1,0.182574185835055,0,0.5,251295.40625,0.621192838466851,0.770515040097215,0.484929420556286,0.602792542065837,1.9945004206299,251297.400750421
1.2,-98.7969297660611,0,-3,0,25,-25,104.258492849264,98.7969297660611,25,25,surface_ship_transition,0.1,0.182574185835055,0,0.5,251295.40625,0.626320024416223,0.775475214808849,0.487687344474626,0.604601935121977,2.00639717434705,251297.412647174
1.3,-98.45388487104,0,-3,0,25,-25,103.933476061373,98.45388487104,25,25,surface_ship_transition,0.1,0.182574185835055,0,0.5,251295.40625,0.631498648480083,0.780476177168674,0.490466360478956,0.606407464689355,2.01838229033811,251297.42463229
1.4,-98.110839976019,0,-3,0,25,-25,103.608575517666,98.110839976019,25,25,surface_ship_transition,0.1,0.182574185835055,0,0.5,251295.40625,0.636729263997598,0.785518267295741,0.493266643580264,0.608208801272009,2.03045633256535,251297.436706333
1.5,-97.7677950809979,0,-3,0,25,-25,103.283792315155,97.7677950809979,25,25,surface_ship_transition,0.1,0.182574185835055,0,0.5,251295.40625,0.642012429263644,0.790601826469608,0.496088369683433,0.610005605994965,2.04261986172822,251297.448869862
1.6,-97.4247501859769,0,-3,0,25,-25,102.959127564291,97.4247501859769,25,25,surface_ship_transition,0.1,0.182574185835055,0,0.5,251295.40625,0.647348707510509,0.795727197050769,0.498931715561473,0.611797530368092,2.05487343492937,251297.461123435
1.7,-97.0817052909558,0,-3,0,25,-25,102.634582389173,97.0817052909558,25,25,surface_ship_transition,0.1,0.182574185835055,0,0.5,251295.40625,0.652738666885992,0.800894722396797,0.501796858828097,0.613584216044356,2.06721760532715,251297.473467605
1.8,-96.7386603959348,0,-3,0,25,-25,102.310157927744,96.7386603959348,25,25,surface_ship_transition,0.1,0.182574185835055,0,0.5,251295.40625,0.658182880427725,0.806104746774057,0.50468397790859,0.61536529457232,2.0796529217741,251297.485902922
1.9,-96.3956155009137,0,-3,0,25,-25,101.985855332002,96.3956155009137,25,25,surface_ship_transition,0.1,0.182574185835055,0,0.5,251295.40625,0.66368192603353,0.811357615264774,0.507593252008886,0.617140387142793,2.0921799284411,251297.498429928
2,-96.0525706058927,0,-3,0,25,-25,101.661675768207,96.0525706058927,25,25,surface_ship_transition,0.1,0.182574185835055,0,0.5,251295.40625,0.66923638642761,0.816653673669304,0.510524861082781,0.618909104329494,2.10479916442641,251297.511049164
2.1,-95.7095257108716,0,-3,0,25,-25,101.337620417099,95.7095257108716,25,25,surface_ship_transition,0.1,0.182574185835055,0,0.5,251295.40625,0.674846849122369,0.821993268403398,0.513478985797198,0.620671045823603,2.11751116334937,251297.523761163
2.2,-95.3664808158506,0,-3,0,25,-25,101.013690474113,95.3664808158506,25,25,surface_ship_transition,0.1,0.182574185835055,0,0.5,251295.40625,0.680513906375655,0.827376746390265,0.516455807495427,0.622425800162082,2.130316452928,251297.536566453
2.3,-95.0234359208296,0,-3,0,25,-25,100.689887149604,95.0234359208296,25,25,surface_ship_transition,0.1,0.182574185835055,0,0.5,251295.40625,0.686238155143182,0.832804454947227,0.51945550815825,0.624172944449619,2.14321555454003,251297.549465555
2.4,-94.6803910258085,0,-3,0,25,-25,100.366211669067,94.6803910258085,25,25,surface_ship_transition,0.1,0.182574185835055,0,0.5,251295.40625,0.692020197025931,0.838276741666763,0.522478270362862,0.625912044074092,2.15620898276679,251297.562458983
2.5,-94.3373461307875,0,-3,0,25,-25,100.042665273372,94.3373461307875,25,25,surface_ship_transition,0.1,0.182574185835055,0,0.5,251295.40625,0.697860638212256,0.843793954291695,0.52552427723949,0.62764265241538,2.16929724491933,251297.575547245
2.6,-93.9943012357664,0,-3,0,25,-25,99.7192492189948,93.9943012357664,25,25,surface_ship_transition,0.1,0.182574185835055,0,0.5,251295.40625,0.703760089414463,0.849356440584317,0.528593712425626,0.629364310547427,2.18248084054621,251297.588730841
2.7,-93.6512563407454,0,-3,0,25,-25,99.3959647782545,93.6512563407454,25,25,surface_ship_transition,0.1,0.182574185835055,0,0.5,251295.40625,0.709719165799586,0.854964548189204,0.531686760017754,0.631076546933404,2.19576026092219,251297.602010261
2.8,-93.3082114457243,0,-3,0,25,-25,99.0728132395563,93.3082114457243,25,25,surface_ship_transition,0.1,0.182574185835055,0,0.5,251295.40625,0.715738486914108,0.860618624489462,0.534803604520481,0.632778877113824,2.20913598851739,251297.615385989
2.9,-92.9651665507033,0,-3,0,25,-25,98.7497959076372,92.9651665507033,25,25,surface_ship_transition,0.1,0.182574185835055,0,0.5,251295.40625,0.721818676602308,0.866319016456174,0.537944430792957,0.634470803387487,2.22260849644597,251297.628858496
3,-92.6221216556822,0,-3,0,25,-25,98.4269141038161,92.6221216556822,25,25,surface_ship_transition,0.1,0.182574185835055,0,0.5,251295.40625,0.727960362917971,0.872066070490745,0.54110942399247,0.636151814485101,2.23617824789382,251297.642428248
3.1,-92.2790767606612,0,-3,0,25,-25,98.104169166249,92.2790767606612,25,25,surface_ship_transition,0.1,0.182574185835055,0,0.5,251295.40625,0.734164178029127,0.877860132259909,0.544298769515093,0.637821385235459,2.2498456955245,251297.656095696
3.2,-91.9360318656401,0,-3,0,25,-25,97.7815624501879,91.9360318656401,25,25,surface_ship_transition,0.1,0.182574185835055,0,0.5,251295.40625,0.740430758115516,0.883701546523075,0.547512652933275,0.639478976223987,2.26361128086258,251297.669861281
3.3,-91.5929869706191,0,-3,0,25,-25,97.4590953282453,91.5929869706191,25,25,surface_ship_transition,0.1,0.182574185835055,0,0.5,251295.40625,0.746760743258426,0.889590656951741,0.55075125993022,0.641124033443567,2.27747543365373,251297.683725434
3.4,-91.2499420755981,0,-3,0,25,-25,97.1367691906623,91.2499420755981,25,25,surface_ship_transition,0.1,0.182574185835055,0,0.5,251295.40625,0.753154777322569,0.895527805940655,0.554014776230957,0.642755987937456,2.29143857120068,251297.697688571
3.5,-90.906897180577,0,-3,0,25,-25,96.8145854455825,90.906897180577,25,25,surface_ship_transition,0.1,0.182574185835055,0,0.5,251295.40625,0.759613507829625,0.901513334410404,0.557303387529923,0.644374255434162,2.30550109767419,251297.711751098
3.6,-90.563852285556,0,-3,0,25,-25,96.4925455193301,90.563852285556,25,25,surface_ship_transition,0.1,0.182574185835055,0,0.5,251295.40625,0.766137585823076,0.907547581601099,0.56061727941495,0.64597823597414,2.31966340339832,251297.725913403
3.7,-90.2208073905349,0,-3,0,25,-25,96.1706508566933,90.2208073905349,25,25,surface_ship_transition,0.1,0.182574185835055,0,0.5,251295.40625,0.772727665723933,0.913630884856824,0.563956637287474,0.647567313528144,2.3339258641089,251297.740175864
3.8,-89.8777624955139,0,-3,0,25,-25,95.8489029212124,89.8777624955139,25,25,surface_ship_transition,0.1,0.182574185835055,0,0.5,251295.40625,0.779384405176963,0.919763579400466,0.567321646278838,0.649140855607091,2.34828884018452,251297.75453884
3.9,-89.5347176004928,0,-3,0,25,-25,95.5273031954739,89.5347176004928,25,25,surface_ship_transition,0.1,0.182574185835055,0,0.5,251295.40625,0.786108464886955,0.925945998098592,0.570712491162502,0.650698212863299,2.36275267584884,251297.769002676
4,-89.1916727054718,0,-3,0,25,-25,95.205853181409,89.1916727054718,25,25,surface_ship_transition,0.1,0.182574185835055,0,0.5,251295.40625,0.792900508444617,0.932178471215945,0.574129356262004,0.652238718682911,2.37731769834347,251297.783567698
4.1,-88.8486278104507,0,-3,0,25,-25,94.8845544005978,88.8486278104507,25,25,surface_ship_transition,0.1,0.182574185835055,0,0.5,251295.40625,0.799761202141624,0.93846132615921,0.577572425354494,0.653761688769417,2.39198421707025,251297.798234217
4.2,-88.5055829154297,0,-3,0,25,-25,94.5634083945793,88.5055829154297,25,25,surface_ship_transition,0.1,0.182574185835055,0,0.5,251295.40625,0.806691214774333,0.944794887209595,0.581041881569654,0.65526642071805,2.40675252270198,251297.813002523
4.3,-88.1625380204086,0,-3,0,25,-25,94.2424167251668,88.1625380204086,25,25,surface_ship_transition,0.1,0.182574185835055,0,0.5,251295.40625,0.813691217435668,0.951179475243822,0.584537907283808,0.65675219358096,2.42162288626045,251297.827872886
4.4,-87.8194931253876,0,-3,0,25,-25,93.9215809747685,87.8194931253876,25,25,surface_ship_transition,0.1,0.182574185835055,0,0.5,251295.40625,0.820761883294662,0.957615407443084,0.588060684009041,0.658218267422988,2.43659555816073,251297.842845558
4.5,-87.4764482303666,0,-3,0,25,-25,93.600902746715,87.4764482303666,25,25,surface_ship_transition,0.1,0.182574185835055,0,0.5,251295.40625,0.827903887363102,0.964102996989489,0.591610392277096,0.659663882867895,2.45167076722049,251297.857920767
4.6,-87.1334033353455,0,-3,0,25,-25,93.2803836655918,87.1334033353455,25,25,surface_ship_transition,0.1,0.182574185835055,0,0.5,251295.40625,0.835117906248715,0.970642552749543,0.595187211517849,0.661088260634893,2.46684871963315,251297.87309872
4.7,-86.7903584403245,0,-3,0,25,-25,92.9600253775783,86.7903584403245,25,25,surface_ship_transition,0.1,0.182574185835055,0,0.5,251295.40625,0.842404617894313,0.977234378944147,0.598791319932138,0.662490601065337,2.4821295979038,251297.888379598
4.8,-86.4473135453034,0,-3,0,25,-25,92.6398295507931,86.4473135453034,25,25,surface_ship_transition,0.1,0.182574185835055,0,0.5,251295.40625,0.849764701302287,0.983878774804619,0.602422894358701,0.663870083639412,2.49751355974632,251297.90376356
4.9,-86.1042686502824,0,-3,0,25,-25,92.3197978756453,86.1042686502824,25,25,surface_ship_transition,0.1,0.182574185835055,0,0.5,251295.40625,0.857198836243805,0.990576034214192,0.606082110134993,0.665225866482683,2.51300073694068,251297.919250737
5,-85.7612237552613,0,-3,0,25,-25,91.9999320651923,85.7612237552613,25,25,surface_ship_transition,0.1,0.182574185835055,0,0.5,251295.40625,0.864707702952063,0.997326445334448,0.609769140951612,0.666557085862362,2.52859123414887,251297.934841234
5.1,-85.4181788602403,0,-3,0,25,-25,91.6802338555045,85.4181788602403,25,25,surface_ship_transition,0.1,0.182574185835055,0,0.5,251295.40625,0.872291981798898,1.00413029021611,0.613484158700097,0.667862855673119,2.54428512768813,251297.950535128
5.2,-85.0751339652192,0,-3,0,25,-25,91.3607050060364,85.0751339652192,25,25,surface_ship_transition,0.1,0.182574185835055,0,0.5,251295.40625,0.879952352954049,1.0109878443936,0.617227333313796,0.669142266912343,2.56008246425999,251297.966332464
5.3,-84.7320890701982,0,-3,0,25,-25,91.0413473000043,84.7320890701982,25,25,surface_ship_transition,0.1,0.182574185835055,0,0.5,251295.40625,0.887689496026319,1.01789937646274,0.62099883260153,0.670394387144662,2.57598325963372,251297.98223326
5.4,-84.3890441751771,0,-3,0,25,-25,90.7221625447718,84.3890441751771,25,25,surface_ship_transition,0.1,0.182574185835055,0,0.5,251295.40625,0.895504089685873,1.02486514764098,0.624798822073763,0.671618259955612,2.59198749728247,251297.998237497
5.5,-84.0459992801561,0,-3,0,25,-25,90.4031525722416,84.0459992801561,25,25,surface_ship_transition,0.1,0.182574185835055,0,0.5,251295.40625,0.90339681126686,1.0318854113095,0.628627464760956,0.672812904394328,2.60809512697069,251298.014345127
5.6,-83.7029543851351,0,-3,0,25,-25,90.084319239255,83.7029543851351,25,25,surface_ship_transition,0.1,0.182574185835055,0,0.5,251295.40625,0.911368336349524,1.03896041253639,0.632484921023792,0.673977314405088,2.624306063291,251298.030556063
5.7,-83.359909490114,0,-3,0,25,-25,89.7656644279983,83.359909490114,25,25,surface_ship_transition,0.1,0.182574185835055,0,0.5,251295.40625,0.919419338320937,1.04609038758043,0.636371348354927,0.675110458247624,2.64062018414899,251298.046870184
5.8,-83.016864595093,0,-3,0,25,-25,89.4471900464179,83.016864595093,25,25,surface_ship_transition,0.1,0.182574185835055,0,0.5,251295.40625,0.927550487913456,1.05327556337446,0.64028690117193,0.676211277906036,2.65703732919395,251298.063287329
5.9,-82.6738197000719,0,-3,0,25,-25,89.1288980286416,82.6738197000719,25,25,surface_ship_transition,0.1,0.182574185835055,0,0.5,251295.40625,0.935762452719955,1.06051615698779,0.644231730601039,0.677278688486237,2.67355729819398,251298.079807298
6,-82.3307748050509,0,-3,0,25,-25,88.8107903354091,82.3307748050509,25,25,surface_ship_transition,0.1,0.182574185835055,0,0.5,251295.40625,0.944055896684854,1.06781237506675,0.648205984251356,0.678311577601753,2.69017984935336,251298.096429849
6.1,-81.9877299100298,0,-3,0,25,-25,88.4928689545095,81.9877299100298,25,25,surface_ship_transition,0.1,0.182574185835055,0,0.5,251295.40625,0.952431479569941,1.0751644132526,0.652209805979092,0.679308804747829,2.70690469757037,251298.113154698
6.2,-81.6446850150088,0,-3,0,25,-25,88.1751359012278,81.6446850150088,25,25,surface_ship_transition,0.1,0.182574185835055,0,0.5,251295.40625,0.96088985639393,1.0825724555759,0.656243335641443,0.68026920066369,2.72373151263352,251298.129981513
6.3,-81.3016401199877,0,-3,0,25,-25,87.8575932187993,81.3016401199877,25,25,surface_ship_transition,0.1,0.182574185835055,0,0.5,251295.40625,0.969431676844641,1.09003667382659,0.66030670883968,0.68119156668289,2.74065991735412,251298.146909917
6.4,-80.9585952249667,0,-3,0,25,-25,87.5402429788723,80.9585952249667,25,25,surface_ship_transition,0.1,0.182574185835055,0,0.5,251295.40625,0.978057584662697,1.09755722689867,0.664400056650996,0.682074674071642,2.75768948563301,251298.163939486
6.5,-80.6155503299456,0,-3,0,25,-25,87.2230872819806,80.6155503299456,25,25,surface_ship_transition,0.1,0.182574185835055,0,0.5,251295.40625,0.98676821699551,1.10513426010872,0.668523505348657,0.682917263355051,2.77481974045928,251298.18106974
6.6,-80.2725054349246,0,-3,0,25,-25,86.9061282580233,80.2725054349246,25,25,surface_ship_transition,0.1,0.182574185835055,0,0.5,251295.40625,0.995564203720368,1.11276790448716,0.672677176109972,0.683718043631178,2.79205015183871,251298.198300152
6.7,-79.9294605399036,0,-3,0,25,-25,86.5893680667552,79.9294605399036,25,25,surface_ship_transition,0.1,0.182574185835055,0,0.5,251295.40625,1.00444616673532,1.12045827604131,0.676861184711569,0.684475691872863,2.80938013464949,251298.215630135
6.8,-79.5864156448825,0,-3,0,25,-25,86.272808898285,79.5864156448825,25,25,surface_ship_transition,0.1,0.182574185835055,0,0.5,251295.40625,1.01341471921652,1.12820547498912,0.681075641211477,0.685188852217249,2.82680904642289,251298.233059046
6.9,-79.2433707498615,0,-3,0,25,-25,85.9564529735842,79.2433707498615,25,25,surface_ship_transition,0.1,0.182574185835055,0,0.5,251295.40625,1.02247046484073,1.13600958496258,0.685320649617439,0.685856135242975,2.84433618504628,251298.250586185
7,-78.9003258548404,0,-3,0,25,-25,85.6403025450051,78.9003258548404,25,25,surface_ship_transition,0.1,0.182574185835055,0,0.5,251295.40625,1.03161399697137,1.14387067217961,0.689596307540913,0.686476117234974,2.86196078638596,251298.268210786
7.1,-78.5572809598194,0,-3,0,25,-25,85.3243598968079,78.5572809598194,25,25,surface_ship_transition,0.1,0.182574185835055,0,0.5,251295.40625,1.04084589780691,1.15178878458323,0.69390270583616,0.687047339436885,2.87968202182703,251298.285932022
7.2,-78.2142360647983,0,-3,0,25,-25,85.0086273456995,78.2142360647983,25,25,surface_ship_transition,0.1,0.182574185835055,0,0.5,251295.40625,1.05016673748971,1.15976395094693,0.698239928223802,0.687568307291039,2.89749899572768,251298.303748996
7.3,-77.8711911697773,0,-3,0,25,-25,84.6931072413806,77.8711911697773,25,25,surface_ship_transition,0.1,0.182574185835055,0,0.5,251295.40625,1.05957707317406,1.16779617994481,0.70260805089821,0.688037489666036,2.91541074278491,251298.321660743
7.4,-77.5281462747562,0,-3,0,25,-25,84.3778019671051,77.5281462747562,25,25,surface_ship_transition,0.1,0.182574185835055,0,0.5,251295.40625,1.06907744805145,1.1758854591854,0.707007142118058,0.688453318071922,2.93341622530877,251298.339666225
7.5,-77.1851013797352,0,-3,0,25,-25,84.0627139402482,77.1851013797352,25,25,surface_ship_transition,0.1,0.182574185835055,0,0.5,251295.40625,1.07866839033155,1.18403175420753,0.711437261779344,0.688814185862995,2.95151433040208,251298.35776433
7.6,-76.8420564847141,0,-3,0,25,-25,83.7478456128873,76.8420564847141,25,25,surface_ship_transition,0.1,0.182574185835055,0,0.5,251295.40625,1.08835041217701,1.19223500743722,0.715898460970152,0.68911844742829,2.96970386704252,251298.375953867
7.7,-76.4990115896931,0,-3,0,25,-25,83.4331994723923,76.4990115896931,25,25,surface_ship_transition,0.1,0.182574185835055,0,0.5,251295.40625,1.09812400859021,1.20049513710376,0.720390781506404,0.689364417369816,2.98798356306379,251298.394233563
7.8,-76.1559666946721,0,-3,0,25,-25,83.1187780420285,76.1559666946721,25,25,surface_ship_transition,0.1,0.182574185835055,0,0.5,251295.40625,1.10798965625012,1.20881203611381,0.724914255447815,0.689550369668591,3.00635206203252,251298.412602062
7.9,-75.812921799651,0,-3,0,25,-25,82.8045838815702,75.812921799651,25,25,surface_ship_transition,0.1,0.182574185835055,0,0.5,251295.40625,1.1179478122971,1.21718557088175,0.729468904593229,0.689674536838627,3.02480792001748,251298.43105792
8,-75.46987690463,0,-3,0,25,-25,82.4906195879265,75.46987690463,25,25,surface_ship_transition,0.1,0.182574185835055,0,0.5,251295.40625,1.12799891306372,1.22561558011483,0.734054739954493,0.689735109068933,3.04334960224749,251298.449599602
8.1,-75.1268320096089,0,-3,0,25,-25,82.1768877957787,75.1268320096089,25,25,surface_ship_transition,0.1,0.182574185835055,0,0.5,251295.40625,1.13814337274941,1.23410187355134,0.738671761207968,0.689730233353724,3.06197547965447,251298.46822548
8.2,-74.7837871145879,0,-3,0,25,-25,81.8633911782306,74.7837871145879,25,25,surface_ship_transition,0.1,0.182574185835055,0,0.5,251295.40625,1.14838158203653,1.24264423065015,0.743319956122753,0.689658012610971,3.08068382529765,251298.486933825
8.3,-74.4407422195668,0,-3,0,25,-25,81.5501324474706,74.4407422195668,25,25,surface_ship_transition,0.1,0.182574185835055,0,0.5,251295.40625,1.15871390664585,1.25124239922985,0.747999299964681,0.68951650478948,3.09947281066518,251298.505722811
8.4,-74.0976973245458,0,-3,0,25,-25,81.2371143554472,74.0976973245458,25,25,surface_ship_transition,0.1,0.182574185835055,0,0.5,251295.40625,1.16914068582874,1.25989609405561,0.752709754875044,0.689303721964742,3.11834050184909,251298.524590502
8.5,-73.7546524295247,0,-3,0,25,-25,80.9243396945567,73.7546524295247,25,25,surface_ship_transition,0.1,0.182574185835055,0,0.5,251295.40625,1.17966223079368,1.2686049953719,0.757451269223037,0.689017629423765,3.13728485558934,251298.543534856
8.6,-73.4116075345037,0,-3,0,25,-25,80.6118112983451,73.4116075345037,25,25,surface_ship_transition,0.1,0.182574185835055,0,0.5,251295.40625,1.19027882306459,1.27736874737902,0.762223776930809,0.688656144739171,3.15630371518278,251298.562553715
8.7,-73.0685626394826,0,-3,0,25,-25,80.299532042223,73.0685626394826,25,25,surface_ship_transition,0.1,0.182574185835055,0,0.5,251295.40625,1.20099071276816,1.28618695665154,0.767027196770001,0.688217136832857,3.17539480625256,251298.581644806
8.8,-72.7255177444616,0,-3,0,25,-25,79.9875048441942,72.7255177444616,25,25,surface_ship_transition,0.1,0.182574185835055,0,0.5,251295.40625,1.21179811684746,1.29505919049641,0.771861431628578,0.687698425029541,3.19455573237341,251298.600805732
8.9,-72.3824728494406,0,-3,0,25,-25,79.675732665599,72.3824728494406,25,25,surface_ship_transition,0.1,0.182574185835055,0,0.5,251295.40625,1.22270121719894,1.30398497524858,0.776726367746727,0.687097778100573,3.2137839705481,251298.620033971
9,-72.0394279544195,0,-3,0,25,-25,79.3642185118709,72.0394279544195,25,25,surface_ship_transition,0.1,0.182574185835055,0,0.5,251295.40625,1.2337001587299,1.312963794502,0.781621873920545,0.686412913298383,3.23307686653028,251298.639326867
9.1,-71.6963830593985,0,-3,0,25,-25,79.0529654333093,71.6963830593985,25,25,surface_ship_transition,0.1,0.182574185835055,0,0.5,251295.40625,1.24479504733315,1.32199508727346,0.786547800672173,0.685641495382031,3.25243162998863,251298.65868163
9.2,-71.3533381643774,0,-3,0,25,-25,78.7419765258658,71.3533381643774,25,25,surface_ship_transition,0.1,0.182574185835055,0,0.5,251295.40625,1.25598594777593,1.33107824609706,0.791503979384984,0.684781135634304,3.27184532950729,251298.678095329
9.3,-71.0102932693564,0,-3,0,25,-25,78.4312549319466,71.0102932693564,25,25,surface_ship_transition,0.1,0.182574185835055,0,0.5,251295.40625,1.26727288149955,1.34021261504668,0.796490221402383,0.68382939087089,3.29131488741712,251298.697564887
9.4,-70.6672483743353,0,-3,0,25,-25,78.1208038412304,70.6672483743353,25,25,surface_ship_transition,0.1,0.182574185835055,0,0.5,251295.40625,1.27865582432642,1.3493974876839,0.8015063170887,0.68278376244217,3.31083707445249,251298.717087074
9.5,-70.3242034793143,0,-3,0,25,-25,77.8106264915018,70.3242034793143,25,25,surface_ship_transition,0.1,0.182574185835055,0,0.5,251295.40625,1.29013470407088,1.3586321049288,0.806552034850616,0.681641695228242,3.33040850422792,251298.736658504
9.6,-69.9811585842932,0,-3,0,25,-25,77.5007261695011,69.9811585842932,25,25,surface_ship_transition,0.1,0.182574185835055,0,0.5,251295.40625,1.30170939805024,1.36791565285068,0.811627120117461,0.680400576627804,3.35002562752873,251298.756275628
9.7,-69.6381136892722,0,-3,0,25,-25,77.191106211791,69.6381136892722,25,25,surface_ship_transition,0.1,0.182574185835055,0,0.5,251295.40625,1.31337973049211,1.37724726037616,0.816731294278703,0.679057735541607,3.36968472640987,251298.775934726
9.8,-69.2950687942512,0,-3,0,25,-25,76.8817700056392,69.2950687942512,25,25,surface_ship_transition,0.1,0.182574185835055,0,0.5,251295.40625,1.32514546983415,1.38662599691136,0.821864253576836,0.677610441351198,3.38938190809671,251298.795631908
9.9,-68.9520238992301,0,-3,0,25,-25,76.5727209899191,68.9520238992301,25,25,surface_ship_transition,0.1,0.182574185835055,0,0.5,251295.40625,1.33700632591224,1.39605086987548,0.827025667953818,0.676055902893785,3.4091130986815,251298.815363099
10,-68.6089790042091,0,-3,0,25,-25,76.2639626560278,68.6089790042091,25,25,surface_ship_transition,0.1,0.182574185835055,0,0.5,251295.40625,1.34896194703271,1.40552082214231,0.832215179849134,0.674391267434035,3.42887403660906,251298.835124037
10.1,-68.265934109188,0,-3,0,25,-25,75.9554985488213,68.265934109188,25,25,surface_ship_transition,0.1,0.182574185835055,0,0.5,251295.40625,1.36101191692452,1.41503472938675,0.837432402947469,0.67261361963374,3.448660265945,251298.854910266
10.2,-67.922889214167,0,-3,0,25,-25,75.6473322675691,67.922889214167,25,25,surface_ship_transition,0.1,0.182574185835055,0,0.5,251295.40625,1.37315575156659,1.42459139733271,0.842676920873908,0.670719980520323,3.46846712941962,251298.874717129
10.3,-67.5798443191459,0,-3,0,25,-25,75.339467466926,67.5798443191459,25,25,surface_ship_transition,0.1,0.182574185835055,0,0.5,251295.40625,1.38539289588605,1.43418955889922,0.847948285834484,0.668707306455188,3.48828976124046,251298.894539761
10.4,-67.2367994241249,0,-3,0,25,-25,75.031907857924,67.2367994241249,25,25,surface_ship_transition,0.1,0.182574185835055,0,0.5,251295.40625,1.39772272032226,1.44382787124088,0.853246017199795,0.666572488103057,3.50812307966619,251298.91437308
10.5,-66.8937545291038,0,-3,0,25,-25,74.7246572089829,66.8937545291038,25,25,surface_ship_transition,0.1,0.182574185835055,0,0.5,251295.40625,1.41014451725192,1.45350491267926,0.858569600029349,0.664312349403413,3.52796177933459,251298.934211779
10.6,-66.5507096340828,0,-3,0,25,-25,74.4177193469405,66.5507096340828,25,25,surface_ship_transition,0.1,0.182574185835055,0,0.5,251295.40625,1.42265749727004,1.46321917952133,0.863918483534148,0.661923646545316,3.54780032333669,251298.954050323
10.7,-66.2076647390618,0,-3,0,25,-25,74.1110981581032,66.2076647390618,25,25,surface_ship_transition,0.1,0.182574185835055,0,0.5,251295.40625,1.43526078532163,1.47296908276101,0.869292079474989,0.6594030669469,3.56763293502954,251298.973882935
10.8,-65.8646198440407,0,-3,0,25,-25,73.8047975893166,65.8646198440407,25,25,surface_ship_transition,0.1,0.182574185835055,0,0.5,251295.40625,1.44795341667858,1.48275294465977,0.87468976049378,0.656747228240926,3.58745358957928,251298.99370359
10.9,-65.5215749490197,0,-3,0,25,-25,73.4988216490577,65.5215749490197,25,25,surface_ship_transition,0.1,0.182574185835055,0,0.5,251295.40625,1.46073433275631,1.49256899520234,0.880110858375113,0.653952677267872,3.60725600522652,251299.013506005
11,-65.1785300539986,0,-3,0,25,-25,73.1931744085471,65.1785300539986,25,25,surface_ship_transition,0.1,0.182574185835055,0,0.5,251295.40625,1.47360237676429,1.50241536842297,0.885554662235211,0.651015889078098,3.62703363426536,251299.033283634
11.1,-64.8354851589776,0,-3,0,25,-25,72.8878600028839,64.8354851589776,25,25,surface_ship_transition,0.1,0.182574185835055,0,0.5,251295.40625,1.4865562891847,1.51229009859801,0.891020416635223,0.647933265944748,3.64677965372746,251299.053029654
11.2,-64.4924402639565,0,-3,0,25,-25,72.5828826322019,64.4924402639565,25,25,surface_ship_transition,0.1,0.182574185835055,0,0.5,251295.40625,1.49959470307295,1.52219111630027,0.896507319615757,0.644701136389075,3.6664869557623,251299.072736956
11.3,-64.1493953689355,0,-3,0,25,-25,72.278246562849,64.1493953689355,25,25,surface_ship_transition,0.1,0.182574185835055,0,0.5,251295.40625,1.51271613917395,1.53211624431042,0.902014520649376,0.641315754220046,3.68614813770442,251299.092398138
11.4,-63.8063504739144,0,-3,0,25,-25,71.9739561285886,63.8063504739144,25,25,surface_ship_transition,0.1,0.182574185835055,0,0.5,251295.40625,1.52591900084773,1.54206319338062,0.907541118507683,0.637773297590127,3.70575549181848,251299.112005492
11.5,-63.4633055788934,0,-3,0,25,-25,71.6700157318247,63.4633055788934,25,25,surface_ship_transition,0.1,0.182574185835055,0,0.5,251295.40625,1.5392015687976,1.55202955784558,0.91308615903945,0.634069868069254,3.72530099471243,251299.131550995
11.6,-63.1202606838723,0,-3,0,25,-25,71.3664298448507,63.1202606838723,25,25,surface_ship_transition,0.1,0.182574185835055,0,0.5,251295.40625,1.55256199559436,1.56201281107571,0.918648632856144,0.630201489739121,3.74477629640918,251299.151026296
11.7,-62.7772157888513,0,-3,0,25,-25,71.0632030111224,62.7772157888513,25,25,surface_ship_transition,0.1,0.182574185835055,0,0.5,251295.40625,1.56599829998935,1.57201030076742,0.924227472921002,0.626164108310003,3.76417270906677,251299.170422709
11.8,-62.4341708938302,0,-3,0,25,-25,70.7603398465553,62.4341708938302,25,25,surface_ship_transition,0.1,0.182574185835055,0,0.5,251295.40625,1.57950836100935,1.582019244065,0.929821552037719,0.621953590262446,3.7834811953368,251299.189731195
11.9,-62.0911259988092,0,-3,0,25,-25,70.4578450408469,62.0911259988092,25,25,surface_ship_transition,0.1,0.182574185835055,0,0.5,251295.40625,1.59308991182599,1.59203672250857,0.935429680234589,0.617565722016266,3.80269235635082,251299.208942356
12,-61.7480811037882,0,-3,0,25,-25,70.1557233588251,61.7480811037882,25,25,surface_ship_transition,0.1,0.182574185835055,0,0.5,251295.40625,1.6067405333921,1.60205967680258,0.941050602039818,0.61299620912943,3.82179641932411,251299.228046419
12.1,-61.4050362087671,0,-3,0,25,-25,69.8539796418214,61.4050362087671,25,25,surface_ship_transition,0.1,0.182574185835055,0,0.5,251295.40625,1.62045764783752,1.61208490139891,0.946682993643546,0.608240675529503,3.84078322476594,251299.247033225
12.2,-61.0619913137461,0,-3,0,25,-25,69.5526188090714,61.0619913137461,25,25,surface_ship_transition,0.1,0.182574185835055,0,0.5,251295.40625,1.63423851161635,1.62210903888865,0.952325459941925,0.603294662780454,3.85964221328545,251299.265892213
12.3,-60.718946418725,0,-3,0,25,-25,69.2516458591419,60.718946418725,25,25,surface_ship_transition,0.1,0.182574185835055,0,0.5,251295.40625,1.64808020839772,1.63212857419644,0.957976531458445,0.598153629387769,3.87836241198193,251299.284612412
12.4,-60.375901523704,0,-3,0,25,-25,68.9510658713845,60.375901523704,25,25,surface_ship_transition,0.1,0.182574185835055,0,0.5,251295.40625,1.66197964169194,1.64213982857117,0.963634661137472,0.592812950144942,3.89693242040806,251299.30318242
12.5,-60.0328566286829,0,-3,0,25,-25,68.6508840074183,60.0328566286829,25,25,surface_ship_transition,0.1,0.182574185835055,0,0.5,251295.40625,1.67593352720373,1.6521389533665,0.969298221004811,0.587267915524529,3.91534039609476,251299.321590396
12.6,-59.6898117336619,0,-3,0,25,-25,68.3511055126397,59.6898117336619,25,25,surface_ship_transition,0.1,0.182574185835055,0,0.5,251295.40625,1.68993838490385,1.66212192360475,0.974965498689866,0.581513731117124,3.93357403962573,251299.33982404
12.7,-59.3467668386408,0,-3,0,25,-25,68.0517357177611,59.3467668386408,25,25,surface_ship_transition,0.1,0.182574185835055,0,0.5,251295.40625,1.70399053081087,1.67208453131741,0.980634693803789,0.575545517121721,3.95162057925,251299.357870579
12.8,-59.0037219436198,0,-3,0,25,-25,67.7527800403792,59.0037219436198,25,25,surface_ship_transition,0.1,0.182574185835055,0,0.5,251295.40625,1.71808606847391,1.68202237865539,0.986303914167771,0.56935830789111,3.96946675502041,251299.375716755
12.9,-58.6606770485987,0,-3,0,25,-25,67.4542439865721,58.6606770485987,25,25,surface_ship_transition,0.1,0.182574185835055,0,0.5,251295.40625,1.73222088014784,1.69193087076203,0.991971171885438,0.562947051536056,3.98709880244592,251299.393348802
13,-58.3176321535777,0,-3,0,25,-25,67.1561331525275,58.3176321535777,25,25,surface_ship_transition,0.1,0.182574185835055,0,0.5,251295.40625,1.74639061765164,1.70180520840165,0.997634379253036,0.556306609592225,4.00450243564551,251299.410752436
13.1,-57.9745872585567,0,-3,0,25,-25,66.8584532262002,57.9745872585567,25,25,surface_ship_transition,0.1,0.182574185835055,0,0.5,251295.40625,1.76059069290097,1.71164038033653,1.00329134450092,0.549431756753894,4.02166282999139,251299.42791283
13.2,-57.6315423635356,0,-3,0,25,-25,66.5612099890019,57.6315423635356,25,25,surface_ship_transition,0.1,0.182574185835055,0,0.5,251295.40625,1.77481626810572,1.72143115544459,1.00893976735954,0.542317180678745,4.03856460422905,251299.444814604
13.3,-57.2884974685146,0,-3,0,25,-25,66.2644093175213,57.2884974685146,25,25,surface_ship_transition,0.1,0.182574185835055,0,0.5,251295.40625,1.78906224562325,1.73117207457053,1.01457723444298,0.534957481868088,4.05519180206187,251299.461441802
13.4,-56.9454525734935,0,-3,0,25,-25,65.9680571852772,56.9454525734935,25,25,surface_ship_transition,0.1,0.182574185835055,0,0.5,251295.40625,1.80332325745799,1.74085744210252,1.02020121444267,0.527347173627113,4.07152787318762,251299.477777873
13.5,-56.6024076784725,0,-3,0,25,-25,65.6721596645032,56.6024076784725,25,25,surface_ship_transition,0.1,0.182574185835055,0,0.5,251295.40625,1.81759365439799,1.75048131726672,1.02580905312391,0.519480682109922,4.08755565377462,251299.493805654
13.6,-56.2593627834514,0,-3,0,25,-25,65.3767229279657,56.2593627834514,25,25,surface_ship_transition,0.1,0.182574185835055,0,0.5,251295.40625,1.83186749477918,1.76003750513165,1.03139796811718,0.511352346454185,4.10325734636501,251299.509507346
13.7,-55.9163178884304,0,-3,0,25,-25,65.0817532508152,55.9163178884304,25,25,surface_ship_transition,0.1,0.182574185835055,0,0.5,251295.40625,1.84613853286781,1.76951954731448,1.03696504349638,0.502956419010555,4.11861449919284,251299.524864499
13.8,-55.5732729934093,0,-3,0,25,-25,64.7872570124712,55.5732729934093,25,25,surface_ship_transition,0.1,0.182574185835055,0,0.5,251295.40625,1.8604002068518,1.77892071238101,1.04250722413555,0.49428706567207,4.13360798490487,251299.539857985
13.9,-55.2302280983883,0,-3,0,25,-25,64.4932406985414,55.2302280983883,25,25,surface_ship_transition,0.1,0.182574185835055,0,0.5,251295.40625,1.87464562643177,1.78823398593115,1.04802130983534,0.485338366308941,4.14821797867186,251299.554467979
14,-54.8871832033673,0,-3,0,25,-25,64.1997109027759,54.8871832033673,25,25,surface_ship_transition,0.1,0.182574185835055,0,0.5,251295.40625,1.88886756000257,1.79745206036167,1.05350394921051,0.476104315314365,4.1624239356786,251299.568673936
14.1,-54.5441383083462,0,-3,0,25,-25,63.9066743290558,54.5441383083462,25,25,surface_ship_transition,0.1,0.182574185835055,0,0.5,251295.40625,1.90305842141622,1.80656732429781,1.05895163332898,0.466578822267113,4.17620456798114,251299.582454568
14.2,-54.2010934133252,0,-3,0,25,-25,63.6141377934182,54.2010934133252,25,25,surface_ship_transition,0.1,0.182574185835055,0,0.5,251295.40625,1.91721025631755,1.81557185168539,1.06436068909307,0.456755712716851,4.18953782071979,251299.595787821
14.3,-53.8580485183041,0,-3,0,25,-25,63.3221082261164,53.8580485183041,25,25,surface_ship_transition,0.1,0.182574185835055,0,0.5,251295.40625,1.93131472804381,1.82445739053501,1.06972727235309,0.446628729098341,4.20240084767716,251299.608650848
14.4,-53.5150036232831,0,-3,0,25,-25,63.0305926737168,53.5150036232831,25,25,surface_ship_transition,0.1,0.182574185835055,0,0.5,251295.40625,1.94536310307998,1.83321535130984,1.07504736074292,0.436191531780822,4.21476998617064,251299.621019986
14.5,-53.171958728262,0,-3,0,25,-25,62.7395983012324,53.171958728262,25,25,surface_ship_transition,0.1,0.182574185835055,0,0.5,251295.40625,1.95934623606169,1.84183679494873,1.08031674622743,0.425437700259045,4.22662073126946,251299.632870731
14.6,-52.828913833241,0,-3,0,25,-25,62.4491323942935,52.828913833241,25,25,surface_ship_transition,0.1,0.182574185835055,0,0.5,251295.40625,1.97325455431819,1.85031242051605,1.08553102735073,0.414360734492669,4.2379277093269,251299.644177709
14.7,-52.4858689382199,0,-3,0,25,-25,62.159202361356,52.4858689382199,25,25,surface_ship_transition,0.1,0.182574185835055,0,0.5,251295.40625,1.98707804194807,1.85863255247018,1.0906856011742,0.402954056400804,4.24866465081906,251299.654914651
14.8,-52.1428240431989,0,-3,0,25,-25,61.8698157359467,52.1428240431989,25,25,surface_ship_transition,0.1,0.182574185835055,0,0.5,251295.40625,2.0008062234212,1.86678712754219,1.09577565489304,0.39121101151876,4.25880436248214,251299.665054362
14.9,-51.7997791481778,0,-3,0,25,-25,61.5809801789481,51.7997791481778,25,25,surface_ship_transition,0.1,0.182574185835055,0,0.5,251295.40625,2.01442814670059,1.8747656812167,1.10079615711938,0.379124870824149,4.26831869874144,251299.674568699
15,-51.4567342531568,0,-3,0,25,-25,61.2927034809201,51.4567342531568,25,25,surface_ship_transition,0.1,0.182574185835055,0,0.5,251295.40625,2.02793236587897,1.88255733380702,1.10574184882021,0.366688832739696,4.27717853242568,251299.683428532
15.1,-51.1136893581358,0,-3,0,25,-25,61.0049935644616,51.1136893581358,25,25,surface_ship_transition,0.1,0.182574185835055,0,0.5,251295.40625,2.04130692332513,1.89015077611657,1.11060723389748,0.35389602532028,4.28535372476199,251299.691603725
15.2,-50.7706444631147,0,-3,0,25,-25,60.71785848661,50.7706444631147,25,25,surface_ship_transition,0.1,0.182574185835055,0,0.5,251295.40625,2.05453933133647,1.89753425467935,1.11538656939814,0.340739508631844,4.29281309464767,251299.699063095
15.3,-50.4275995680937,0,-3,0,25,-25,60.4313064412809,50.4275995680937,25,25,surface_ship_transition,0.1,0.182574185835055,0,0.5,251295.40625,2.06761655329456,1.90469555657183,1.12007385534076,0.327212277329998,4.2995243871964,251299.705774387
15.4,-50.0845546730726,0,-3,0,25,-25,60.1453457617462,50.0845546730726,25,25,surface_ship_transition,0.1,0.182574185835055,0,0.5,251295.40625,2.08052498432212,1.91162199378962,1.12466282414594,0.313307263446279,4.30545424155802,251299.711704242
15.5,-49.7415097780516,0,-3,0,25,-25,59.8599849231521,49.7415097780516,25,25,surface_ship_transition,0.1,0.182574185835055,0,0.5,251295.40625,2.09325043144049,1.91830038718208,1.12914692965684,0.299017339390137,4.31056815801271,251299.716818158
15.6,-49.3984648830305,0,-3,0,25,-25,59.575232545077,49.3984648830305,25,25,surface_ship_transition,0.1,0.182574185835055,0,0.5,251295.40625,2.10577809322837,1.9247170499389,1.13351933573615,0.284335321174885,4.31483046434216,251299.721080464
15.7,-49.0554199880095,0,-3,0,25,-25,59.2910973941282,49.0554199880095,25,25,surface_ship_transition,0.1,0.182574185835055,0,0.5,251295.40625,2.1180925389837,1.9308577706229,1.13777290442566,0.26925397187593,4.31820428148252,251299.724454281
15.8,-48.7123750929884,0,-3,0,25,-25,59.0075883865796,48.7123750929884,25,25,surface_ship_transition,0.1,0.182574185835055,0,0.5,251295.40625,2.13017768739229,1.93670779574383,1.14190018365422,0.253766005329726,4.32065148846585,251299.726901488
15.9,-48.3693301979674,0,-3,0,25,-25,58.7247145910476,48.3693301979674,25,25,surface_ship_transition,0.1,0.182574185835055,0,0.5,251295.40625,2.14201678470855,1.94225181186898,1.14589339447988,0.237864090081988,4.32213268665953,251299.728382687
16,-48.0262853029463,0,-3,0,25,-25,58.4424852312083,48.0262853029463,25,25,surface_ship_transition,0.1,0.182574185835055,0,0.5,251295.40625,2.15359238245531,1.94747392726649,1.14974441785167,0.221540853593761,4.32260716331556,251299.728857163
16.1,-47.6832404079253,0,-3,0,25,-25,58.1609096885528,47.6832404079253,25,25,surface_ship_transition,0.1,0.182574185835055,0,0.5,251295.40625,2.16488631465206,1.95235765307855,1.15344478087651,0.204788886714035,4.32203285444464,251299.728282854
16.2,-47.3401955129043,0,-3,0,25,-25,57.8799975051831,47.3401955129043,25,25,surface_ship_transition,0.1,0.182574185835055,0,0.5,251295.40625,2.17587967458303,1.95688588402243,1.1569856425767,0.187600748427609,4.32036630703307,251299.726616307
16.3,-46.9971506178832,0,-3,0,25,-25,57.599758386646,46.9971506178832,25,25,surface_ship_transition,0.1,0.182574185835055,0,0.5,251295.40625,2.18655279111882,1.96104087861809,1.1603577791232,0.169968970886966,4.31756264062388,251299.723812641
16.4,-46.6541057228622,0,-3,0,25,-25,57.3202022048073,46.6541057228622,25,25,surface_ship_transition,0.1,0.182574185835055,0,0.5,251295.40625,2.19688520460822,1.96480423894238,1.16355156853032,0.15188606473694,4.31357550828754,251299.719825508
16.5,-46.3110608278411,0,-3,0,25,-25,57.0413390007633,46.3110608278411,25,25,surface_ship_transition,0.1,0.182574185835055,0,0.5,251295.40625,2.20685564235952,1.96815688991103,1.16655697479712,0.133344524740893,4.30835705701144,251299.714607057
16.6,-45.9680159328201,0,-3,0,25,-25,56.763178987791,45.9680159328201,25,25,surface_ship_transition,0.1,0.182574185835055,0,0.5,251295.40625,2.21644199373365,1.97107905809094,1.16936353148128,0.114336835717161,4.30185788754174,251299.708107888
16.7,-45.624971037799,0,-3,0,25,-25,56.4857325543362,45.624971037799,25,25,surface_ship_transition,0.1,0.182574185835055,0,0.5,251295.40625,2.225621284875,1.97355025004663,1.17196032469142,0.0948554787944175,4.29402701371605,251299.700277014
16.8,-45.281926142778,0,-3,0,25,-25,56.2090102670381,45.281926142778,25,25,surface_ship_transition,0.1,0.182574185835055,0,0.5,251295.40625,2.23436965310927,1.97554923022658,1.17433597548391,0.0748929379945496,4.2848118213304,251299.691061821
16.9,-44.9388812477569,0,-3,0,25,-25,55.9330228737908,44.9388812477569,25,25,surface_ship_transition,0.1,0.182574185835055,0,0.5,251295.40625,2.24266232104156,1.97705399839653,1.17647862165113,0.0544417071515288,4.27415802658962,251299.680408027
17,-44.5958363527359,0,-3,0,25,-25,55.6577813068397,44.5958363527359,25,25,surface_ship_transition,0.1,0.182574185835055,0,0.5,251295.40625,2.25047357039212,1.97804176662931,1.17837589888803,0.0334942971746094,4.26200963419604,251299.668259634
17.1,-44.2527914577148,0,-3,0,25,-25,55.3832966859142,44.2527914577148,25,25,surface_ship_transition,0.1,0.182574185835055,0,0.5,251295.40625,2.2577767156116,1.97848893586229,1.18001492132519,0.0120432436640369,4.24830889513792,251299.654558895
17.2,-43.9097465626938,0,-3,0,25,-25,55.1095803213924,43.9097465626938,25,25,surface_ship_transition,0.1,0.182574185835055,0,0.5,251295.40625,2.2645440773226,1.97837107203618,1.18138226141672,-0.00991888511276648,4.23299626424602,251299.639246264
17.3,-43.5667016676728,0,-3,0,25,-25,54.8366437174997,43.5667016676728,25,25,surface_ship_transition,0.1,0.182574185835055,0,0.5,251295.40625,2.27074695563921,1.97766288183146,1.1824639291728,-0.0323994798768034,4.21601035759387,251299.622260358
17.4,-43.2236567726517,0,-3,0,25,-25,54.564498575539,43.2236567726517,25,25,surface_ship_transition,0.1,0.182574185835055,0,0.5,251295.40625,2.27635560342182,1.97633818802107,1.1832453507273,-0.0554058816174398,4.19728790982545,251299.60353791
17.5,-42.8806118776307,0,-3,0,25,-25,54.2931567971508,42.8806118776307,25,25,surface_ship_transition,0.1,0.182574185835055,0,0.5,251295.40625,2.28133919953055,1.97436990446147,1.1837113462326,-0.0789453724895066,4.17676373150251,251299.583013731
17.6,-42.5375669826096,0,-3,0,25,-25,54.0226304876021,42.5375669826096,25,25,surface_ship_transition,0.1,0.182574185835055,0,0.5,251295.40625,2.2856658221465,1.97173001074688,1.18384610707489,-0.103025166320809,4.15437066657256,251299.560620667
17.7,-42.1945220875886,0,-3,0,25,-25,53.7529319591034,42.1945220875886,25,25,surface_ship_transition,0.1,0.182574185835055,0,0.5,251295.40625,2.28930242223696,1.96838952655547,1.18363317240492,-0.127652398723621,4.13003955006881,251299.53628955
17.8,-41.8514771925675,0,-3,0,25,-25,53.4840737341501,41.8514771925675,25,25,surface_ship_transition,0.1,0.182574185835055,0,0.5,251295.40625,2.2922147972478,1.96431848571962,1.18305540498146,-0.152834116804233,4.10369916616319,251299.509949166
17.9,-41.5084322975465,0,-3,0,25,-25,53.2160685488885,41.5084322975465,25,25,surface_ship_transition,0.1,0.182574185835055,0,0.5,251295.40625,2.29436756511344,1.95948591005674,1.18209496632631,-0.178577268465082,4.0752762067051,251299.481526207
18,-41.1653874025254,0,-3,0,25,-25,52.9489293565035,41.1653874025254,25,25,surface_ship_transition,0.1,0.182574185835055,0,0.5,251295.40625,2.29572413868314,1.95385978300149,1.18073329119262,-0.204888691294544,4.04469523039009,251299.45094523
18.1,-40.8223425075044,0,-3,0,25,-25,52.6826693306252,40.8223425075044,25,25,surface_ship_transition,0.1,0.182574185835055,0,0.5,251295.40625,2.29624670067055,1.94740702308491,1.17895106135096,-0.231775101040092,4.01187862271537,251299.418128623
18.2,-40.4792976124834,0,-3,0,25,-25,52.4173018687532,40.4792976124834,25,25,surface_ship_transition,0.1,0.182574185835055,0,0.5,251295.40625,2.2958961792422,1.94009345731136,1.17672817870037,-0.259243079661105,3.97674655689245,251299.382996557
18.3,-40.1362527174623,0,-3,0,25,-25,52.1528405956953,40.1362527174623,25,25,surface_ship_transition,0.1,0.182574185835055,0,0.5,251295.40625,2.29463222437031,1.93188379448929,1.17404373771561,-0.287299062958375,3.93921695590123,251299.345466956
18.4,-39.7932078224413,0,-3,0,25,-25,51.8892993670179,39.7932078224413,25,25,surface_ship_transition,0.1,0.182574185835055,0,0.5,251295.40625,2.29241318508483,1.92274159857839,1.17087599724517,-0.315949327778102,3.89920545588512,251299.305455456
18.5,-39.4501629274202,0,-3,0,25,-25,51.6266922725057,39.4501629274202,25,25,surface_ship_transition,0.1,0.182574185835055,0,0.5,251295.40625,2.28919608777005,1.91262926212167,1.16720235167929,-0.345199978788985,3.85662537110274,251299.262875371
18.6,-39.1071180323992,0,-3,0,25,-25,51.3650336396269,39.1071180323992,25,25,surface_ship_transition,0.1,0.182574185835055,0,0.5,251295.40625,2.28493661566214,1.9015079798381,1.16299930151184,-0.375056934831885,3.81138766066835,251299.217637661
18.7,-38.7640731373781,0,-3,0,25,-25,51.1043380370003,38.7640731373781,25,25,surface_ship_transition,0.1,0.182574185835055,0,0.5,251295.40625,2.279589089715,1.88933772245887,1.15824242332513,-0.405525914842531,3.76340089733134,251299.169650897
18.8,-38.4210282423571,0,-3,0,25,-25,50.8446202778622,38.4210282423571,25,25,surface_ship_transition,0.1,0.182574185835055,0,0.5,251295.40625,2.27310645101397,1.87607721089843,1.15290633923271,-0.4366124233487,3.7125712385637,251299.118821239
18.9,-38.077983347336,0,-3,0,25,-25,50.5858954235269,38.077983347336,25,25,surface_ship_transition,0.1,0.182574185835055,0,0.5,251295.40625,2.26544024492916,1.86168389085963,1.14696468582152,-0.468321735544407,3.65880240024439,251299.0650524
19,-37.734938452315,0,-3,0,25,-25,50.3281787868387,37.734938452315,25,25,surface_ship_transition,0.1,0.182574185835055,0,0.5,251295.40625,2.256540607213,1.84611390798201,1.14039008264195,-0.5006588819448,3.60199563325022,251299.008245633
19.1,-37.3918935572939,0,-3,0,25,-25,50.0714859356101,37.3918935572939,25,25,surface_ship_transition,0.1,0.182574185835055,0,0.5,251295.40625,2.24635625225998,1.82932208365168,1.13315410030185,-0.533628632626648,3.54204970328501,251298.948299703
19.2,-37.0488486622729,0,-3,0,25,-25,49.8158326960415,37.0488486622729,25,25,surface_ship_transition,0.1,0.182574185835055,0,0.5,251295.40625,2.23483446376035,1.81126189160181,1.12522722822942,-0.567235481060602,3.47886087430156,251298.885110874
19.3,-36.7058037672518,0,-3,0,25,-25,49.5612351561177,36.7058037672518,25,25,surface_ship_transition,0.1,0.182574185835055,0,0.5,251295.40625,2.22192108799385,1.79188543544426,1.11657884217888,-0.601483627542817,3.41232289589529,251298.818572896
19.4,-36.3627588722308,0,-3,0,25,-25,49.3077096689757,36.3627588722308,25,25,surface_ship_transition,0.1,0.182574185835055,0,0.5,251295.40625,2.20756053002394,1.77114342728437,1.10717717156316,-0.636376962234847,3.34232699507347,251298.748576995
19.5,-36.0197139772098,0,-3,0,25,-25,49.0552728562384,36.0197139772098,25,25,surface_ship_transition,0.1,0.182574185835055,0,0.5,251295.40625,2.19169575306842,1.74898516758425,1.09698926670878,-0.671919047822374,3.26876187283029,251298.675011873
19.6,-35.6766690821887,0,-3,0,25,-25,48.8039416113084,35.6766690821887,25,25,surface_ship_transition,0.1,0.182574185835055,0,0.5,251295.40625,2.17426828133727,1.72535852645305,1.08598096614024,-0.70811310180478,3.19151370598554,251298.597763706
19.7,-35.3336241871677,0,-3,0,25,-25,48.5537331026153,35.3336241871677,25,25,surface_ship_transition,0.1,0.182574185835055,0,0.5,251295.40625,2.15521820664459,1.70020992655761,1.07411686401431,-0.744961978429281,3.11046615477292,251298.516716155
19.8,-34.9905792921466,0,-3,0,25,-25,48.3046647768101,34.9905792921466,25,25,surface_ship_transition,0.1,0.182574185835055,0,0.5,251295.40625,2.13448419911692,1.67348432786195,1.06136027783858,-0.782468150285087,3.02550037669378,251298.431750377
19.9,-34.6475343971256,0,-3,0,25,-25,48.0567543619001,34.6475343971256,25,25,surface_ship_transition,0.1,0.182574185835055,0,0.5,251295.40625,2.11200352233667,1.64512521442072,1.04767321662441,-0.82063368957477,2.93649504718261,251298.342745047
20,-34.3044895021045,0,-3,0,25,-25,47.8100198703159,34.3044895021045,25,25,surface_ship_transition,0.1,0.182574185835055,0,0.5,251295.40625,2.08771205327514,1.61507458346895,1.03301634964042,-0.85946024908195,2.84332638766215,251298.249576388
20.1,-33.9614446070835,0,-3,0,25,-25,47.5644796019046,33.9614446070835,25,25,surface_ship_transition,0.1,0.182574185835055,0,0.5,251295.40625,2.06154430738586,1.58327293706887,1.01734897595112,-0.898949042856298,2.74586820159843,251298.152118202
20.2,-33.6183997120624,0,-3,0,25,-25,47.3201521468391,33.6183997120624,25,25,surface_ship_transition,0.1,0.182574185835055,0,0.5,251295.40625,2.03343346924462,1.54965927659406,1.00062899494415,-0.939100826638873,2.64399191919982,251298.050241919
20.3,-33.2753548170414,0,-3,0,25,-25,47.0770563884362,33.2753548170414,25,25,surface_ship_transition,0.1,0.182574185835055,0,0.5,251295.40625,2.00331142913869,1.51417110035178,0.982812878070407,-0.979915878052858,2.5375666514376,251297.943816651
20.4,-32.9323099220204,0,-3,0,25,-25,46.8352115058745,32.9323099220204,25,25,surface_ship_transition,0.1,0.182574185835055,0,0.5,251295.40625,1.97110882602228,1.47674440466596,0.963855642043609,-1.02139397658684,2.4264592541014,251297.832709254
20.5,-32.5892650269993,0,-3,0,25,-25,46.5946369768024,32.5892650269993,25,25,surface_ship_transition,0.1,0.182574185835055,0,0.5,251295.40625,1.93675509727092,1.43731368876633,0.943710823769518,-1.06353438340003,2.31053440263722,251297.716784403
20.6,-32.2462201319782,0,-3,0,25,-25,46.3553525798262,32.2462201319782,25,25,surface_ship_transition,0.1,0.182574185835055,0,0.5,251295.40625,1.90017853568048,1.39581196385291,0.922330457300433,-1.10633582098095,2.18965467855244,251297.595904679
20.7,-31.9031752369572,0,-3,0,25,-25,46.117378396869,31.9031752369572,25,25,surface_ship_transition,0.1,0.182574185835055,0,0.5,251295.40625,1.86130635417061,1.35217076673059,0.899665053137666,-1.1497964526935,2.0636806682077,251297.469930668
20.8,-31.5601303419362,0,-3,0,25,-25,45.8807348153885,31.5601303419362,25,25,surface_ship_transition,0.1,0.182574185835055,0,0.5,251295.40625,1.82006475866366,1.3063201784346,0.875663580233423,-1.19391386224641,1.93247107485185,251297.338721075
20.9,-31.2170854469151,0,-3,0,25,-25,45.6454425304433,31.2170854469151,25,25,surface_ship_transition,0.1,0.182574185835055,0,0.5,251295.40625,1.77637902962152,1.2581888482954,0.850273451074092,-1.23868503312474,1.79588284479218,251297.202132845
21,-30.8740405518941,0,-3,0,25,-25,45.411522546596,30.8740405518941,25,25,surface_ship_transition,0.1,0.182574185835055,0,0.5,251295.40625,1.73017361273146,1.20770402392022,0.823440510259162,-1.28410632802423,1.65377130862745,251297.060021309
21.1,-30.530995656873,0,-3,0,25,-25,45.1789961796408,30.530995656873,25,25,surface_ship_transition,0.1,0.182574185835055,0,0.5,251295.40625,1.68137221923986,1.15479158759786,0.795109027024154,-1.33017346833168,1.50599033850603,251296.912240339
21.2,-30.187950761852,0,-3,0,25,-25,44.9478850581426,30.187950761852,25,25,surface_ship_transition,0.1,0.182574185835055,0,0.5,251295.40625,1.62989793643777,1.0993760996648,0.765221692191708,-1.37688151369717,1.35239252240541,251296.758642522
21.3,-29.8449058668309,0,-3,0,25,-25,44.7182111247756,29.8449058668309,25,25,surface_ship_transition,0.1,0.182574185835055,0,0.5,251295.40625,1.57567334880539,1.04138084940197,0.733719620072631,-1.42422484174609,1.19282935646127,251296.599079356
21.4,-29.5018609718099,0,-3,0,25,-25,44.4899966374465,29.5018609718099,25,25,surface_ship_transition,0.1,0.182574185835055,0,0.5,251295.40625,1.51862067032238,0.980727914064329,0.700542355877972,-1.47219712798155,1.02715145640517,251296.433401456
21.5,-29.1588160767889,0,-3,0,25,-25,44.2632641701897,29.1588160767889,25,25,surface_ship_transition,0.1,0.182574185835055,0,0.5,251295.40625,1.45866188844864,0.917338226678956,0.665627889244079,-1.52079132592992,0.855208789197681,251296.261458789
21.6,-28.8157711817678,0,-3,0,25,-25,44.0380366138183,28.8157711817678,25,25,surface_ship_transition,0.1,0.182574185835055,0,0.5,251295.40625,1.3957189202734,0.851131653281248,0.628912674515055,-1.56999964758491,0.676850925969731,251296.083100926
21.7,-28.4727262867468,0,-3,0,25,-25,43.8143371763171,28.4727262867468,25,25,surface_ship_transition,0.1,0.182574185835055,0,0.5,251295.40625,1.32971378132084,0.782027080293151,0.590331658470735,-1.61981354420758,0.491927317406407,251295.898177317
21.8,-28.1296813917257,0,-3,0,25,-25,43.5921893829617,28.1296813917257,25,25,surface_ship_transition,0.1,0.182574185835055,0,0.5,251295.40625,1.26056876748611,0.709942512782102,0.5498183162333,-1.6702236875422,0.300287592726009,251295.706537593
21.9,-27.7866364967047,0,-3,0,25,-25,43.3716170761479,27.7866364967047,25,25,surface_ship_transition,0.1,0.182574185835055,0,0.5,251295.40625,1.18820665055675,0.634795184373723,0.5073046961315,-1.72121995150999,0.101781883420485,251295.508031883
22,-27.4435916016836,0,-3,0,25,-25,43.1526444149139,27.4435916016836,25,25,surface_ship_transition,0.1,0.182574185835055,0,0.5,251295.40625,1.11255088775085,0.556501679625352,0.46272147434798,-1.77279139444494,-0.103738827068732,251295.302511173
22.1,-27.1005467066626,0,-3,0,25,-25,42.9352958741407,27.1005467066626,25,25,surface_ship_transition,0.1,0.182574185835055,0,0.5,251295.40625,1.03352584567387,0.474978069700804,0.415998020222047,-1.82492624193783,-0.316422326563156,251295.089827673
22.2,-26.7575018116415,0,-3,0,25,-25,42.7195962434104,26.7575018116415,25,25,surface_ship_transition,0.1,0.182574185835055,0,0.5,251295.40625,0.951057039060971,0.390140062218674,0.367062473126919,-1.87761187035677,-0.53641476907712,251294.869835231
22.3,-26.4144569166205,0,-3,0,25,-25,42.5055706255074,26.4144569166205,25,25,surface_ship_transition,0.1,0.182574185835055,0,0.5,251295.40625,0.865071384630029,0.30190316617676,0.315841831886617,-1.93083479111402,-0.763860240307229,251294.64238976
22.4,-26.0714120215994,0,-3,0,25,-25,42.293244434543,26.0714120215994,25,25,surface_ship_transition,0.1,0.182574185835055,0,0.5,251295.40625,0.775497470322312,0.210182872883165,0.26226205774266,-1.98458063575092,-0.998900292545447,251294.407349707
22.5,-25.7283671265784,0,-3,0,25,-25,42.0826433936843,25.7283671265784,25,25,surface_ship_transition,0.1,0.182574185835055,0,0.5,251295.40625,0.682265840151945,0.114894853849416,0.206248191923765,-2.038834141914,-1.24167344791264,251294.164576552
22.6,-25.3853222315573,0,-3,0,25,-25,41.8737935324709,25.3853222315573,25,25,surface_ship_transition,0.1,0.182574185835055,0,0.5,251295.40625,0.585309294822291,0.015955176622299,0.147724488912462,-2.09357914029671,-1.49231466885212,251293.913935331
22.7,-25.0422773365363,0,-3,0,25,-25,41.6667211836977,25.0422773365363,25,25,surface_ship_transition,0.1,0.182574185835055,0,0.5,251295.40625,0.484563208195588,-0.086719460452455,0.0866145665395426,-2.14879854262268,-1.75095479487955,251293.655295205
22.8,-24.6992324415153,0,-3,0,25,-25,41.4614529798462,24.6992324415153,25,25,surface_ship_transition,0.1,0.182574185835055,0,0.5,251295.40625,0.379965859622538,-0.193211473530267,0.0228415740701289,-2.2044743307469,-2.01771994465463,251293.388530055
22.9,-24.3561875464942,0,-3,0,25,-25,41.2580158490444,24.3561875464942,25,25,surface_ship_transition,0.1,0.182574185835055,0,0.5,251295.40625,0.271458782049539,-0.303602117622727,-0.0436716205276012,-2.26058754695231,-2.2927308825255,251293.113519117
23,-24.0131426514732,0,-3,0,25,-25,41.0564370105347,24.0131426514732,25,25,surface_ship_transition,0.1,0.182574185835055,0,0.5,251295.40625,0.158987125723334,-0.417971189001883,-0.113002222919389,-2.31711828551971,-2.57610234879826,251292.830147651
23.1,-23.6700977564521,0,-3,0,25,-25,40.8567439696313,23.6700977564521,25,25,surface_ship_transition,0.1,0.182574185835055,0,0.5,251295.40625,0.0425000372053247,-0.53639670466024,-0.18522728312328,-2.37404568564897,-2.86794235310388,251292.538307647
23.2,-23.3270528614311,0,-3,0,25,-25,40.6589645121466,23.3270528614311,25,25,surface_ship_transition,0.1,0.182574185835055,0,0.5,251295.40625,-0.078048946709341,-0.658954557855497,-0.260423443382067,-2.43134792580974,-3.16835143037458,251292.23789857
23.3,-22.98400796641,0,-3,0,25,-25,40.4631266982669,22.98400796641,25,25,surface_ship_transition,0.1,0.182574185835055,0,0.5,251295.40625,-0.202701490699773,-0.785718148803445,-0.338666661970368,-2.48900221959936,-3.47742185910258,251291.928828141
23.4,-22.640963071389,0,-3,0,25,-25,40.2692588558568,22.640963071389,25,25,surface_ship_transition,0.1,0.182574185835055,0,0.5,251295.40625,-0.331494038922988,-0.916757989630256,-0.4200319117377,-2.54698481318502,-3.79523684173826,251291.611013158
23.5,-22.2979181763679,0,-3,0,25,-25,40.0773895731745,22.2979181763679,25,25,surface_ship_transition,0.1,0.182574185835055,0,0.5,251295.40625,-0.46445738012863,-1.0521412827588,-0.50459285222456,-2.60527098440646,-4.12186964729389,251291.284380353
23.6,-21.9548732813469,0,-3,0,25,-25,39.8875476909774,21.9548732813469,25,25,surface_ship_transition,0.1,0.182574185835055,0,0.5,251295.40625,-0.601616200856064,-1.19193147198358,-0.592421474240595,-2.66383504361386,-4.45738271645351,251290.948867284
23.7,-21.6118283863259,0,-3,0,25,-25,39.6997622939987,21.6118283863259,25,25,surface_ship_transition,0.1,0.182574185835055,0,0.5,251295.40625,-0.742988627851148,-1.33618776558854,-0.683587715865272,-2.72265033631437,-4.80182672975407,251290.60442327
23.8,-21.2687834913048,0,-3,0,25,-25,39.5140627017774,21.2687834913048,25,25,surface_ship_transition,0.1,0.182574185835055,0,0.5,251295.40625,-0.888585761014207,-1.48496463098217,-0.778159048923536,-2.78168924769822,-5.15523963969459,251290.25101036
23.9,-20.9257385962838,0,-3,0,25,-25,39.3304784588238,20.9257385962838,25,25,surface_ship_transition,0.1,0.182574185835055,0,0.5,251295.40625,-1.03841119837368,-1.63831126046808,-0.876200035104641,-2.8409232091133,-5.51764566795506,251289.888604332
24,-20.5826937012627,0,-3,0,25,-25,39.1490393241009,20.5826937012627,25,25,surface_ship_transition,0.1,0.182574185835055,0,0.5,251295.40625,-1.19246055477056,-1.79627100793847,-0.977771851033945,-2.90032270655429,-5.88905426926332,251289.517195731
24.1,-20.2396488062417,0,-3,0,25,-25,38.9697752598087,20.2396488062417,25,25,surface_ship_transition,0.1,0.182574185835055,0,0.5,251295.40625,-1.35072097613553,-1.95888079647403,-1.08293178177702,-2.9598572912289,-6.26945906383846,251289.136790936
24.2,-19.8966039112206,0,-3,0,25,-25,38.7927164194517,19.8966039112206,25,25,surface_ship_transition,0.1,0.182574185835055,0,0.5,251295.40625,-1.51317065144378,-2.12617049706058,-1.19173268245614,-3.01949559226062,-6.65883674076498,251288.747413259
24.3,-19.5535590161996,0,-3,0,25,-25,38.6178931351776,19.5535590161996,25,25,surface_ship_transition,0.1,0.182574185835055,0,0.5,251295.40625,-1.67977832463917,-2.29816227889055,-1.3042224078925,-3.07920533158315,-7.05714593511287,251288.349104065
24.4,-19.2105141211785,0,-3,0,25,-25,38.4453359043721,19.2105141211785,25,25,surface_ship_transition,0.1,0.182574185835055,0,0.5,251295.40625,-1.85050280902905,-2.47486993200919,-1.4204432104566,-3.13895334107712,-7.46432608211537,251287.941923918
24.5,-18.8674692261575,0,-3,0,25,-25,38.2750753754973,18.8674692261575,25,25,surface_ship_transition,0.1,0.182574185835055,0,0.5,251295.40625,-2.02529250686192,-2.65629816339296,-1.54043110661555,-3.19870558199518,-7.88029625225006,251287.525953748
24.6,-18.5244243311364,0,-3,0,25,-25,38.1071423331637,18.5244243311364,25,25,surface_ship_transition,0.1,0.182574185835055,0,0.5,251295.40625,-2.20408493700916,-2.84244186791144,-1.66421521301158,-3.25842716671598,-8.30495397163658,251287.101296028
24.7,-18.1813794361154,0,-3,0,25,-25,37.9415676824245,18.1813794361154,25,25,surface_ship_transition,0.1,0.182574185835055,0,0.5,251295.40625,-2.3868062738791,-3.03328537602706,-1.79181705329287,-3.31808238286207,-8.73817403276824,251286.668075967
24.8,-17.8383345410944,0,-3,0,25,-25,37.7783824322853,17.8383345410944,25,25,surface_ship_transition,0.1,0.182574185835055,0,0.5,251295.40625,-2.57337090089188,-3.22880168052844,-1.92324983734615,-3.3776347198105,-9.17980730123082,251286.226442699
24.9,-17.4952896460733,0,-3,0,25,-25,37.617617678423,17.4952896460733,25,25,surface_ship_transition,0.1,0.182574185835055,0,0.5,251295.40625,-2.76368098203616,-3.42895164507321,-2.05851771505179,-3.43704689761853,-9.6296795247279,251285.776570475
25,-17.1522447510523,0,-3,0,25,-25,37.4593045851094,17.1522447510523,25,25,surface_ship_transition,0.1,0.182574185835055,0,0.5,251295.40625,-2.95762605521041,-3.63368319783665,-2.19761500719575,-3.49628089837987,-10.0875901514269,251285.318659849
25.1,-16.8091998560312,0,-3,0,25,-25,37.3034743663375,16.8091998560312,25,25,surface_ship_transition,0.1,0.182574185835055,0,0.5,251295.40625,-3.15508265121796,-3.84293051411844,-2.34052541672835,-3.55529800001966,-10.5533111653561,251284.852938835
25.2,-16.4661549610102,0,-3,0,25,-25,37.1501582661501,16.4661549610102,25,25,surface_ship_transition,0.1,0.182574185835055,0,0.5,251295.40625,-3.35591394243551,-4.05661319235321,-2.48722122415517,-3.61405881252873,-11.0265859473174,251284.379664053
25.3,-16.1231100659891,0,-3,0,25,-25,36.9993875381742,16.1231100659891,25,25,surface_ship_transition,0.1,0.182574185835055,0,0.5,251295.40625,-3.55996942530344,-4.27463542859519,-2.6376624714786,-3.67252331662973,-11.5071281705284,251283.899121829
25.4,-15.7800651709681,0,-3,0,25,-25,36.8511934243655,15.7800651709681,25,25,surface_ship_transition,0.1,0.182574185835055,0,0.5,251295.40625,-3.76708464089082,-4.49688519520075,-2.79179613977494,-3.73065090485934,-11.9946207409509,251283.411629259
25.5,-15.437020275947,0,-3,0,25,-25,36.7056071329708,15.437020275947,25,25,surface_ship_transition,0.1,0.182574185835055,0,0.5,251295.40625,-3.9770809378657,-4.72323343010889,-2.94955532618682,-3.78840042504237,-12.488714793017,251282.917535207
25.6,-15.093975380926,0,-3,0,25,-25,36.5626598157191,15.093975380926,25,25,surface_ship_transition,0.1,0.182574185835055,0,0.5,251295.40625,-4.18976528224595,-4.95353324381193,-3.11085842682781,-3.84573022612448,-12.9890287521824,251282.417221248
25.7,-14.7509304859049,0,-3,0,25,-25,36.4223825442543,14.7509304859049,25,25,surface_ship_transition,0.1,0.182574185835055,0,0.5,251295.40625,-4.40493011831739,-5.18761915180891,-3.27560833282655,-3.90259820632123,-13.4951474764475,251281.911102524
25.8,-14.4078855908839,0,-3,0,25,-25,36.2848062858271,14.4078855908839,25,25,surface_ship_transition,0.1,0.182574185835055,0,0.5,251295.40625,-4.62235328507734,-5.42530634103201,-3.44369164747313,-3.95896186353211,-14.0066214896415,251281.39962851
25.9,-14.0648406958629,0,-3,0,25,-25,36.1499618782648,14.0648406958629,25,25,surface_ship_transition,0.1,0.182574185835055,0,0.5,251295.40625,-4.84179799249226,-5.66638997942083,-3.61497793315794,-4.01477834795831,-14.5229663198714,251280.88328368
26,-13.7217958008418,0,-3,0,25,-25,36.0178800042423,13.7217958008418,25,25,surface_ship_transition,0.1,0.182574185835055,0,0.5,251295.40625,-5.06301286174336,-5.91064457847749,-3.78931899750171,-4.07000451685387,-15.0436619570747,251280.362588043
26.1,-13.3787509058208,0,-3,0,25,-25,35.8885911648814,13.3787509058208,25,25,surface_ship_transition,0.1,0.182574185835055,0,0.5,251295.40625,-5.28573203347092,-6.15782341925144,-3.9665482287481,-4.12459699132987,-15.5681524440522,251279.838097556
26.2,-13.0357060107997,0,-3,0,25,-25,35.7621256527069,13.0357060107997,25,25,surface_ship_transition,0.1,0.182574185835055,0,0.5,251295.40625,-5.50967534781493,-6.40765805276232,-4.14647999111279,-4.17851221512198,-16.0958456156992,251279.310404384
26.3,-12.6926611157787,0,-3,0,25,-25,35.6385135239954,12.6926611157787,25,25,surface_ship_transition,0.1,0.182574185835055,0,0.5,251295.40625,-5.73454859978342,-6.65985788635172,-4.32890909133579,-4.23170651522154,-16.6261130013567,251278.780136999
26.4,-12.3496162207576,0,-3,0,25,-25,35.51778457055,12.3496162207576,25,25,surface_ship_transition,0.1,0.182574185835055,0,0.5,251295.40625,-5.96004387315935,-6.91410986784389,-4.51361032814861,-4.2841361642615,-17.1582899052647,251278.247960095
26.5,-12.0065713257366,0,-3,0,25,-25,35.3999682909462,12.0065713257366,25,25,surface_ship_transition,0.1,0.182574185835055,0,0.5,251295.40625,-6.18583995578147,-7.17007827966926,-4.7003381367244,-4.33575744453817,-17.6916756799889,251277.71457432
26.6,-11.6635264307155,0,-3,0,25,-25,35.2850938612894,11.6635264307155,25,25,surface_ship_transition,0.1,0.182574185835055,0,0.5,251295.40625,-6.41160283860219,-7.42740465524278,-4.88882634040536,-4.38652671354132,-18.2255342073863,251277.180715793
26.7,-11.3204815356945,0,-3,0,25,-25,35.1731901055335,11.3204815356945,25,25,surface_ship_transition,0.1,0.182574185835055,0,0.5,251295.40625,-6.63698630043934,-7.68570782987146,-5.07878802207709,-4.43640047085546,-18.7590946011663,251276.647155399
26.8,-10.9774366406734,0,-3,0,25,-25,35.0642854654134,10.9774366406734,25,25,surface_ship_transition,0.1,0.182574185835055,0,0.5,251295.40625,-6.86163257979651,-7.94458413826915,-5.26991552746189,-4.4853354262867,-19.2915521443524,251276.114697856
26.9,-10.6343917456524,0,-3,0,25,-25,34.9584079700435,10.6343917456524,25,25,surface_ship_transition,0.1,0.182574185835055,0,0.5,251295.40625,-7.085173134533,-8.20360777036327,-5.46188061231154,-4.533288569061,-19.8220694739573,251275.584180526
27,-10.2913468506314,0,-3,0,25,-25,34.8555852052436,10.2913468506314,25,25,surface_ship_transition,0.1,0.182574185835055,0,0.5,251295.40625,-7.30722948952172,-8.46233129646834,-5.65433474497636,-4.58021723793167,-20.3497780239217,251275.056471976
27.1,-9.9483019556103,0,-3,0,25,-25,34.7558442826527,9.9483019556103,25,25,surface_ship_transition,0.1,0.182574185835055,0,0.5,251295.40625,-7.5274141717435,-8.72028637205713,-5.84690957509155,-4.6260791920262,-20.8737797358268,251274.532470264
27.2,-9.60525706058927,0,-3,0,25,-25,34.6592118086952,9.60525706058927,25,25,surface_ship_transition,0.1,0.182574185835055,0,0.5,251295.40625,-7.74533173153744,-8.97698463127044,-6.03921757814256,-4.67083268225575,-21.3931490450636,251274.013100955
27.3,-9.26221216556822,0,-3,0,25,-25,34.5657138534705,9.26221216556822,25,25,surface_ship_transition,0.1,0.182574185835055,0,0.5,251295.40625,-7.96057984796165,-9.23191877695843,-6.23085288443396,-4.71443652310372,-21.9069351480238,251273.499314852
27.4,-8.91916727054718,0,-3,0,25,-25,34.4753759196328,8.91916727054718,25,25,surface_ship_transition,0.1,0.182574185835055,0,0.5,251295.40625,-8.17275051542532,-9.48456387343552,-6.42139229948678,-4.75685016460411,-22.4141645534649,251272.992085447
27.5,-8.57612237552613,0,-3,0,25,-25,34.3882229113399,8.57612237552613,25,25,surface_ship_transition,0.1,0.182574185835055,0,0.5,251295.40625,-8.38143130793994,-9.73437884625738,-6.61039652112516,-4.79803376431507,-22.9138439185124,251272.492406081
27.6,-8.23307748050507,0,-3,0,25,-25,34.3042791033422,8.23307748050507,25,25,surface_ship_transition,0.1,0.182574185835055,0,0.5,251295.40625,-8.5862067165103,-9.98080819119567,-6.79741155648794,-4.83794825908861,-23.4049631667946,251272.001286833
27.7,-7.89003258548404,0,-3,0,25,-25,34.223568110295,7.89003258548404,25,25,surface_ship_transition,0.1,0.182574185835055,0,0.5,251295.40625,-8.78665955435747,-10.2232838922095,-6.98197033992797,-4.87655543643328,-23.8864988830002,251271.519751117
27.8,-7.546987690463,0,-3,0,25,-25,34.1461128563706,7.546987690463,25,25,surface_ship_transition,0.1,0.182574185835055,0,0.5,251295.40625,-8.98237242384376,-10.4612275456078,-7.16359455025632,-4.91381800526416,-24.3574179747157,251271.048832025
27.9,-7.20394279544196,0,-3,0,25,-25,34.0719355452548,7.20394279544196,25,25,surface_ship_transition,0.1,0.182574185835055,0,0.5,251295.40625,-9.17292923816471,-10.6940526847954,-7.34179662307967,-4.9496996658318,-24.8166815887919,251270.589568411
28,-6.86089790042091,0,-3,0,25,-25,34.0010576306091,6.86089790042091,25,25,surface_ship_transition,0.1,0.182574185835055,0,0.5,251295.40625,-9.35791679009775,-10.9211672970252,-7.51608195109741,-4.98416517862072,-25.2632492657436,251270.143000734
28.1,-6.51785300539986,0,-3,0,25,-25,33.9334997870836,6.51785300539986,25,25,surface_ship_transition,0.1,0.182574185835055,0,0.5,251295.40625,-9.53692635936046,-11.1419765204945,-7.68595126221399,-5.01718043200774,-25.6960833118627,251269.710166688
28.2,-6.17480811037882,0,-3,0,25,-25,33.869281881965,6.17480811037882,25,25,surface_ship_transition,0.1,0.182574185835055,0,0.5,251295.40625,-9.70955534944657,-11.355885506957,-7.85090316222936,-5.04871250847053,-26.1141533648741,251269.292096635
28.3,-5.83176321535777,0,-3,0,25,-25,33.8084229475437,5.83176321535777,25,25,surface_ship_transition,0.1,0.182574185835055,0,0.5,251295.40625,-9.87540894418493,-11.5623024318499,-8.01043682575194,-5.07872974913866,-26.5164411251735,251268.889808875
28.4,-5.48871832033673,0,-3,0,25,-25,33.7509411542849,5.48871832033673,25,25,surface_ship_transition,0.1,0.182574185835055,0,0.5,251295.40625,-10.0341017737172,-11.7606416308043,-8.16405481589635,-5.10720181648138,-26.9019452210029,251268.504304779
28.5,-5.14567342531568,0,-3,0,25,-25,33.6968537848862,5.14567342531568,25,25,surface_ship_transition,0.1,0.182574185835055,0,0.5,251295.40625,-10.1852595791244,-11.9503268383939,-8.31126601034829,-5.13409975492998,-27.2696861724482,251268.136563828
28.6,-4.80262853029463,0,-3,0,25,-25,33.6461772093057,4.80262853029463,25,25,surface_ship_transition,0.1,0.182574185835055,0,0.5,251295.40625,-10.3285208645593,-12.1307945021477,-8.45158860857087,-5.15939604923672,-27.6187114159437,251267.787538584
28.7,-4.45958363527359,0,-3,0,25,-25,33.5989268608389,4.45958363527359,25,25,surface_ship_transition,0.1,0.182574185835055,0,0.5,251295.40625,-10.4635385254729,-12.3014971422814,-8.58455319236281,-5.18306468037756,-27.9481003481319,251267.458149652
28.8,-4.11653874025254,0,-3,0,25,-25,33.5551172133253,4.11653874025254,25,25,surface_ship_transition,0.1,0.182574185835055,0,0.5,251295.40625,-10.5899814413603,-12.4619067253574,-8.70970580972846,-5.20508117881216,-28.2569693455299,251267.149280654
28.9,-3.7734938452315,0,-3,0,25,-25,33.514761759559,3.7734938452315,25,25,surface_ship_transition,0.1,0.182574185835055,0,0.5,251295.40625,-10.7075360214091,-12.6115180182402,-8.82661105015227,-5.22542267492139,-28.5444767145707,251266.861773285
29,-3.43044895021045,0,-3,0,25,-25,33.4778729909772,3.43044895021045,25,25,surface_ship_transition,0.1,0.182574185835055,0,0.5,251295.40625,-10.8159076915074,-12.7498518873269,-8.93485507794933,-5.2440679464512,-28.8098275252854,251266.596422475
29.1,-3.0874040551894,0,-3,0,25,-25,33.4444623786958,3.0874040551894,25,25,surface_ship_transition,0.1,0.182574185835055,0,0.5,251295.40625,-10.9148223112705,-12.876458507166,-9.03404858944447,-5.26099746279979,-29.0522782812362,251266.353971719
29.2,-2.74435916016836,0,-3,0,25,-25,33.4145403559588,2.74435916016836,25,25,surface_ship_transition,0.1,0.182574185835055,0,0.5,251295.40625,-11.0040275100695,-12.9909204422761,-9.1238296593638,-5.27619342599521,-29.2711413783409,251266.135108622
29.3,-2.40131426514731,0,-3,0,25,-25,33.3881163020617,2.40131426514731,25,25,surface_ship_transition,0.1,0.182574185835055,0,0.5,251295.40625,-11.0832939314953,-13.0928555662712,-9.20386644203934,-5.28963980822074,-29.4657893059873,251265.940460694
29.4,-2.05826937012627,0,-3,0,25,-25,33.3651985278074,2.05826937012627,25,25,surface_ship_transition,0.1,0.182574185835055,0,0.5,251295.40625,-11.152416376264,-13.1819197833208,-9.27385969385216,-5.3013223857568,-29.6356585453417,251265.770591455
29.5,-1.71522447510523,0,-3,0,25,-25,33.3457942625453,1.71522447510523,25,25,surface_ship_transition,0.1,0.182574185835055,0,0.5,251295.40625,-11.2112148342608,-13.2578095185231,-9.33354508478245,-5.31122876921969,-29.7802531220036,251265.625996878
29.6,-1.37217958008418,0,-3,0,25,-25,33.3299096428418,1.37217958008418,25,25,surface_ship_transition,0.1,0.182574185835055,0,0.5,251295.40625,-11.2595353972198,-13.3202639459402,-9.38269526898606,-5.3193484299903,-29.8991477731503,251265.507102227
29.7,-1.02913468506314,0,-3,0,25,-25,33.3175497028218,1.02913468506314,25,25,surface_ship_transition,0.1,0.182574185835055,0,0.5,251295.40625,-11.2972510444459,-13.3690669258155,-9.42112168695612,-5.32567272273882,-29.9919906930002,251265.414259307
29.8,-0.686089790042089,0,-3,0,25,-25,33.3087183662176,0.686089790042089,25,25,surface_ship_transition,0.1,0.182574185835055,0,0.5,251295.40625,-11.3242622949798,-13.4040486258218,-9.44867607501492,-5.33019490396529,-30.0585058247669,251265.347744175
29.9,-0.343044895021052,0,-3,0,25,-25,33.3034184401542,0.343044895021052,25,25,surface_ship_transition,0.1,0.182574185835055,0,0.5,251295.40625,-11.3404977206938,-13.425086805019,-9.46525166156124,-5.33291014648925,-30.0984946722021,251265.307755328
30,0,0,-3,0,25,-25,33.3016516106934,0,25,25,surface_ship_transition,0.1,0.182574185835055,0,0.5,251295.40625,-11.3459143159544,-13.4321077434623,-9.47078403360373,-5.33381554983708,-30.1118376092538,251265.294412391
30.1,0.343044895021052,0,-3,0,25,-25,33.3034184401542,-0.343044895021052,25,25,surface_ship_transition,0.1,0.182574185835055,0,0.5,251295.40625,-11.3404977206938,-13.425086805019,-9.46525166156124,-5.33291014648925,-30.0984946722021,251265.307755328
30.2,0.686089790042089,0,-3,0,25,-25,33.3087183662176,-0.686089790042089,25,25,surface_ship_transition,0.1,0.182574185835055,0,0.5,251295.40625,-11.3242622949798,-13.4040486258218,-9.44867607501492,-5.33019490396529,-30.0585058247669,251265.347744175
30.3,1.02913468506314,0,-3,0,25,-25,33.3175497028218,-1.02913468506314,25,25,surface_ship_transition,0.1,0.182574185835055,0,0.5,251295.40625,-11.2972510444459,-13.3690669258155,-9.42112168695612,-5.32567272273882,-29.9919906930002,251265.414259307
30.4,1.37217958008418,0,-3,0,25,-25,33.3299096428418,-1.37217958008418,25,25,surface_ship_transition,0.1,0.182574185835055,0,0.5,251295.40625,-11.2595353972198,-13.3202639459402,-9.38269526898606,-5.3193484299903,-29.8991477731503,251265.507102227
30.5,1.71522447510523,0,-3,0,25,-25,33.3457942625453,-1.71522447510523,25,25,surface_ship_transition,0.1,0.182574185835055,0,0.5,251295.40625,-11.2112148342608,-13.2578095185231,-9.33354508478245,-5.31122876921969,-29.7802531220036,251265.625996878
30.6,2.05826937012628,0,-3,0,25,-25,33.3651985278074,-2.05826937012628,25,25,surface_ship_transition,0.1,0.182574185835055,0,0.5,251295.40625,-11.152416376264,-13.1819197833208,-9.27385969385216,-5.3013223857568,-29.6356585453417,251265.770591455
30.7,2.40131426514732,0,-3,0,25,-25,33.3881163020617,-2.40131426514732,25,25,surface_ship_transition,0.1,0.182574185835055,0,0.5,251295.40625,-11.0832939314953,-13.0928555662712,-9.20386644203934,-5.28963980822074,-29.4657893059873,251265.940460694
30.8,2.74435916016837,0,-3,0,25,-25,33.4145403559588,-2.74435916016837,25,25,surface_ship_transition,0.1,0.182574185835055,0,0.5,251295.40625,-11.0040275100695,-12.9909204422761,-9.1238296593638,-5.27619342599521,-29.2711413783409,251266.135108622
30.9,3.08740405518941,0,-3,0,25,-25,33.4444623786958,-3.08740405518941,25,25,surface_ship_transition,0.1,0.182574185835055,0,0.5,251295.40625,-10.9148223112705,-12.876458507166,-9.03404858944446,-5.2609974627998,-29.0522782812362,251266.353971719
31,3.43044895021046,0,-3,0,25,-25,33.4778729909772,-3.43044895021046,25,25,surface_ship_transition,0.1,0.182574185835055,0,0.5,251295.40625,-10.8159076915074,-12.7498518873268,-8.93485507794933,-5.2440679464512,-28.8098275252854,251266.596422475
31.1,3.7734938452315,0,-3,0,25,-25,33.514761759559,-3.7734938452315,25,25,surface_ship_transition,0.1,0.182574185835055,0,0.5,251295.40625,-10.7075360214091,-12.6115180182402,-8.82661105015227,-5.22542267492139,-28.5444767145707,251266.861773285
31.2,4.11653874025255,0,-3,0,25,-25,33.5551172133253,-4.11653874025255,25,25,surface_ship_transition,0.1,0.182574185835055,0,0.5,251295.40625,-10.5899814413603,-12.4619067253574,-8.70970580972846,-5.20508117881216,-28.2569693455299,251267.149280654
31.3,4.45958363527359,0,-3,0,25,-25,33.5989268608389,-4.45958363527359,25,25,surface_ship_transition,0.1,0.182574185835055,0,0.5,251295.40625,-10.4635385254729,-12.3014971422814,-8.58455319236281,-5.18306468037756,-27.9481003481319,251267.458149652
31.4,4.80262853029463,0,-3,0,25,-25,33.6461772093057,-4.80262853029463,25,25,surface_ship_transition,0.1,0.182574185835055,0,0.5,251295.40625,-10.3285208645593,-12.1307945021477,-8.45158860857087,-5.15939604923672,-27.6187114159437,251267.787538584
31.5,5.14567342531568,0,-3,0,25,-25,33.6968537848862,-5.14567342531568,25,25,surface_ship_transition,0.1,0.182574185835055,0,0.5,251295.40625,-10.1852595791244,-11.9503268383939,-8.31126601034829,-5.13409975492998,-27.2696861724482,251268.136563828
31.6,5.48871832033673,0,-3,0,25,-25,33.7509411542849,-5.48871832033673,25,25,surface_ship_transition,0.1,0.182574185835055,0,0.5,251295.40625,-10.0341017737172,-11.7606416308043,-8.16405481589635,-5.10720181648138,-26.9019452210029,251268.504304779
31.7,5.83176321535777,0,-3,0,25,-25,33.8084229475437,-5.83176321535777,25,25,surface_ship_transition,0.1,0.182574185835055,0,0.5,251295.40625,-9.87540894418493,-11.5623024318499,-8.01043682575194,-5.07872974913866,-26.5164411251735,251268.889808875
31.8,6.17480811037882,0,-3,0,25,-25,33.869281881965,-6.17480811037882,25,25,surface_ship_transition,0.1,0.182574185835055,0,0.5,251295.40625,-9.70955534944657,-11.355885506957,-7.85090316222936,-5.04871250847053,-26.1141533648741,251269.292096635
31.9,6.51785300539986,0,-3,0,25,-25,33.9334997870836,-6.51785300539986,25,25,surface_ship_transition,0.1,0.182574185835055,0,0.5,251295.40625,-9.53692635936046,-11.1419765204945,-7.68595126221399,-5.01718043200774,-25.6960833118627,251269.710166688
32,6.86089790042091,0,-3,0,25,-25,34.0010576306091,-6.86089790042091,25,25,surface_ship_transition,0.1,0.182574185835055,0,0.5,251295.40625,-9.35791679009775,-10.9211672970252,-7.51608195109741,-4.98416517862072,-25.2632492657436,251270.143000734
32.1,7.20394279544196,0,-3,0,25,-25,34.0719355452548,-7.20394279544196,25,25,surface_ship_transition,0.1,0.182574185835055,0,0.5,251295.40625,-9.17292923816471,-10.6940526847954,-7.34179662307967,-4.9496996658318,-24.8166815887919,251270.589568411
32.2,7.54698769046301,0,-3,0,25,-25,34.1461128563706,-7.54698769046301,25,25,surface_ship_transition,0.1,0.182574185835055,0,0.5,251295.40625,-8.98237242384375,-10.4612275456078,-7.16359455025631,-4.91381800526416,-24.3574179747157,251271.048832025
32.3,7.89003258548404,0,-3,0,25,-25,34.223568110295,-7.89003258548404,25,25,surface_ship_transition,0.1,0.182574185835055,0,0.5,251295.40625,-8.78665955435747,-10.2232838922095,-6.98197033992797,-4.87655543643328,-23.8864988830002,251271.519751117
32.4,8.23307748050509,0,-3,0,25,-25,34.3042791033422,-8.23307748050509,25,25,surface_ship_transition,0.1,0.182574185835055,0,0.5,251295.40625,-8.58620671651029,-9.98080819119565,-6.79741155648794,-4.83794825908861,-23.4049631667946,251272.001286833
32.5,8.57612237552614,0,-3,0,25,-25,34.3882229113399,-8.57612237552614,25,25,surface_ship_transition,0.1,0.182574185835055,0,0.5,251295.40625,-8.38143130793993,-9.73437884625737,-6.61039652112515,-4.79803376431507,-22.9138439185124,251272.492406081
32.6,8.91916727054719,0,-3,0,25,-25,34.4753759196328,-8.91916727054719,25,25,surface_ship_transition,0.1,0.182574185835055,0,0.5,251295.40625,-8.1727505154253,-9.48456387343551,-6.42139229948678,-4.75685016460411,-22.4141645534649,251272.992085447
32.7,9.26221216556823,0,-3,0,25,-25,34.5657138534705,-9.26221216556823,25,25,surface_ship_transition,0.1,0.182574185835055,0,0.5,251295.40625,-7.96057984796164,-9.23191877695842,-6.23085288443395,-4.71443652310372,-21.9069351480238,251273.499314852
32.8,9.60525706058927,0,-3,0,25,-25,34.6592118086952,-9.60525706058927,25,25,surface_ship_transition,0.1,0.182574185835055,0,0.5,251295.40625,-7.74533173153744,-8.97698463127044,-6.03921757814256,-4.67083268225575,-21.3931490450636,251274.013100955
32.9,9.94830195561032,0,-3,0,25,-25,34.7558442826527,-9.94830195561032,25,25,surface_ship_transition,0.1,0.182574185835055,0,0.5,251295.40625,-7.52741417174349,-8.72028637205712,-5.84690957509154,-4.6260791920262,-20.8737797358268,251274.532470264
33,10.2913468506314,0,-3,0,25,-25,34.8555852052436,-10.2913468506314,25,25,surface_ship_transition,0.1,0.182574185835055,0,0.5,251295.40625,-7.30722948952172,-8.46233129646834,-5.65433474497636,-4.58021723793167,-20.3497780239217,251275.056471976
33.1,10.6343917456524,0,-3,0,25,-25,34.9584079700435,-10.6343917456524,25,25,surface_ship_transition,0.1,0.182574185835055,0,0.5,251295.40625,-7.085173134533,-8.20360777036327,-5.46188061231154,-4.533288569061,-19.8220694739573,251275.584180526
33.2,10.9774366406735,0,-3,0,25,-25,35.0642854654134,-10.9774366406735,25,25,surface_ship_transition,0.1,0.182574185835055,0,0.5,251295.40625,-6.8616325797965,-7.94458413826914,-5.26991552746188,-4.4853354262867,-19.2915521443523,251276.114697856
33.3,11.3204815356945,0,-3,0,25,-25,35.1731901055335,-11.3204815356945,25,25,surface_ship_transition,0.1,0.182574185835055,0,0.5,251295.40625,-6.63698630043935,-7.68570782987147,-5.0787880220771,-4.43640047085546,-18.7590946011663,251276.647155399
33.4,11.6635264307155,0,-3,0,25,-25,35.2850938612894,-11.6635264307155,25,25,surface_ship_transition,0.1,0.182574185835055,0,0.5,251295.40625,-6.41160283860219,-7.42740465524278,-4.88882634040536,-4.38652671354132,-18.2255342073863,251277.180715793
33.5,12.0065713257366,0,-3,0,25,-25,35.3999682909462,-12.0065713257366,25,25,surface_ship_transition,0.1,0.182574185835055,0,0.5,251295.40625,-6.18583995578147,-7.17007827966926,-4.7003381367244,-4.33575744453817,-17.6916756799889,251277.71457432
33.6,12.3496162207576,0,-3,0,25,-25,35.51778457055,-12.3496162207576,25,25,surface_ship_transition,0.1,0.182574185835055,0,0.5,251295.40625,-5.96004387315935,-6.91410986784389,-4.51361032814861,-4.2841361642615,-17.1582899052647,251278.247960095
33.7,12.6926611157787,0,-3,0,25,-25,35.6385135239954,-12.6926611157787,25,25,surface_ship_transition,0.1,0.182574185835055,0,0.5,251295.40625,-5.73454859978341,-6.65985788635171,-4.32890909133578,-4.23170651522154,-16.6261130013567,251278.780136999
33.8,13.0357060107997,0,-3,0,25,-25,35.7621256527069,-13.0357060107997,25,25,surface_ship_transition,0.1,0.182574185835055,0,0.5,251295.40625,-5.50967534781494,-6.40765805276233,-4.1464799911128,-4.17851221512198,-16.0958456156992,251279.310404384
33.9,13.3787509058208,0,-3,0,25,-25,35.8885911648814,-13.3787509058208,25,25,surface_ship_transition,0.1,0.182574185835055,0,0.5,251295.40625,-5.28573203347092,-6.15782341925144,-3.9665482287481,-4.12459699132987,-15.5681524440522,251279.838097556
34,13.7217958008418,0,-3,0,25,-25,36.0178800042423,-13.7217958008418,25,25,surface_ship_transition,0.1,0.182574185835055,0,0.5,251295.40625,-5.06301286174335,-5.91064457847748,-3.78931899750171,-4.07000451685386,-15.0436619570747,251280.362588043
34.1,14.0648406958629,0,-3,0,25,-25,36.1499618782648,-14.0648406958629,25,25,surface_ship_transition,0.1,0.182574185835055,0,0.5,251295.40625,-4.84179799249225,-5.66638997942082,-3.61497793315793,-4.01477834795831,-14.5229663198714,251280.88328368
34.2,14.4078855908839,0,-3,0,25,-25,36.2848062858271,-14.4078855908839,25,25,surface_ship_transition,0.1,0.182574185835055,0,0.5,251295.40625,-4.62235328507732,-5.42530634103199,-3.44369164747311,-3.9589618635321,-14.0066214896414,251281.39962851
34.3,14.7509304859049,0,-3,0,25,-25,36.4223825442543,-14.7509304859049,25,25,surface_ship_transition,0.1,0.182574185835055,0,0.5,251295.40625,-4.40493011831739,-5.18761915180891,-3.27560833282655,-3.90259820632123,-13.4951474764475,251281.911102524
34.4,15.093975380926,0,-3,0,25,-25,36.5626598157191,-15.093975380926,25,25,surface_ship_transition,0.1,0.182574185835055,0,0.5,251295.40625,-4.18976528224594,-4.95353324381192,-3.1108584268278,-3.84573022612448,-12.9890287521823,251282.417221248
34.5,15.437020275947,0,-3,0,25,-25,36.7056071329708,-15.437020275947,25,25,surface_ship_transition,0.1,0.182574185835055,0,0.5,251295.40625,-3.97708093786569,-4.72323343010888,-2.94955532618681,-3.78840042504237,-12.4887147930169,251282.917535207
34.6,15.7800651709681,0,-3,0,25,-25,36.8511934243655,-15.7800651709681,25,25,surface_ship_transition,0.1,0.182574185835055,0,0.5,251295.40625,-3.76708464089082,-4.49688519520075,-2.79179613977494,-3.73065090485934,-11.9946207409509,251283.411629259
34.7,16.1231100659891,0,-3,0,25,-25,36.9993875381742,-16.1231100659891,25,25,surface_ship_transition,0.1,0.182574185835055,0,0.5,251295.40625,-3.55996942530343,-4.27463542859518,-2.6376624714786,-3.67252331662972,-11.5071281705283,251283.899121829
34.8,16.4661549610102,0,-3,0,25,-25,37.1501582661501,-16.4661549610102,25,25,surface_ship_transition,0.1,0.182574185835055,0,0.5,251295.40625,-3.35591394243552,-4.05661319235321,-2.48722122415517,-3.61405881252873,-11.0265859473175,251284.379664053
34.9,16.8091998560312,0,-3,0,25,-25,37.3034743663375,-16.8091998560312,25,25,surface_ship_transition,0.1,0.182574185835055,0,0.5,251295.40625,-3.15508265121796,-3.84293051411844,-2.34052541672835,-3.55529800001966,-10.5533111653561,251284.852938835
35,17.1522447510523,0,-3,0,25,-25,37.4593045851094,-17.1522447510523,25,25,surface_ship_transition,0.1,0.182574185835055,0,0.5,251295.40625,-2.95762605521041,-3.63368319783665,-2.19761500719575,-3.49628089837987,-10.0875901514269,251285.318659849
35.1,17.4952896460733,0,-3,0,25,-25,37.617617678423,-17.4952896460733,25,25,surface_ship_transition,0.1,0.182574185835055,0,0.5,251295.40625,-2.76368098203616,-3.42895164507321,-2.05851771505179,-3.43704689761853,-9.6296795247279,251285.776570475
35.2,17.8383345410944,0,-3,0,25,-25,37.7783824322853,-17.8383345410944,25,25,surface_ship_transition,0.1,0.182574185835055,0,0.5,251295.40625,-2.57337090089187,-3.22880168052843,-1.92324983734614,-3.3776347198105,-9.1798073012308,251286.226442699
35.3,18.1813794361154,0,-3,0,25,-25,37.9415676824245,-18.1813794361154,25,25,surface_ship_transition,0.1,0.182574185835055,0,0.5,251295.40625,-2.38680627387911,-3.03328537602707,-1.79181705329287,-3.31808238286207,-8.73817403276825,251286.668075967
35.4,18.5244243311364,0,-3,0,25,-25,38.1071423331637,-18.5244243311364,25,25,surface_ship_transition,0.1,0.182574185835055,0,0.5,251295.40625,-2.20408493700916,-2.84244186791144,-1.66421521301158,-3.25842716671598,-8.30495397163658,251287.101296028
35.5,18.8674692261575,0,-3,0,25,-25,38.2750753754973,-18.8674692261575,25,25,surface_ship_transition,0.1,0.182574185835055,0,0.5,251295.40625,-2.02529250686192,-2.65629816339296,-1.54043110661555,-3.19870558199518,-7.88029625225006,251287.525953748
35.6,19.2105141211785,0,-3,0,25,-25,38.4453359043721,-19.2105141211785,25,25,surface_ship_transition,0.1,0.182574185835055,0,0.5,251295.40625,-1.85050280902904,-2.47486993200919,-1.42044321045659,-3.13895334107712,-7.46432608211535,251287.941923918
35.7,19.5535590161996,0,-3,0,25,-25,38.6178931351776,-19.5535590161996,25,25,surface_ship_transition,0.1,0.182574185835055,0,0.5,251295.40625,-1.67977832463915,-2.29816227889053,-1.30422240789249,-3.07920533158315,-7.05714593511283,251288.349104065
35.8,19.8966039112206,0,-3,0,25,-25,38.7927164194517,-19.8966039112206,25,25,surface_ship_transition,0.1,0.182574185835055,0,0.5,251295.40625,-1.51317065144378,-2.12617049706058,-1.19173268245614,-3.01949559226062,-6.65883674076498,251288.747413259
35.9,20.2396488062417,0,-3,0,25,-25,38.9697752598087,-20.2396488062417,25,25,surface_ship_transition,0.1,0.182574185835055,0,0.5,251295.40625,-1.35072097613553,-1.95888079647403,-1.08293178177702,-2.9598572912289,-6.26945906383845,251289.136790936
36,20.5826937012627,0,-3,0,25,-25,39.1490393241009,-20.5826937012627,25,25,surface_ship_transition,0.1,0.182574185835055,0,0.5,251295.40625,-1.19246055477056,-1.79627100793846,-0.977771851033941,-2.90032270655429,-5.88905426926331,251289.517195731
36.1,20.9257385962838,0,-3,0,25,-25,39.3304784588238,-20.9257385962838,25,25,surface_ship_transition,0.1,0.182574185835055,0,0.5,251295.40625,-1.03841119837368,-1.63831126046807,-0.876200035104637,-2.8409232091133,-5.51764566795504,251289.888604332
36.2,21.2687834913048,0,-3,0,25,-25,39.5140627017775,-21.2687834913048,25,25,surface_ship_transition,0.1,0.182574185835055,0,0.5,251295.40625,-0.888585761014202,-1.48496463098216,-0.778159048923532,-2.78168924769822,-5.15523963969458,251290.25101036
36.3,21.6118283863259,0,-3,0,25,-25,39.6997622939987,-21.6118283863259,25,25,surface_ship_transition,0.1,0.182574185835055,0,0.5,251295.40625,-0.742988627851148,-1.33618776558854,-0.683587715865272,-2.72265033631437,-4.80182672975407,251290.60442327
36.4,21.9548732813469,0,-3,0,25,-25,39.8875476909774,-21.9548732813469,25,25,surface_ship_transition,0.1,0.182574185835055,0,0.5,251295.40625,-0.601616200856064,-1.19193147198358,-0.592421474240595,-2.66383504361386,-4.45738271645351,251290.948867284
36.5,22.2979181763679,0,-3,0,25,-25,40.0773895731745,-22.2979181763679,25,25,surface_ship_transition,0.1,0.182574185835055,0,0.5,251295.40625,-0.46445738012863,-1.0521412827588,-0.50459285222456,-2.60527098440646,-4.12186964729389,251291.284380353
36.6,22.640963071389,0,-3,0,25,-25,40.2692588558568,-22.640963071389,25,25,surface_ship_transition,0.1,0.182574185835055,0,0.5,251295.40625,-0.331494038922988,-0.916757989630256,-0.4200319117377,-2.54698481318502,-3.79523684173826,251291.611013158
36.7,22.98400796641,0,-3,0,25,-25,40.4631266982669,-22.98400796641,25,25,surface_ship_transition,0.1,0.182574185835055,0,0.5,251295.40625,-0.202701490699766,-0.78571814880344,-0.338666661970365,-2.48900221959935,-3.47742185910256,251291.928828141
36.8,23.3270528614311,0,-3,0,25,-25,40.6589645121466,-23.3270528614311,25,25,surface_ship_transition,0.1,0.182574185835055,0,0.5,251295.40625,-0.0780489467093473,-0.658954557855502,-0.26042344338207,-2.43134792580974,-3.16835143037459,251292.23789857
36.9,23.6700977564521,0,-3,0,25,-25,40.8567439696313,-23.6700977564521,25,25,surface_ship_transition,0.1,0.182574185835055,0,0.5,251295.40625,0.0425000372053247,-0.53639670466024,-0.18522728312328,-2.37404568564897,-2.86794235310388,251292.538307647
37,24.0131426514732,0,-3,0,25,-25,41.0564370105347,-24.0131426514732,25,25,surface_ship_transition,0.1,0.182574185835055,0,0.5,251295.40625,0.158987125723334,-0.417971189001883,-0.113002222919389,-2.31711828551971,-2.57610234879826,251292.830147651
37.1,24.3561875464942,0,-3,0,25,-25,41.2580158490444,-24.3561875464942,25,25,surface_ship_transition,0.1,0.182574185835055,0,0.5,251295.40625,0.271458782049539,-0.303602117622727,-0.0436716205276012,-2.26058754695231,-2.2927308825255,251293.113519117
37.2,24.6992324415153,0,-3,0,25,-25,41.4614529798462,-24.6992324415153,25,25,surface_ship_transition,0.1,0.182574185835055,0,0.5,251295.40625,0.379965859622543,-0.193211473530262,0.0228415740701318,-2.2044743307469,-2.01771994465461,251293.388530055
37.3,25.0422773365363,0,-3,0,25,-25,41.6667211836977,-25.0422773365363,25,25,surface_ship_transition,0.1,0.182574185835055,0,0.5,251295.40625,0.484563208195588,-0.086719460452455,0.0866145665395426,-2.14879854262268,-1.75095479487955,251293.655295205
37.4,25.3853222315574,0,-3,0,25,-25,41.8737935324709,-25.3853222315574,25,25,surface_ship_transition,0.1,0.182574185835055,0,0.5,251295.40625,0.585309294822295,0.0159551766223037,0.147724488912464,-2.09357914029671,-1.49231466885211,251293.913935331
37.5,25.7283671265784,0,-3,0,25,-25,42.0826433936843,-25.7283671265784,25,25,surface_ship_transition,0.1,0.182574185835055,0,0.5,251295.40625,0.68226584015195,0.114894853849421,0.206248191923768,-2.03883414191399,-1.24167344791262,251294.164576552
37.6,26.0714120215995,0,-3,0,25,-25,42.293244434543,-26.0714120215995,25,25,surface_ship_transition,0.1,0.182574185835055,0,0.5,251295.40625,0.775497470322315,0.210182872883168,0.262262057742662,-1.98458063575092,-0.998900292545438,251294.407349707
37.7,26.4144569166205,0,-3,0,25,-25,42.5055706255074,-26.4144569166205,25,25,surface_ship_transition,0.1,0.182574185835055,0,0.5,251295.40625,0.865071384630038,0.301903166176766,0.315841831886621,-1.93083479111401,-0.763860240307209,251294.64238976
37.8,26.7575018116415,0,-3,0,25,-25,42.7195962434104,-26.7575018116415,25,25,surface_ship_transition,0.1,0.182574185835055,0,0.5,251295.40625,0.951057039060971,0.390140062218674,0.367062473126919,-1.87761187035677,-0.53641476907712,251294.869835231
37.9,27.1005467066626,0,-3,0,25,-25,42.9352958741407,-27.1005467066626,25,25,surface_ship_transition,0.1,0.182574185835055,0,0.5,251295.40625,1.03352584567387,0.474978069700808,0.415998020222049,-1.82492624193783,-0.316422326563146,251295.089827673
38,27.4435916016836,0,-3,0,25,-25,43.1526444149139,-27.4435916016836,25,25,surface_ship_transition,0.1,0.182574185835055,0,0.5,251295.40625,1.11255088775086,0.556501679625354,0.462721474347982,-1.77279139444494,-0.103738827068725,251295.302511173
38.1,27.7866364967047,0,-3,0,25,-25,43.3716170761479,-27.7866364967047,25,25,surface_ship_transition,0.1,0.182574185835055,0,0.5,251295.40625,1.18820665055676,0.634795184373726,0.507304696131502,-1.72121995150999,0.101781883420494,251295.508031883
38.2,28.1296813917257,0,-3,0,25,-25,43.5921893829617,-28.1296813917257,25,25,surface_ship_transition,0.1,0.182574185835055,0,0.5,251295.40625,1.26056876748612,0.709942512782108,0.549818316233303,-1.6702236875422,0.300287592726027,251295.706537593
38.3,28.4727262867468,0,-3,0,25,-25,43.8143371763171,-28.4727262867468,25,25,surface_ship_transition,0.1,0.182574185835055,0,0.5,251295.40625,1.32971378132084,0.782027080293151,0.590331658470735,-1.61981354420758,0.491927317406407,251295.898177317
38.4,28.8157711817678,0,-3,0,25,-25,44.0380366138183,-28.8157711817678,25,25,surface_ship_transition,0.1,0.182574185835055,0,0.5,251295.40625,1.3957189202734,0.85113165328125,0.628912674515056,-1.56999964758491,0.676850925969738,251296.083100926
38.5,29.1588160767889,0,-3,0,25,-25,44.2632641701897,-29.1588160767889,25,25,surface_ship_transition,0.1,0.182574185835055,0,0.5,251295.40625,1.45866188844865,0.917338226678959,0.66562788924408,-1.52079132592992,0.855208789197687,251296.261458789
38.6,29.5018609718099,0,-3,0,25,-25,44.4899966374465,-29.5018609718099,25,25,surface_ship_transition,0.1,0.182574185835055,0,0.5,251295.40625,1.51862067032239,0.980727914064332,0.700542355877973,-1.47219712798154,1.02715145640517,251296.433401456
38.7,29.8449058668309,0,-3,0,25,-25,44.7182111247756,-29.8449058668309,25,25,surface_ship_transition,0.1,0.182574185835055,0,0.5,251295.40625,1.57567334880539,1.04138084940197,0.733719620072631,-1.42422484174609,1.19282935646127,251296.599079356
38.8,30.187950761852,0,-3,0,25,-25,44.9478850581426,-30.187950761852,25,25,surface_ship_transition,0.1,0.182574185835055,0,0.5,251295.40625,1.62989793643777,1.0993760996648,0.765221692191708,-1.37688151369717,1.35239252240541,251296.758642522
38.9,30.530995656873,0,-3,0,25,-25,45.1789961796408,-30.530995656873,25,25,surface_ship_transition,0.1,0.182574185835055,0,0.5,251295.40625,1.68137221923985,1.15479158759785,0.795109027024153,-1.33017346833169,1.50599033850602,251296.912240339
39,30.8740405518941,0,-3,0,25,-25,45.411522546596,-30.8740405518941,25,25,surface_ship_transition,0.1,0.182574185835055,0,0.5,251295.40625,1.73017361273146,1.20770402392022,0.823440510259162,-1.28410632802423,1.65377130862745,251297.060021309
39.1,31.2170854469151,0,-3,0,25,-25,45.6454425304433,-31.2170854469151,25,25,surface_ship_transition,0.1,0.182574185835055,0,0.5,251295.40625,1.77637902962152,1.2581888482954,0.850273451074092,-1.23868503312474,1.79588284479218,251297.202132845
39.2,31.5601303419362,0,-3,0,25,-25,45.8807348153885,-31.5601303419362,25,25,surface_ship_transition,0.1,0.182574185835055,0,0.5,251295.40625,1.82006475866366,1.3063201784346,0.875663580233424,-1.1939138622464,1.93247107485185,251297.338721075
39.3,31.9031752369572,0,-3,0,25,-25,46.117378396869,-31.9031752369572,25,25,surface_ship_transition,0.1,0.182574185835055,0,0.5,251295.40625,1.8613063541706,1.35217076673059,0.899665053137665,-1.1497964526935,2.0636806682077,251297.469930668
39.4,32.2462201319782,0,-3,0,25,-25,46.3553525798262,-32.2462201319782,25,25,surface_ship_transition,0.1,0.182574185835055,0,0.5,251295.40625,1.90017853568048,1.39581196385291,0.922330457300433,-1.10633582098095,2.18965467855244,251297.595904679
39.5,32.5892650269993,0,-3,0,25,-25,46.5946369768024,-32.5892650269993,25,25,surface_ship_transition,0.1,0.182574185835055,0,0.5,251295.40625,1.93675509727092,1.43731368876633,0.943710823769518,-1.06353438340003,2.31053440263722,251297.716784403
39.6,32.9323099220204,0,-3,0,25,-25,46.8352115058745,-32.9323099220204,25,25,surface_ship_transition,0.1,0.182574185835055,0,0.5,251295.40625,1.97110882602228,1.47674440466596,0.963855642043609,-1.02139397658684,2.4264592541014,251297.832709254
39.7,33.2753548170414,0,-3,0,25,-25,47.0770563884362,-33.2753548170414,25,25,surface_ship_transition,0.1,0.182574185835055,0,0.5,251295.40625,2.00331142913869,1.51417110035178,0.982812878070408,-0.979915878052856,2.53756665143761,251297.943816651
39.8,33.6183997120624,0,-3,0,25,-25,47.3201521468391,-33.6183997120624,25,25,surface_ship_transition,0.1,0.182574185835055,0,0.5,251295.40625,2.03343346924462,1.54965927659406,1.00062899494415,-0.939100826638875,2.64399191919981,251298.050241919
39.9,33.9614446070835,0,-3,0,25,-25,47.5644796019046,-33.9614446070835,25,25,surface_ship_transition,0.1,0.182574185835055,0,0.5,251295.40625,2.06154430738586,1.58327293706887,1.01734897595112,-0.898949042856298,2.74586820159843,251298.152118202
40,34.3044895021045,0,-3,0,25,-25,47.8100198703159,-34.3044895021045,25,25,surface_ship_transition,0.1,0.182574185835055,0,0.5,251295.40625,2.08771205327514,1.61507458346895,1.03301634964042,-0.85946024908195,2.84332638766215,251298.249576388
40.1,34.6475343971256,0,-3,0,25,-25,48.0567543619001,-34.6475343971256,25,25,surface_ship_transition,0.1,0.182574185835055,0,0.5,251295.40625,2.11200352233667,1.64512521442072,1.04767321662441,-0.82063368957477,2.93649504718261,251298.342745047
40.2,34.9905792921466,0,-3,0,25,-25,48.3046647768101,-34.9905792921466,25,25,surface_ship_transition,0.1,0.182574185835055,0,0.5,251295.40625,2.13448419911692,1.67348432786195,1.06136027783858,-0.782468150285086,3.02550037669378,251298.431750377
40.3,35.3336241871677,0,-3,0,25,-25,48.5537331026153,-35.3336241871677,25,25,surface_ship_transition,0.1,0.182574185835055,0,0.5,251295.40625,2.15521820664459,1.70020992655761,1.07411686401431,-0.744961978429282,3.11046615477292,251298.516716155
40.4,35.6766690821887,0,-3,0,25,-25,48.8039416113084,-35.6766690821887,25,25,surface_ship_transition,0.1,0.182574185835055,0,0.5,251295.40625,2.17426828133727,1.72535852645305,1.08598096614024,-0.70811310180478,3.19151370598554,251298.597763706
40.5,36.0197139772098,0,-3,0,25,-25,49.0552728562384,-36.0197139772098,25,25,surface_ship_transition,0.1,0.182574185835055,0,0.5,251295.40625,2.19169575306842,1.74898516758425,1.09698926670878,-0.671919047822374,3.26876187283029,251298.675011873
40.6,36.3627588722308,0,-3,0,25,-25,49.3077096689757,-36.3627588722308,25,25,surface_ship_transition,0.1,0.182574185835055,0,0.5,251295.40625,2.20756053002394,1.77114342728437,1.10717717156316,-0.636376962234845,3.34232699507347,251298.748576995
40.7,36.7058037672519,0,-3,0,25,-25,49.5612351561177,-36.7058037672519,25,25,surface_ship_transition,0.1,0.182574185835055,0,0.5,251295.40625,2.22192108799385,1.79188543544426,1.11657884217888,-0.601483627542814,3.4123228958953,251298.818572896
40.8,37.0488486622729,0,-3,0,25,-25,49.8158326960415,-37.0488486622729,25,25,surface_ship_transition,0.1,0.182574185835055,0,0.5,251295.40625,2.23483446376035,1.81126189160181,1.12522722822942,-0.567235481060602,3.47886087430156,251298.885110874
40.9,37.3918935572939,0,-3,0,25,-25,50.0714859356101,-37.3918935572939,25,25,surface_ship_transition,0.1,0.182574185835055,0,0.5,251295.40625,2.24635625225998,1.82932208365168,1.13315410030185,-0.533628632626647,3.54204970328501,251298.948299703
41,37.734938452315,0,-3,0,25,-25,50.3281787868387,-37.734938452315,25,25,surface_ship_transition,0.1,0.182574185835055,0,0.5,251295.40625,2.256540607213,1.84611390798201,1.14039008264195,-0.500658881944799,3.60199563325022,251299.008245633
41.1,38.077983347336,0,-3,0,25,-25,50.5858954235269,-38.077983347336,25,25,surface_ship_transition,0.1,0.182574185835055,0,0.5,251295.40625,2.26544024492916,1.86168389085963,1.14696468582152,-0.468321735544406,3.65880240024439,251299.0650524
41.2,38.4210282423571,0,-3,0,25,-25,50.8446202778623,-38.4210282423571,25,25,surface_ship_transition,0.1,0.182574185835055,0,0.5,251295.40625,2.27310645101397,1.87607721089843,1.15290633923271,-0.436612423348698,3.7125712385637,251299.118821239
41.3,38.7640731373781,0,-3,0,25,-25,51.1043380370003,-38.7640731373781,25,25,surface_ship_transition,0.1,0.182574185835055,0,0.5,251295.40625,2.279589089715,1.88933772245887,1.15824242332513,-0.405525914842531,3.76340089733134,251299.169650897
41.4,39.1071180323992,0,-3,0,25,-25,51.3650336396269,-39.1071180323992,25,25,surface_ship_transition,0.1,0.182574185835055,0,0.5,251295.40625,2.28493661566215,1.9015079798381,1.16299930151184,-0.375056934831884,3.81138766066836,251299.217637661
41.5,39.4501629274202,0,-3,0,25,-25,51.6266922725057,-39.4501629274202,25,25,surface_ship_transition,0.1,0.182574185835055,0,0.5,251295.40625,2.28919608777005,1.91262926212167,1.16720235167929,-0.345199978788983,3.85662537110274,251299.262875371
41.6,39.7932078224413,0,-3,0,25,-25,51.8892993670179,-39.7932078224413,25,25,surface_ship_transition,0.1,0.182574185835055,0,0.5,251295.40625,2.29241318508483,1.92274159857839,1.17087599724517,-0.315949327778101,3.89920545588512,251299.305455456
41.7,40.1362527174623,0,-3,0,25,-25,52.1528405956953,-40.1362527174623,25,25,surface_ship_transition,0.1,0.182574185835055,0,0.5,251295.40625,2.29463222437031,1.93188379448929,1.17404373771561,-0.287299062958372,3.93921695590123,251299.345466956
41.8,40.4792976124834,0,-3,0,25,-25,52.4173018687532,-40.4792976124834,25,25,surface_ship_transition,0.1,0.182574185835055,0,0.5,251295.40625,2.2958961792422,1.94009345731136,1.17672817870037,-0.259243079661105,3.97674655689245,251299.382996557
41.9,40.8223425075044,0,-3,0,25,-25,52.6826693306252,-40.8223425075044,25,25,surface_ship_transition,0.1,0.182574185835055,0,0.5,251295.40625,2.29624670067055,1.94740702308491,1.17895106135096,-0.231775101040092,4.01187862271537,251299.418128623
42,41.1653874025255,0,-3,0,25,-25,52.9489293565035,-41.1653874025255,25,25,surface_ship_transition,0.1,0.182574185835055,0,0.5,251295.40625,2.29572413868314,1.95385978300149,1.18073329119262,-0.204888691294542,4.04469523039009,251299.45094523
42.1,41.5084322975465,0,-3,0,25,-25,53.2160685488885,-41.5084322975465,25,25,surface_ship_transition,0.1,0.182574185835055,0,0.5,251295.40625,2.29436756511344,1.95948591005674,1.18209496632631,-0.178577268465081,4.0752762067051,251299.481526207
42.2,41.8514771925675,0,-3,0,25,-25,53.4840737341501,-41.8514771925675,25,25,surface_ship_transition,0.1,0.182574185835055,0,0.5,251295.40625,2.2922147972478,1.96431848571962,1.18305540498146,-0.152834116804233,4.10369916616319,251299.509949166
42.3,42.1945220875886,0,-3,0,25,-25,53.7529319591034,-42.1945220875886,25,25,surface_ship_transition,0.1,0.182574185835055,0,0.5,251295.40625,2.28930242223696,1.96838952655547,1.18363317240492,-0.127652398723622,4.13003955006881,251299.53628955
42.4,42.5375669826096,0,-3,0,25,-25,54.0226304876021,-42.5375669826096,25,25,surface_ship_transition,0.1,0.182574185835055,0,0.5,251295.40625,2.28566582214649,1.97173001074688,1.18384610707489,-0.103025166320809,4.15437066657256,251299.560620667
42.5,42.8806118776307,0,-3,0,25,-25,54.2931567971508,-42.8806118776307,25,25,surface_ship_transition,0.1,0.182574185835055,0,0.5,251295.40625,2.28133919953055,1.97436990446147,1.1837113462326,-0.0789453724895075,4.17676373150251,251299.583013731
42.6,43.2236567726517,0,-3,0,25,-25,54.564498575539,-43.2236567726517,25,25,surface_ship_transition,0.1,0.182574185835055,0,0.5,251295.40625,2.27635560342182,1.97633818802107,1.1832453507273,-0.0554058816174402,4.19728790982545,251299.60353791
42.7,43.5667016676728,0,-3,0,25,-25,54.8366437174997,-43.5667016676728,25,25,surface_ship_transition,0.1,0.182574185835055,0,0.5,251295.40625,2.27074695563921,1.97766288183146,1.1824639291728,-0.0323994798768038,4.21601035759386,251299.622260358
42.8,43.9097465626938,0,-3,0,25,-25,55.1095803213924,-43.9097465626938,25,25,surface_ship_transition,0.1,0.182574185835055,0,0.5,251295.40625,2.2645440773226,1.97837107203618,1.18138226141672,-0.00991888511276726,4.23299626424602,251299.639246264
42.9,44.2527914577148,0,-3,0,25,-25,55.3832966859142,-44.2527914577148,25,25,surface_ship_transition,0.1,0.182574185835055,0,0.5,251295.40625,2.2577767156116,1.97848893586229,1.18001492132519,0.0120432436640369,4.24830889513792,251299.654558895
43,44.5958363527359,0,-3,0,25,-25,55.6577813068397,-44.5958363527359,25,25,surface_ship_transition,0.1,0.182574185835055,0,0.5,251295.40625,2.25047357039212,1.97804176662931,1.17837589888803,0.0334942971746094,4.26200963419604,251299.668259634
43.1,44.9388812477569,0,-3,0,25,-25,55.9330228737908,-44.9388812477569,25,25,surface_ship_transition,0.1,0.182574185835055,0,0.5,251295.40625,2.24266232104156,1.97705399839653,1.17647862165113,0.0544417071515288,4.27415802658962,251299.680408027
43.2,45.281926142778,0,-3,0,25,-25,56.2090102670382,-45.281926142778,25,25,surface_ship_transition,0.1,0.182574185835055,0,0.5,251295.40625,2.23436965310927,1.97554923022658,1.17433597548391,0.0748929379945499,4.2848118213304,251299.691061821
43.3,45.624971037799,0,-3,0,25,-25,56.4857325543362,-45.624971037799,25,25,surface_ship_transition,0.1,0.182574185835055,0,0.5,251295.40625,2.225621284875,1.97355025004663,1.17196032469142,0.0948554787944175,4.29402701371605,251299.700277014
43.4,45.9680159328201,0,-3,0,25,-25,56.763178987791,-45.9680159328201,25,25,surface_ship_transition,0.1,0.182574185835055,0,0.5,251295.40625,2.21644199373365,1.97107905809094,1.16936353148128,0.114336835717161,4.30185788754174,251299.708107888
43.5,46.3110608278411,0,-3,0,25,-25,57.0413390007633,-46.3110608278411,25,25,surface_ship_transition,0.1,0.182574185835055,0,0.5,251295.40625,2.20685564235952,1.96815688991103,1.16655697479712,0.133344524740893,4.30835705701144,251299.714607057
43.6,46.6541057228622,0,-3,0,25,-25,57.3202022048073,-46.6541057228622,25,25,surface_ship_transition,0.1,0.182574185835055,0,0.5,251295.40625,2.19688520460822,1.96480423894238,1.16355156853032,0.15188606473694,4.31357550828754,251299.719825508
43.7,46.9971506178832,0,-3,0,25,-25,57.599758386646,-46.9971506178832,25,25,surface_ship_transition,0.1,0.182574185835055,0,0.5,251295.40625,2.18655279111882,1.96104087861809,1.1603577791232,0.169968970886967,4.31756264062388,251299.723812641
43.8,47.3401955129042,0,-3,0,25,-25,57.8799975051831,-47.3401955129042,25,25,surface_ship_transition,0.1,0.182574185835055,0,0.5,251295.40625,2.17587967458303,1.95688588402243,1.1569856425767,0.187600748427609,4.32036630703307,251299.726616307
43.9,47.6832404079253,0,-3,0,25,-25,58.1609096885528,-47.6832404079253,25,25,surface_ship_transition,0.1,0.182574185835055,0,0.5,251295.40625,2.16488631465207,1.95235765307855,1.15344478087651,0.204788886714036,4.32203285444465,251299.728282854
44,48.0262853029463,0,-3,0,25,-25,58.4424852312083,-48.0262853029463,25,25,surface_ship_transition,0.1,0.182574185835055,0,0.5,251295.40625,2.15359238245531,1.94747392726649,1.14974441785167,0.221540853593762,4.32260716331556,251299.728857163
44.1,48.3693301979674,0,-3,0,25,-25,58.7247145910476,-48.3693301979674,25,25,surface_ship_transition,0.1,0.182574185835055,0,0.5,251295.40625,2.14201678470855,1.94225181186898,1.14589339447988,0.237864090081988,4.32213268665952,251299.728382687
44.2,48.7123750929885,0,-3,0,25,-25,59.0075883865796,-48.7123750929885,25,25,surface_ship_transition,0.1,0.182574185835055,0,0.5,251295.40625,2.13017768739229,1.93670779574383,1.14190018365422,0.253766005329726,4.32065148846585,251299.726901488
44.3,49.0554199880095,0,-3,0,25,-25,59.2910973941282,-49.0554199880095,25,25,surface_ship_transition,0.1,0.182574185835055,0,0.5,251295.40625,2.1180925389837,1.9308577706229,1.13777290442566,0.26925397187593,4.31820428148253,251299.724454281
44.4,49.3984648830305,0,-3,0,25,-25,59.575232545077,-49.3984648830305,25,25,surface_ship_transition,0.1,0.182574185835055,0,0.5,251295.40625,2.10577809322837,1.9247170499389,1.13351933573615,0.284335321174886,4.31483046434216,251299.721080464
44.5,49.7415097780516,0,-3,0,25,-25,59.8599849231521,-49.7415097780516,25,25,surface_ship_transition,0.1,0.182574185835055,0,0.5,251295.40625,2.09325043144049,1.91830038718208,1.12914692965684,0.299017339390138,4.31056815801271,251299.716818158
44.6,50.0845546730726,0,-3,0,25,-25,60.1453457617462,-50.0845546730726,25,25,surface_ship_transition,0.1,0.182574185835055,0,0.5,251295.40625,2.08052498432212,1.91162199378962,1.12466282414594,0.313307263446278,4.30545424155802,251299.711704242
44.7,50.4275995680937,0,-3,0,25,-25,60.4313064412809,-50.4275995680937,25,25,surface_ship_transition,0.1,0.182574185835055,0,0.5,251295.40625,2.06761655329456,1.90469555657183,1.12007385534076,0.327212277329997,4.29952438719639,251299.705774387
44.8,50.7706444631147,0,-3,0,25,-25,60.71785848661,-50.7706444631147,25,25,surface_ship_transition,0.1,0.182574185835055,0,0.5,251295.40625,2.05453933133647,1.89753425467935,1.11538656939814,0.340739508631844,4.29281309464767,251299.699063095
44.9,51.1136893581358,0,-3,0,25,-25,61.0049935644616,-51.1136893581358,25,25,surface_ship_transition,0.1,0.182574185835055,0,0.5,251295.40625,2.04130692332513,1.89015077611657,1.11060723389748,0.35389602532028,4.28535372476199,251299.691603725
45,51.4567342531568,0,-3,0,25,-25,61.2927034809202,-51.4567342531568,25,25,surface_ship_transition,0.1,0.182574185835055,0,0.5,251295.40625,2.02793236587897,1.88255733380702,1.10574184882021,0.366688832739695,4.27717853242568,251299.683428532
45.1,51.7997791481779,0,-3,0,25,-25,61.5809801789481,-51.7997791481779,25,25,surface_ship_transition,0.1,0.182574185835055,0,0.5,251295.40625,2.01442814670059,1.8747656812167,1.10079615711938,0.379124870824149,4.26831869874144,251299.674568699
45.2,52.1428240431989,0,-3,0,25,-25,61.8698157359467,-52.1428240431989,25,25,surface_ship_transition,0.1,0.182574185835055,0,0.5,251295.40625,2.00080622342119,1.86678712754219,1.09577565489304,0.39121101151876,4.25880436248214,251299.665054362
45.3,52.4858689382199,0,-3,0,25,-25,62.159202361356,-52.4858689382199,25,25,surface_ship_transition,0.1,0.182574185835055,0,0.5,251295.40625,1.98707804194807,1.85863255247018,1.0906856011742,0.402954056400804,4.24866465081905,251299.654914651
45.4,52.828913833241,0,-3,0,25,-25,62.4491323942935,-52.828913833241,25,25,surface_ship_transition,0.1,0.182574185835055,0,0.5,251295.40625,1.97325455431819,1.85031242051605,1.08553102735073,0.414360734492669,4.2379277093269,251299.644177709
45.5,53.171958728262,0,-3,0,25,-25,62.7395983012324,-53.171958728262,25,25,surface_ship_transition,0.1,0.182574185835055,0,0.5,251295.40625,1.95934623606169,1.84183679494873,1.08031674622743,0.425437700259045,4.22662073126946,251299.632870731
45.6,53.5150036232831,0,-3,0,25,-25,63.0305926737168,-53.5150036232831,25,25,surface_ship_transition,0.1,0.182574185835055,0,0.5,251295.40625,1.94536310307998,1.83321535130984,1.07504736074292,0.436191531780822,4.21476998617064,251299.621019986
45.7,53.8580485183041,0,-3,0,25,-25,63.3221082261164,-53.8580485183041,25,25,surface_ship_transition,0.1,0.182574185835055,0,0.5,251295.40625,1.93131472804381,1.82445739053501,1.06972727235309,0.446628729098342,4.20240084767716,251299.608650848
45.8,54.2010934133251,0,-3,0,25,-25,63.6141377934182,-54.2010934133251,25,25,surface_ship_transition,0.1,0.182574185835055,0,0.5,251295.40625,1.91721025631755,1.81557185168539,1.06436068909307,0.45675571271685,4.18953782071979,251299.595787821
45.9,54.5441383083462,0,-3,0,25,-25,63.9066743290558,-54.5441383083462,25,25,surface_ship_transition,0.1,0.182574185835055,0,0.5,251295.40625,1.90305842141622,1.80656732429781,1.05895163332898,0.466578822267113,4.17620456798114,251299.582454568
46,54.8871832033672,0,-3,0,25,-25,64.1997109027759,-54.8871832033672,25,25,surface_ship_transition,0.1,0.182574185835055,0,0.5,251295.40625,1.88886756000257,1.79745206036167,1.05350394921051,0.476104315314365,4.1624239356786,251299.568673936
46.1,55.2302280983883,0,-3,0,25,-25,64.4932406985414,-55.2302280983883,25,25,surface_ship_transition,0.1,0.182574185835055,0,0.5,251295.40625,1.87464562643177,1.78823398593115,1.04802130983534,0.485338366308941,4.14821797867186,251299.554467979
46.2,55.5732729934093,0,-3,0,25,-25,64.7872570124712,-55.5732729934093,25,25,surface_ship_transition,0.1,0.182574185835055,0,0.5,251295.40625,1.8604002068518,1.77892071238101,1.04250722413555,0.49428706567207,4.13360798490488,251299.539857985
46.3,55.9163178884304,0,-3,0,25,-25,65.0817532508152,-55.9163178884304,25,25,surface_ship_transition,0.1,0.182574185835055,0,0.5,251295.40625,1.84613853286781,1.76951954731448,1.03696504349638,0.502956419010555,4.11861449919284,251299.524864499
46.4,56.2593627834514,0,-3,0,25,-25,65.3767229279657,-56.2593627834514,25,25,surface_ship_transition,0.1,0.182574185835055,0,0.5,251295.40625,1.83186749477918,1.76003750513165,1.03139796811718,0.511352346454184,4.10325734636501,251299.509507346
46.5,56.6024076784725,0,-3,0,25,-25,65.6721596645032,-56.6024076784725,25,25,surface_ship_transition,0.1,0.182574185835055,0,0.5,251295.40625,1.81759365439799,1.75048131726672,1.02580905312391,0.519480682109922,4.08755565377462,251299.493805654
46.6,56.9454525734935,0,-3,0,25,-25,65.9680571852772,-56.9454525734935,25,25,surface_ship_transition,0.1,0.182574185835055,0,0.5,251295.40625,1.80332325745798,1.74085744210252,1.02020121444267,0.527347173627113,4.07152787318762,251299.477777873
46.7,57.2884974685146,0,-3,0,25,-25,66.2644093175213,-57.2884974685146,25,25,surface_ship_transition,0.1,0.182574185835055,0,0.5,251295.40625,1.78906224562325,1.73117207457053,1.01457723444298,0.534957481868087,4.05519180206187,251299.461441802
46.8,57.6315423635356,0,-3,0,25,-25,66.5612099890018,-57.6315423635356,25,25,surface_ship_transition,0.1,0.182574185835055,0,0.5,251295.40625,1.77481626810572,1.72143115544459,1.00893976735954,0.542317180678746,4.03856460422905,251299.444814604
46.9,57.9745872585567,0,-3,0,25,-25,66.8584532262002,-57.9745872585567,25,25,surface_ship_transition,0.1,0.182574185835055,0,0.5,251295.40625,1.76059069290096,1.71164038033653,1.00329134450092,0.549431756753894,4.02166282999139,251299.42791283
47,58.3176321535777,0,-3,0,25,-25,67.1561331525275,-58.3176321535777,25,25,surface_ship_transition,0.1,0.182574185835055,0,0.5,251295.40625,1.74639061765164,1.70180520840165,0.997634379253036,0.556306609592225,4.00450243564551,251299.410752436
47.1,58.6606770485988,0,-3,0,25,-25,67.4542439865721,-58.6606770485988,25,25,surface_ship_transition,0.1,0.182574185835055,0,0.5,251295.40625,1.73222088014784,1.69193087076202,0.991971171885438,0.562947051536056,3.98709880244592,251299.393348802
47.2,59.0037219436198,0,-3,0,25,-25,67.7527800403792,-59.0037219436198,25,25,surface_ship_transition,0.1,0.182574185835055,0,0.5,251295.40625,1.71808606847391,1.68202237865539,0.986303914167771,0.569358307891111,3.96946675502041,251299.375716755
47.3,59.3467668386408,0,-3,0,25,-25,68.0517357177611,-59.3467668386408,25,25,surface_ship_transition,0.1,0.182574185835055,0,0.5,251295.40625,1.70399053081087,1.67208453131741,0.980634693803788,0.575545517121722,3.95162057925,251299.357870579
47.4,59.6898117336619,0,-3,0,25,-25,68.3511055126397,-59.6898117336619,25,25,surface_ship_transition,0.1,0.182574185835055,0,0.5,251295.40625,1.68993838490385,1.66212192360475,0.974965498689866,0.581513731117124,3.93357403962573,251299.33982404
47.5,60.0328566286829,0,-3,0,25,-25,68.6508840074183,-60.0328566286829,25,25,surface_ship_transition,0.1,0.182574185835055,0,0.5,251295.40625,1.67593352720373,1.6521389533665,0.969298221004811,0.58726791552453,3.91534039609476,251299.321590396
47.6,60.375901523704,0,-3,0,25,-25,68.9510658713845,-60.375901523704,25,25,surface_ship_transition,0.1,0.182574185835055,0,0.5,251295.40625,1.66197964169194,1.64213982857117,0.963634661137472,0.592812950144942,3.89693242040806,251299.30318242
47.7,60.718946418725,0,-3,0,25,-25,69.2516458591419,-60.718946418725,25,25,surface_ship_transition,0.1,0.182574185835055,0,0.5,251295.40625,1.64808020839771,1.63212857419644,0.957976531458445,0.59815362938777,3.87836241198193,251299.284612412
47.8,61.0619913137461,0,-3,0,25,-25,69.5526188090714,-61.0619913137461,25,25,surface_ship_transition,0.1,0.182574185835055,0,0.5,251295.40625,1.63423851161635,1.62210903888865,0.952325459941925,0.603294662780454,3.85964221328545,251299.265892213
47.9,61.4050362087671,0,-3,0,25,-25,69.8539796418214,-61.4050362087671,25,25,surface_ship_transition,0.1,0.182574185835055,0,0.5,251295.40625,1.62045764783752,1.61208490139891,0.946682993643545,0.608240675529503,3.84078322476594,251299.247033225
48,61.7480811037882,0,-3,0,25,-25,70.1557233588251,-61.7480811037882,25,25,surface_ship_transition,0.1,0.182574185835055,0,0.5,251295.40625,1.6067405333921,1.60205967680258,0.941050602039818,0.61299620912943,3.82179641932411,251299.228046419
48.1,62.0911259988092,0,-3,0,25,-25,70.457845040847,-62.0911259988092,25,25,surface_ship_transition,0.1,0.182574185835055,0,0.5,251295.40625,1.59308991182599,1.59203672250857,0.935429680234589,0.617565722016265,3.80269235635082,251299.208942356
48.2,62.4341708938303,0,-3,0,25,-25,70.7603398465553,-62.4341708938303,25,25,surface_ship_transition,0.1,0.182574185835055,0,0.5,251295.40625,1.57950836100935,1.582019244065,0.929821552037719,0.621953590262446,3.78348119533679,251299.189731195
48.3,62.7772157888513,0,-3,0,25,-25,71.0632030111224,-62.7772157888513,25,25,surface_ship_transition,0.1,0.182574185835055,0,0.5,251295.40625,1.56599829998935,1.57201030076742,0.924227472921002,0.626164108310003,3.76417270906677,251299.170422709
48.4,63.1202606838723,0,-3,0,25,-25,71.3664298448507,-63.1202606838723,25,25,surface_ship_transition,0.1,0.182574185835055,0,0.5,251295.40625,1.55256199559436,1.5620128110757,0.918648632856143,0.630201489739121,3.74477629640918,251299.151026296
48.5,63.4633055788934,0,-3,0,25,-25,71.6700157318247,-63.4633055788934,25,25,surface_ship_transition,0.1,0.182574185835055,0,0.5,251295.40625,1.5392015687976,1.55202955784558,0.91308615903945,0.634069868069254,3.72530099471243,251299.131550995
48.6,63.8063504739144,0,-3,0,25,-25,71.9739561285886,-63.8063504739144,25,25,surface_ship_transition,0.1,0.182574185835055,0,0.5,251295.40625,1.52591900084773,1.54206319338062,0.907541118507682,0.637773297590127,3.70575549181848,251299.112005492
48.7,64.1493953689355,0,-3,0,25,-25,72.278246562849,-64.1493953689355,25,25,surface_ship_transition,0.1,0.182574185835055,0,0.5,251295.40625,1.51271613917395,1.53211624431042,0.902014520649376,0.641315754220046,3.68614813770442,251299.092398138
48.8,64.4924402639565,0,-3,0,25,-25,72.5828826322019,-64.4924402639565,25,25,surface_ship_transition,0.1,0.182574185835055,0,0.5,251295.40625,1.49959470307295,1.52219111630027,0.896507319615757,0.644701136389075,3.6664869557623,251299.072736956
48.9,64.8354851589776,0,-3,0,25,-25,72.8878600028839,-64.8354851589776,25,25,surface_ship_transition,0.1,0.182574185835055,0,0.5,251295.40625,1.4865562891847,1.51229009859801,0.891020416635223,0.647933265944748,3.64677965372746,251299.053029654
49,65.1785300539986,0,-3,0,25,-25,73.1931744085471,-65.1785300539986,25,25,surface_ship_transition,0.1,0.182574185835055,0,0.5,251295.40625,1.47360237676429,1.50241536842297,0.885554662235211,0.651015889078098,3.62703363426536,251299.033283634
49.1,65.5215749490197,0,-3,0,25,-25,73.4988216490577,-65.5215749490197,25,25,surface_ship_transition,0.1,0.182574185835055,0,0.5,251295.40625,1.46073433275631,1.49256899520234,0.880110858375113,0.653952677267872,3.60725600522652,251299.013506005
49.2,65.8646198440407,0,-3,0,25,-25,73.8047975893166,-65.8646198440407,25,25,surface_ship_transition,0.1,0.182574185835055,0,0.5,251295.40625,1.44795341667858,1.48275294465977,0.87468976049378,0.656747228240926,3.58745358957928,251298.99370359
49.3,66.2076647390617,0,-3,0,25,-25,74.1110981581031,-66.2076647390617,25,25,surface_ship_transition,0.1,0.182574185835055,0,0.5,251295.40625,1.43526078532163,1.47296908276101,0.86929207947499,0.6594030669469,3.56763293502954,251298.973882935
49.4,66.5507096340828,0,-3,0,25,-25,74.4177193469405,-66.5507096340828,25,25,surface_ship_transition,0.1,0.182574185835055,0,0.5,251295.40625,1.42265749727004,1.46321917952134,0.863918483534148,0.661923646545316,3.5478003233367,251298.954050323
49.5,66.8937545291038,0,-3,0,25,-25,74.7246572089829,-66.8937545291038,25,25,surface_ship_transition,0.1,0.182574185835055,0,0.5,251295.40625,1.41014451725192,1.45350491267926,0.858569600029349,0.664312349403413,3.52796177933459,251298.934211779
49.6,67.2367994241249,0,-3,0,25,-25,75.031907857924,-67.2367994241249,25,25,surface_ship_transition,0.1,0.182574185835055,0,0.5,251295.40625,1.39772272032226,1.44382787124088,0.853246017199795,0.666572488103057,3.50812307966619,251298.91437308
49.7,67.5798443191459,0,-3,0,25,-25,75.339467466926,-67.5798443191459,25,25,surface_ship_transition,0.1,0.182574185835055,0,0.5,251295.40625,1.38539289588604,1.43418955889922,0.847948285834484,0.668707306455188,3.48828976124045,251298.894539761
49.8,67.922889214167,0,-3,0,25,-25,75.6473322675691,-67.922889214167,25,25,surface_ship_transition,0.1,0.182574185835055,0,0.5,251295.40625,1.37315575156659,1.42459139733271,0.842676920873908,0.670719980520323,3.46846712941962,251298.874717129
49.9,68.265934109188,0,-3,0,25,-25,75.9554985488213,-68.265934109188,25,25,surface_ship_transition,0.1,0.182574185835055,0,0.5,251295.40625,1.36101191692452,1.41503472938675,0.837432402947469,0.67261361963374,3.448660265945,251298.854910266
50,68.6089790042091,0,-3,0,25,-25,76.2639626560278,-68.6089790042091,25,25,surface_ship_transition,0.1,0.182574185835055,0,0.5,251295.40625,1.34896194703271,1.40552082214231,0.832215179849134,0.674391267434035,3.42887403660906,251298.835124037
50.1,68.9520238992301,0,-3,0,25,-25,76.5727209899191,-68.9520238992301,25,25,surface_ship_transition,0.1,0.182574185835055,0,0.5,251295.40625,1.33700632591224,1.39605086987548,0.827025667953818,0.676055902893785,3.4091130986815,251298.815363099
50.2,69.2950687942512,0,-3,0,25,-25,76.8817700056392,-69.2950687942512,25,25,surface_ship_transition,0.1,0.182574185835055,0,0.5,251295.40625,1.32514546983415,1.38662599691136,0.821864253576835,0.677610441351197,3.38938190809671,251298.795631908
50.3,69.6381136892722,0,-3,0,25,-25,77.191106211791,-69.6381136892722,25,25,surface_ship_transition,0.1,0.182574185835055,0,0.5,251295.40625,1.31337973049211,1.37724726037616,0.816731294278703,0.679057735541607,3.36968472640987,251298.775934726
50.4,69.9811585842932,0,-3,0,25,-25,77.5007261695011,-69.9811585842932,25,25,surface_ship_transition,0.1,0.182574185835055,0,0.5,251295.40625,1.30170939805024,1.36791565285068,0.811627120117461,0.680400576627804,3.35002562752873,251298.756275628
50.5,70.3242034793143,0,-3,0,25,-25,77.8106264915018,-70.3242034793143,25,25,surface_ship_transition,0.1,0.182574185835055,0,0.5,251295.40625,1.29013470407088,1.3586321049288,0.806552034850616,0.681641695228242,3.33040850422792,251298.736658504
50.6,70.6672483743353,0,-3,0,25,-25,78.1208038412304,-70.6672483743353,25,25,surface_ship_transition,0.1,0.182574185835055,0,0.5,251295.40625,1.27865582432642,1.3493974876839,0.8015063170887,0.68278376244217,3.31083707445249,251298.717087074
50.7,71.0102932693564,0,-3,0,25,-25,78.4312549319466,-71.0102932693564,25,25,surface_ship_transition,0.1,0.182574185835055,0,0.5,251295.40625,1.26727288149955,1.34021261504668,0.796490221402382,0.68382939087089,3.29131488741712,251298.697564887
50.8,71.3533381643774,0,-3,0,25,-25,78.7419765258658,-71.3533381643774,25,25,surface_ship_transition,0.1,0.182574185835055,0,0.5,251295.40625,1.25598594777593,1.33107824609706,0.791503979384984,0.684781135634304,3.27184532950729,251298.678095329
50.9,71.6963830593985,0,-3,0,25,-25,79.0529654333093,-71.6963830593985,25,25,surface_ship_transition,0.1,0.182574185835055,0,0.5,251295.40625,1.24479504733315,1.32199508727346,0.786547800672173,0.685641495382031,3.25243162998863,251298.65868163
51,72.0394279544195,0,-3,0,25,-25,79.364218511871,-72.0394279544195,25,25,surface_ship_transition,0.1,0.182574185835055,0,0.5,251295.40625,1.2337001587299,1.31296379450199,0.781621873920545,0.686412913298383,3.23307686653027,251298.639326867
51.1,72.3824728494406,0,-3,0,25,-25,79.675732665599,-72.3824728494406,25,25,surface_ship_transition,0.1,0.182574185835055,0,0.5,251295.40625,1.22270121719894,1.30398497524858,0.776726367746726,0.687097778100573,3.21378397054809,251298.620033971
51.2,72.7255177444616,0,-3,0,25,-25,79.9875048441943,-72.7255177444616,25,25,surface_ship_transition,0.1,0.182574185835055,0,0.5,251295.40625,1.21179811684746,1.29505919049641,0.771861431628578,0.687698425029541,3.1945557323734,251298.600805732
51.3,73.0685626394826,0,-3,0,25,-25,80.299532042223,-73.0685626394826,25,25,surface_ship_transition,0.1,0.182574185835055,0,0.5,251295.40625,1.20099071276816,1.28618695665154,0.767027196770001,0.688217136832857,3.17539480625256,251298.581644806
51.4,73.4116075345037,0,-3,0,25,-25,80.6118112983451,-73.4116075345037,25,25,surface_ship_transition,0.1,0.182574185835055,0,0.5,251295.40625,1.19027882306459,1.27736874737902,0.762223776930809,0.688656144739171,3.15630371518278,251298.562553715
51.5,73.7546524295248,0,-3,0,25,-25,80.9243396945567,-73.7546524295248,25,25,surface_ship_transition,0.1,0.182574185835055,0,0.5,251295.40625,1.17966223079368,1.2686049953719,0.757451269223037,0.689017629423764,3.13728485558934,251298.543534856
51.6,74.0976973245458,0,-3,0,25,-25,81.2371143554472,-74.0976973245458,25,25,surface_ship_transition,0.1,0.182574185835055,0,0.5,251295.40625,1.16914068582874,1.25989609405561,0.752709754875044,0.689303721964742,3.11834050184909,251298.524590502
51.7,74.4407422195669,0,-3,0,25,-25,81.5501324474706,-74.4407422195669,25,25,surface_ship_transition,0.1,0.182574185835055,0,0.5,251295.40625,1.15871390664585,1.25124239922985,0.747999299964681,0.689516504789481,3.09947281066518,251298.505722811
51.8,74.7837871145879,0,-3,0,25,-25,81.8633911782306,-74.7837871145879,25,25,surface_ship_transition,0.1,0.182574185835055,0,0.5,251295.40625,1.14838158203653,1.24264423065015,0.743319956122753,0.689658012610971,3.08068382529765,251298.486933825
51.9,75.1268320096089,0,-3,0,25,-25,82.1768877957787,-75.1268320096089,25,25,surface_ship_transition,0.1,0.182574185835055,0,0.5,251295.40625,1.13814337274941,1.23410187355134,0.738671761207967,0.689730233353725,3.06197547965447,251298.46822548
52,75.46987690463,0,-3,0,25,-25,82.4906195879265,-75.46987690463,25,25,surface_ship_transition,0.1,0.182574185835055,0,0.5,251295.40625,1.12799891306372,1.22561558011483,0.734054739954493,0.689735109068933,3.04334960224749,251298.449599602
52.1,75.812921799651,0,-3,0,25,-25,82.8045838815703,-75.812921799651,25,25,surface_ship_transition,0.1,0.182574185835055,0,0.5,251295.40625,1.1179478122971,1.21718557088175,0.729468904593229,0.689674536838626,3.02480792001747,251298.43105792
52.2,76.1559666946721,0,-3,0,25,-25,83.1187780420285,-76.1559666946721,25,25,surface_ship_transition,0.1,0.182574185835055,0,0.5,251295.40625,1.10798965625012,1.20881203611381,0.724914255447815,0.689550369668591,3.00635206203252,251298.412602062
52.3,76.4990115896931,0,-3,0,25,-25,83.4331994723923,-76.4990115896931,25,25,surface_ship_transition,0.1,0.182574185835055,0,0.5,251295.40625,1.09812400859021,1.20049513710376,0.720390781506404,0.689364417369815,2.98798356306379,251298.394233563
52.4,76.8420564847141,0,-3,0,25,-25,83.7478456128872,-76.8420564847141,25,25,surface_ship_transition,0.1,0.182574185835055,0,0.5,251295.40625,1.08835041217701,1.19223500743722,0.715898460970152,0.689118447428291,2.96970386704252,251298.375953867
52.5,77.1851013797352,0,-3,0,25,-25,84.0627139402482,-77.1851013797352,25,25,surface_ship_transition,0.1,0.182574185835055,0,0.5,251295.40625,1.07866839033155,1.18403175420753,0.711437261779344,0.688814185862995,2.95151433040208,251298.35776433
52.6,77.5281462747562,0,-3,0,25,-25,84.3778019671051,-77.5281462747562,25,25,surface_ship_transition,0.1,0.182574185835055,0,0.5,251295.40625,1.06907744805145,1.1758854591854,0.707007142118058,0.688453318071922,2.93341622530877,251298.339666225
52.7,77.8711911697773,0,-3,0,25,-25,84.6931072413806,-77.8711911697773,25,25,surface_ship_transition,0.1,0.182574185835055,0,0.5,251295.40625,1.05957707317406,1.16779617994481,0.70260805089821,0.688037489666036,2.91541074278491,251298.321660743
52.8,78.2142360647983,0,-3,0,25,-25,85.0086273456994,-78.2142360647983,25,25,surface_ship_transition,0.1,0.182574185835055,0,0.5,251295.40625,1.05016673748971,1.15976395094693,0.698239928223802,0.687568307291039,2.89749899572768,251298.303748996
52.9,78.5572809598194,0,-3,0,25,-25,85.3243598968079,-78.5572809598194,25,25,surface_ship_transition,0.1,0.182574185835055,0,0.5,251295.40625,1.04084589780691,1.15178878458323,0.693902705836161,0.687047339436885,2.87968202182703,251298.285932022
53,78.9003258548404,0,-3,0,25,-25,85.6403025450051,-78.9003258548404,25,25,surface_ship_transition,0.1,0.182574185835055,0,0.5,251295.40625,1.03161399697137,1.14387067217961,0.689596307540913,0.686476117234974,2.86196078638596,251298.268210786
53.1,79.2433707498615,0,-3,0,25,-25,85.9564529735842,-79.2433707498615,25,25,surface_ship_transition,0.1,0.182574185835055,0,0.5,251295.40625,1.02247046484073,1.13600958496258,0.685320649617439,0.685856135242975,2.84433618504628,251298.250586185
53.2,79.5864156448825,0,-3,0,25,-25,86.272808898285,-79.5864156448825,25,25,surface_ship_transition,0.1,0.182574185835055,0,0.5,251295.40625,1.01341471921652,1.12820547498912,0.681075641211477,0.68518885221725,2.82680904642289,251298.233059046
53.3,79.9294605399035,0,-3,0,25,-25,86.5893680667552,-79.9294605399035,25,25,surface_ship_transition,0.1,0.182574185835055,0,0.5,251295.40625,1.00444616673532,1.12045827604131,0.676861184711569,0.684475691872863,2.80938013464949,251298.215630135
53.4,80.2725054349246,0,-3,0,25,-25,86.9061282580233,-80.2725054349246,25,25,surface_ship_transition,0.1,0.182574185835055,0,0.5,251295.40625,0.995564203720368,1.11276790448716,0.672677176109972,0.683718043631178,2.79205015183871,251298.198300152
53.5,80.6155503299456,0,-3,0,25,-25,87.2230872819806,-80.6155503299456,25,25,surface_ship_transition,0.1,0.182574185835055,0,0.5,251295.40625,0.98676821699551,1.10513426010872,0.668523505348657,0.682917263355051,2.77481974045928,251298.18106974
53.6,80.9585952249667,0,-3,0,25,-25,87.5402429788723,-80.9585952249667,25,25,surface_ship_transition,0.1,0.182574185835055,0,0.5,251295.40625,0.978057584662697,1.09755722689867,0.664400056650996,0.682074674071641,2.75768948563301,251298.163939486
53.7,81.3016401199878,0,-3,0,25,-25,87.8575932187993,-81.3016401199878,25,25,surface_ship_transition,0.1,0.182574185835055,0,0.5,251295.40625,0.969431676844641,1.09003667382659,0.66030670883968,0.68119156668289,2.74065991735412,251298.146909917
53.8,81.6446850150088,0,-3,0,25,-25,88.1751359012278,-81.6446850150088,25,25,surface_ship_transition,0.1,0.182574185835055,0,0.5,251295.40625,0.96088985639393,1.0825724555759,0.656243335641443,0.68026920066369,2.72373151263352,251298.129981513
53.9,81.9877299100298,0,-3,0,25,-25,88.4928689545095,-81.9877299100298,25,25,surface_ship_transition,0.1,0.182574185835055,0,0.5,251295.40625,0.952431479569941,1.0751644132526,0.652209805979092,0.679308804747829,2.70690469757037,251298.113154698
54,82.3307748050509,0,-3,0,25,-25,88.8107903354091,-82.3307748050509,25,25,surface_ship_transition,0.1,0.182574185835055,0,0.5,251295.40625,0.944055896684854,1.06781237506675,0.648205984251356,0.678311577601753,2.69017984935336,251298.096429849
54.1,82.6738197000719,0,-3,0,25,-25,89.1288980286417,-82.6738197000719,25,25,surface_ship_transition,0.1,0.182574185835055,0,0.5,251295.40625,0.935762452719955,1.06051615698779,0.644231730601039,0.677278688486237,2.67355729819398,251298.079807298
54.2,83.016864595093,0,-3,0,25,-25,89.4471900464179,-83.016864595093,25,25,surface_ship_transition,0.1,0.182574185835055,0,0.5,251295.40625,0.927550487913457,1.05327556337446,0.64028690117193,0.676211277906037,2.65703732919395,251298.063287329
54.3,83.359909490114,0,-3,0,25,-25,89.7656644279983,-83.359909490114,25,25,surface_ship_transition,0.1,0.182574185835055,0,0.5,251295.40625,0.919419338320937,1.04609038758043,0.636371348354927,0.675110458247624,2.64062018414899,251298.046870184
54.4,83.7029543851351,0,-3,0,25,-25,90.084319239255,-83.7029543851351,25,25,surface_ship_transition,0.1,0.182574185835055,0,0.5,251295.40625,0.911368336349524,1.03896041253639,0.632484921023792,0.673977314405088,2.624306063291,251298.030556063
54.5,84.0459992801561,0,-3,0,25,-25,90.4031525722417,-84.0459992801561,25,25,surface_ship_transition,0.1,0.182574185835055,0,0.5,251295.40625,0.90339681126686,1.0318854113095,0.628627464760956,0.672812904394328,2.60809512697068,251298.014345127
54.6,84.3890441751772,0,-3,0,25,-25,90.7221625447718,-84.3890441751772,25,25,surface_ship_transition,0.1,0.182574185835055,0,0.5,251295.40625,0.895504089685873,1.02486514764098,0.624798822073763,0.671618259955612,2.59198749728247,251297.998237497
54.7,84.7320890701982,0,-3,0,25,-25,91.0413473000043,-84.7320890701982,25,25,surface_ship_transition,0.1,0.182574185835055,0,0.5,251295.40625,0.887689496026318,1.01789937646274,0.62099883260153,0.670394387144662,2.57598325963372,251297.98223326
54.8,85.0751339652192,0,-3,0,25,-25,91.3607050060364,-85.0751339652192,25,25,surface_ship_transition,0.1,0.182574185835055,0,0.5,251295.40625,0.879952352954049,1.0109878443936,0.617227333313796,0.669142266912343,2.56008246425999,251297.966332464
54.9,85.4181788602403,0,-3,0,25,-25,91.6802338555045,-85.4181788602403,25,25,surface_ship_transition,0.1,0.182574185835055,0,0.5,251295.40625,0.872291981798898,1.00413029021611,0.613484158700097,0.667862855673119,2.54428512768813,251297.950535128
55,85.7612237552613,0,-3,0,25,-25,91.9999320651923,-85.7612237552613,25,25,surface_ship_transition,0.1,0.182574185835055,0,0.5,251295.40625,0.864707702952062,0.997326445334447,0.609769140951611,0.666557085862361,2.52859123414887,251297.934841234
55.1,86.1042686502824,0,-3,0,25,-25,92.3197978756453,-86.1042686502824,25,25,surface_ship_transition,0.1,0.182574185835055,0,0.5,251295.40625,0.857198836243805,0.990576034214191,0.606082110134992,0.665225866482683,2.51300073694068,251297.919250737
55.2,86.4473135453034,0,-3,0,25,-25,92.6398295507931,-86.4473135453034,25,25,surface_ship_transition,0.1,0.182574185835055,0,0.5,251295.40625,0.849764701302286,0.983878774804618,0.602422894358701,0.663870083639411,2.49751355974631,251297.90376356
55.3,86.7903584403245,0,-3,0,25,-25,92.9600253775783,-86.7903584403245,25,25,surface_ship_transition,0.1,0.182574185835055,0,0.5,251295.40625,0.842404617894313,0.977234378944147,0.598791319932138,0.662490601065337,2.4821295979038,251297.888379598
55.4,87.1334033353455,0,-3,0,25,-25,93.2803836655918,-87.1334033353455,25,25,surface_ship_transition,0.1,0.182574185835055,0,0.5,251295.40625,0.835117906248714,0.970642552749543,0.595187211517849,0.661088260634894,2.46684871963315,251297.87309872
55.5,87.4764482303666,0,-3,0,25,-25,93.600902746715,-87.4764482303666,25,25,surface_ship_transition,0.1,0.182574185835055,0,0.5,251295.40625,0.827903887363101,0.964102996989489,0.591610392277096,0.659663882867895,2.45167076722049,251297.857920767
55.6,87.8194931253876,0,-3,0,25,-25,93.9215809747685,-87.8194931253876,25,25,surface_ship_transition,0.1,0.182574185835055,0,0.5,251295.40625,0.820761883294662,0.957615407443084,0.588060684009041,0.658218267422988,2.43659555816073,251297.842845558
55.7,88.1625380204086,0,-3,0,25,-25,94.2424167251668,-88.1625380204086,25,25,surface_ship_transition,0.1,0.182574185835055,0,0.5,251295.40625,0.813691217435668,0.951179475243822,0.584537907283808,0.65675219358096,2.42162288626045,251297.827872886
55.8,88.5055829154297,0,-3,0,25,-25,94.5634083945793,-88.5055829154297,25,25,surface_ship_transition,0.1,0.182574185835055,0,0.5,251295.40625,0.806691214774333,0.944794887209595,0.581041881569654,0.65526642071805,2.40675252270198,251297.813002523
55.9,88.8486278104507,0,-3,0,25,-25,94.8845544005978,-88.8486278104507,25,25,surface_ship_transition,0.1,0.182574185835055,0,0.5,251295.40625,0.799761202141625,0.93846132615921,0.577572425354494,0.653761688769417,2.39198421707025,251297.798234217
56,89.1916727054718,0,-3,0,25,-25,95.205853181409,-89.1916727054718,25,25,surface_ship_transition,0.1,0.182574185835055,0,0.5,251295.40625,0.792900508444617,0.932178471215945,0.574129356262004,0.652238718682911,2.37731769834347,251297.783567698
56.1,89.5347176004928,0,-3,0,25,-25,95.5273031954739,-89.5347176004928,25,25,surface_ship_transition,0.1,0.182574185835055,0,0.5,251295.40625,0.786108464886955,0.925945998098592,0.570712491162502,0.650698212863299,2.36275267584884,251297.769002676
56.2,89.8777624955139,0,-3,0,25,-25,95.8489029212124,-89.8777624955139,25,25,surface_ship_transition,0.1,0.182574185835055,0,0.5,251295.40625,0.779384405176963,0.919763579400466,0.567321646278838,0.649140855607091,2.34828884018452,251297.75453884
56.3,90.2208073905349,0,-3,0,25,-25,96.1706508566933,-90.2208073905349,25,25,surface_ship_transition,0.1,0.182574185835055,0,0.5,251295.40625,0.772727665723934,0.913630884856824,0.563956637287474,0.647567313528144,2.3339258641089,251297.740175864
56.4,90.563852285556,0,-3,0,25,-25,96.4925455193301,-90.563852285556,25,25,surface_ship_transition,0.1,0.182574185835055,0,0.5,251295.40625,0.766137585823076,0.907547581601099,0.56061727941495,0.64597823597414,2.31966340339832,251297.725913403
56.5,90.906897180577,0,-3,0,25,-25,96.8145854455825,-90.906897180577,25,25,surface_ship_transition,0.1,0.182574185835055,0,0.5,251295.40625,0.759613507829625,0.901513334410404,0.557303387529923,0.644374255434162,2.30550109767419,251297.711751098
56.6,91.2499420755981,0,-3,0,25,-25,97.1367691906623,-91.2499420755981,25,25,surface_ship_transition,0.1,0.182574185835055,0,0.5,251295.40625,0.753154777322569,0.895527805940655,0.554014776230957,0.642755987937456,2.29143857120068,251297.697688571
56.7,91.5929869706191,0,-3,0,25,-25,97.4590953282453,-91.5929869706191,25,25,surface_ship_transition,0.1,0.182574185835055,0,0.5,251295.40625,0.746760743258426,0.889590656951741,0.55075125993022,0.641124033443567,2.27747543365374,251297.683725434
56.8,91.9360318656401,0,-3,0,25,-25,97.7815624501879,-91.9360318656401,25,25,surface_ship_transition,0.1,0.182574185835055,0,0.5,251295.40625,0.740430758115517,0.883701546523075,0.547512652933275,0.639478976223987,2.26361128086258,251297.669861281
56.9,92.2790767606612,0,-3,0,25,-25,98.104169166249,-92.2790767606612,25,25,surface_ship_transition,0.1,0.182574185835055,0,0.5,251295.40625,0.734164178029127,0.877860132259909,0.544298769515093,0.637821385235459,2.2498456955245,251297.656095696
57,92.6221216556822,0,-3,0,25,-25,98.4269141038161,-92.6221216556822,25,25,surface_ship_transition,0.1,0.182574185835055,0,0.5,251295.40625,0.727960362917971,0.872066070490745,0.54110942399247,0.636151814485101,2.23617824789382,251297.642428248
57.1,92.9651665507033,0,-3,0,25,-25,98.7497959076372,-92.9651665507033,25,25,surface_ship_transition,0.1,0.182574185835055,0,0.5,251295.40625,0.721818676602308,0.866319016456174,0.537944430792957,0.634470803387486,2.22260849644597,251297.628858496
57.2,93.3082114457243,0,-3,0,25,-25,99.0728132395563,-93.3082114457243,25,25,surface_ship_transition,0.1,0.182574185835055,0,0.5,251295.40625,0.715738486914108,0.860618624489462,0.534803604520481,0.632778877113824,2.20913598851739,251297.615385989
57.3,93.6512563407454,0,-3,0,25,-25,99.3959647782545,-93.6512563407454,25,25,surface_ship_transition,0.1,0.182574185835055,0,0.5,251295.40625,0.709719165799586,0.854964548189204,0.531686760017754,0.631076546933404,2.19576026092219,251297.602010261
57.4,93.9943012357664,0,-3,0,25,-25,99.7192492189948,-93.9943012357664,25,25,surface_ship_transition,0.1,0.182574185835055,0,0.5,251295.40625,0.703760089414463,0.849356440584317,0.528593712425626,0.629364310547427,2.18248084054621,251297.588730841
57.5,94.3373461307875,0,-3,0,25,-25,100.042665273372,-94.3373461307875,25,25,surface_ship_transition,0.1,0.182574185835055,0,0.5,251295.40625,0.697860638212256,0.843793954291695,0.52552427723949,0.62764265241538,2.16929724491933,251297.575547245
57.6,94.6803910258085,0,-3,0,25,-25,100.366211669067,-94.6803910258085,25,25,surface_ship_transition,0.1,0.182574185835055,0,0.5,251295.40625,0.692020197025931,0.838276741666763,0.522478270362861,0.625912044074092,2.15620898276679,251297.562458983
57.7,95.0234359208296,0,-3,0,25,-25,100.689887149604,-95.0234359208296,25,25,surface_ship_transition,0.1,0.182574185835055,0,0.5,251295.40625,0.686238155143182,0.832804454947227,0.51945550815825,0.624172944449619,2.14321555454003,251297.549465555
57.8,95.3664808158506,0,-3,0,25,-25,101.013690474113,-95.3664808158506,25,25,surface_ship_transition,0.1,0.182574185835055,0,0.5,251295.40625,0.680513906375655,0.827376746390265,0.516455807495427,0.622425800162082,2.130316452928,251297.536566453
57.9,95.7095257108716,0,-3,0,25,-25,101.337620417099,-95.7095257108716,25,25,surface_ship_transition,0.1,0.182574185835055,0,0.5,251295.40625,0.674846849122369,0.821993268403398,0.513478985797198,0.620671045823603,2.11751116334937,251297.523761163
58,96.0525706058927,0,-3,0,25,-25,101.661675768207,-96.0525706058927,25,25,surface_ship_transition,0.1,0.182574185835055,0,0.5,251295.40625,0.66923638642761,0.816653673669304,0.510524861082781,0.618909104329494,2.10479916442641,251297.511049164
58.1,96.3956155009137,0,-3,0,25,-25,101.985855332002,-96.3956155009137,25,25,surface_ship_transition,0.1,0.182574185835055,0,0.5,251295.40625,0.66368192603353,0.811357615264773,0.507593252008886,0.617140387142793,2.0921799284411,251297.498429928
58.2,96.7386603959348,0,-3,0,25,-25,102.310157927744,-96.7386603959348,25,25,surface_ship_transition,0.1,0.182574185835055,0,0.5,251295.40625,0.658182880427725,0.806104746774056,0.50468397790859,0.61536529457232,2.0796529217741,251297.485902922
58.3,97.0817052909558,0,-3,0,25,-25,102.634582389173,-97.0817052909558,25,25,surface_ship_transition,0.1,0.182574185835055,0,0.5,251295.40625,0.652738666885992,0.800894722396797,0.501796858828097,0.613584216044356,2.06721760532715,251297.473467605
58.4,97.4247501859769,0,-3,0,25,-25,102.959127564291,-97.4247501859769,25,25,surface_ship_transition,0.1,0.182574185835055,0,0.5,251295.40625,0.647348707510509,0.795727197050768,0.498931715561473,0.611797530368092,2.05487343492937,251297.461123435
58.5,97.7677950809979,0,-3,0,25,-25,103.283792315155,-97.7677950809979,25,25,surface_ship_transition,0.1,0.182574185835055,0,0.5,251295.40625,0.642012429263643,0.790601826469608,0.496088369683433,0.610005605994964,2.04261986172822,251297.448869862
58.6,98.110839976019,0,-3,0,25,-25,103.608575517667,-98.110839976019,25,25,surface_ship_transition,0.1,0.182574185835055,0,0.5,251295.40625,0.636729263997597,0.785518267295741,0.493266643580264,0.608208801272009,2.03045633256535,251297.436706333
58.7,98.45388487104,0,-3,0,25,-25,103.933476061373,-98.45388487104,25,25,surface_ship_transition,0.1,0.182574185835055,0,0.5,251295.40625,0.631498648480083,0.780476177168673,0.490466360478956,0.606407464689354,2.01838229033811,251297.42463229
58.8,98.7969297660611,0,-3,0,25,-25,104.258492849264,-98.7969297660611,25,25,surface_ship_transition,0.1,0.182574185835055,0,0.5,251295.40625,0.626320024416223,0.775475214808849,0.487687344474626,0.604601935121977,2.00639717434705,251297.412647174
58.9,99.1399746610821,0,-3,0,25,-25,104.583624797575,-99.1399746610821,25,25,surface_ship_transition,0.1,0.182574185835055,0,0.5,251295.40625,0.621192838466851,0.770515040097215,0.484929420556286,0.602792542065837,1.9945004206299,251297.400750421
59,99.4830195561031,0,-3,0,25,-25,104.908870835597,-99.4830195561031,25,25,surface_ship_transition,0.1,0.182574185835055,0,0.5,251295.40625,0.616116542263392,0.765595314150687,0.482192414631047,0.600979605868522,1.9826914622826,251297.388941462
59.1,99.8260644511242,0,-3,0,25,-25,105.234229905483,-99.8260644511242,25,25,surface_ship_transition,0.1,0.182574185835055,0,0.5,251295.40625,0.611090592419484,0.760715699393658,0.479476153546801,0.5991634379545,1.97096972976764,251297.37721973
59.2,100.169109346145,0,-3,0,25,-25,105.559700962062,-100.169109346145,25,25,surface_ship_transition,0.1,0.182574185835055,0,0.5,251295.40625,0.606114450539507,0.75587585962571,0.476780465113467,0.59734434104511,1.95933465121033,251297.365584651
59.3,100.512154241166,0,-3,0,25,-25,105.885282972659,-100.512154241166,25,25,surface_ship_transition,0.1,0.182574185835055,0,0.5,251295.40625,0.601187583224166,0.751075460085674,0.474105178122839,0.59552260937339,1.94778565268323,251297.354035653
59.4,100.855199136187,0,-3,0,25,-25,106.210974916908,-100.855199136187,25,25,surface_ship_transition,0.1,0.182574185835055,0,0.5,251295.40625,0.596309462073278,0.74631416751218,0.471450122367109,0.593698528893873,1.93632215847933,251297.342572158
59.5,101.198244031208,0,-3,0,25,-25,106.53677578658,-101.198244031208,25,25,surface_ship_transition,0.1,0.182574185835055,0,0.5,251295.40625,0.591479563685913,0.741591650200841,0.468815128656119,0.591872377487439,1.92494359137419,251297.331193591
59.6,101.541288926229,0,-3,0,25,-25,106.862684585406,-101.541288926229,25,25,surface_ship_transition,0.1,0.182574185835055,0,0.5,251295.40625,0.586697369658004,0.736907578058196,0.466200028833387,0.590044425161336,1.91364937287754,251297.319899373
59.7,101.88433382125,0,-3,0,25,-25,107.188700328906,-101.88433382125,25,25,surface_ship_transition,0.1,0.182574185835055,0,0.5,251295.40625,0.581962366577579,0.732261622652538,0.463604655790974,0.58821493424449,1.90243892347461,251297.308688923
59.8,102.227378716271,0,-3,0,25,-25,107.514822044219,-102.227378716271,25,25,surface_ship_transition,0.1,0.182574185835055,0,0.5,251295.40625,0.577274046017718,0.727653457261767,0.461028843483221,0.586384159578184,1.89131166285767,251297.297561663
59.9,102.570423611293,0,-3,0,25,-25,107.841048769937,-102.570423611293,25,25,surface_ship_transition,0.1,0.182574185835055,0,0.5,251295.40625,0.572631904527375,0.723082756918352,0.458472426939425,0.584552348702228,1.88026701014795,251297.28651701
60,102.913468506314,0,-3,0,25,-25,108.167379555946,-102.913468506314,25,25,surface_ship_transition,0.1,0.182574185835055,0,0.5,251295.40625,0.568035443620157,0.718549198451565,0.455935242275484,0.582719742036702,1.86930438410842,251297.275554384
